hip,ra_deg,dec_deg,v_mag,b_v
25,0.07956353,-44.29056147,6.28,0.763
34,0.09958476,26.91810825,6.43,0.514
43,0.12870233,59.55967936,6.18,1.032
50,0.14308505,-53.09771264,6.49,0.616
63,0.18180951,45.25333358,6.36,-0.047
88,0.26909344,-48.80987560,5.71,0.911
106,0.33021487,49.98155781,6.22,0.970
107,0.33383021,-50.33737333,5.53,1.615
122,0.39876554,-77.06572447,4.78,1.254
124,0.40423123,61.22280080,5.58,0.407
128,0.41441548,73.61184660,6.50,0.182
137,0.43270606,42.36714391,6.25,-0.042
145,0.45603512,-3.02750382,5.13,-0.128
154,0.49007900,-6.01407212,4.37,1.631
171,0.54231321,27.08225603,5.80,0.690
183,0.58300278,-29.72041402,5.04,-0.150
186,0.60069578,8.95682361,6.33,0.182
194,0.62375948,8.48546309,5.70,0.315
207,0.65036241,66.09896618,5.87,1.073
238,0.73953381,-20.04588213,6.25,0.526
253,0.78273045,-24.14514551,6.46,1.176
274,0.85713616,63.64051986,6.24,0.332
301,0.93495762,-17.33598771,4.55,-0.047
302,0.96516239,66.71218292,6.31,1.629
330,1.05692695,62.28766370,5.90,0.274
343,1.08247517,-16.52903618,5.78,1.084
345,1.08465585,-29.26882170,6.38,0.006
355,1.12549376,-10.50952331,4.99,1.619
365,1.15244468,42.09253054,6.11,0.159
377,1.17211746,-71.43689145,5.59,-0.100
379,1.17492163,67.16644546,5.68,1.051
394,1.22400057,34.65979682,6.09,0.632
399,1.23333543,26.64876429,6.25,1.368
410,1.25495522,27.67478382,6.47,0.946
417,1.26592816,-0.50303549,6.32,1.099
418,1.27562467,61.31397012,5.80,-0.067
443,1.33392048,-5.70761820,4.61,1.029
476,1.42483879,13.39626645,5.55,0.901
518,1.56589255,58.43673285,5.98,0.687
522,1.57989765,-49.07519111,5.70,0.519
531,1.61058271,64.19616861,5.57,-0.023
544,1.65326652,29.02150171,6.07,0.752
560,1.70869275,-23.10753988,6.19,0.386
602,1.82611113,-17.38698966,6.20,0.133
635,1.93380486,-2.54867948,6.43,-0.146
636,1.94541637,-22.50855978,5.93,0.141
655,2.01453070,-33.52932605,5.67,1.119
664,2.05040062,-2.44771079,6.18,1.366
671,2.07305222,-8.82411211,5.99,1.034
677,2.09691071,29.09043199,2.07,-0.038
695,2.13689902,63.20404041,6.41,0.998
696,2.13957031,-17.57815508,6.11,1.664
699,2.17057570,36.62712509,6.21,0.504
716,2.21723556,25.46298481,6.24,0.976
728,2.25067139,28.24754279,6.47,0.242
729,2.26010290,18.21196314,5.57,1.043
730,2.25997397,-54.00193122,6.32,0.738
746,2.29452113,59.14977960,2.28,0.380
760,2.33406550,79.71454544,6.01,0.203
761,2.33778595,-27.98792818,5.42,0.414
765,2.35267495,-45.74742618,3.88,1.013
798,2.46715583,-62.29679433,6.34,0.164
813,2.50917617,11.14581307,5.54,-0.064
814,2.50906524,-82.22404699,5.29,1.049
840,2.57862406,-5.24858764,5.84,0.973
841,2.58019098,46.07227168,5.01,0.405
873,2.67847777,-12.57989671,5.84,1.000
910,2.81607181,-15.46797744,4.89,0.487
930,2.89341697,-27.79973666,5.41,1.346
950,2.93336928,-35.13311958,5.24,0.459
967,2.99618790,48.15239646,6.18,1.467
983,3.04160825,-17.93827767,5.29,1.478
1009,3.14235425,44.70719512,6.50,1.112
1067,3.30897012,15.18359590,2.83,-0.190
1074,3.33175776,-84.99397839,5.78,1.710
1076,3.34967881,26.98754547,6.24,0.680
1086,3.37850157,41.03536964,5.71,0.331
1096,3.42602016,-26.02234535,5.94,1.548
1099,3.43490610,-26.28495899,6.14,1.490
1123,3.50950466,33.20603919,6.22,0.009
1158,3.61511753,-7.78053210,5.13,1.601
1168,3.65068528,20.20670177,4.79,1.572
1170,3.66006652,-18.93286561,4.44,1.640
1191,3.72714477,-9.56957107,5.77,-0.084
1193,3.73291262,22.28422511,6.25,-0.004
1195,3.74275886,-34.90422288,6.17,1.344
1196,3.74516393,8.82096213,6.02,0.312
1208,3.77895988,31.53572466,6.34,1.555
1215,3.79401779,27.28343979,6.35,-0.002
1268,3.97872374,-75.91161530,6.49,0.983
1269,3.97852674,61.00017237,6.43,0.838
1288,4.03694261,-31.44639410,5.66,1.350
1296,4.05806563,76.95075506,6.35,-0.044
1302,4.08970517,43.59504921,6.12,0.068
1319,4.14183649,8.24015427,6.12,0.919
1331,4.17643017,-20.21006086,6.50,-0.108
1354,4.23768117,61.53318556,5.74,0.898
1366,4.27290947,38.68163564,4.61,0.059
1372,4.28768216,47.94740530,5.86,-0.079
1402,4.38626266,-19.05109159,6.46,0.386
1415,4.42942381,51.43309028,6.11,-0.151
1421,4.44874114,1.68872709,6.19,0.937
1465,4.57185740,11.20621385,6.07,1.036
1473,4.58190370,36.78522405,4.51,0.054
1493,4.65940621,31.51722681,5.88,-0.014
1499,4.67444862,-8.05300142,6.47,0.674
1501,4.67570361,43.79114120,6.10,-0.074
1502,4.67734231,-43.23557065,6.33,1.210
1562,4.85697730,-8.82392145,3.56,1.214
1575,4.92316566,40.72946069,6.35,1.179
1599,5.01775052,-64.87479041,4.23,0.576
1630,5.10167651,30.93561358,5.89,-0.098
1639,5.12887060,48.96863284,6.46,0.564
1645,5.14942330,8.19027134,5.38,1.343
1647,5.16265059,-69.62491310,5.50,-0.046
1657,5.18965919,32.91118651,5.79,1.595
1686,5.28028766,37.96860317,5.16,0.442
1706,5.36992048,-77.42687264,5.96,1.397
1708,5.37999249,-28.98146883,5.18,1.006
1728,5.44280716,-20.05802357,5.61,1.580
1772,5.60618151,13.48248843,6.25,1.225
1803,5.71578446,-12.20943813,6.39,0.659
1821,5.76832494,-15.94255628,6.43,1.595
1921,6.06523854,52.01991398,5.58,-0.110
1939,6.12353807,-2.21906450,6.08,1.216
1948,6.15897939,14.31551416,6.48,1.161
1960,6.19793946,61.83105752,5.38,0.008
1982,6.27671131,53.04678574,5.72,-0.056
2006,6.35086824,1.93969241,5.77,0.855
2021,6.43780017,-77.25424559,2.82,0.618
2072,6.55084089,-43.67982953,3.93,0.175
2081,6.57104571,-42.30598151,2.40,1.083
2086,6.59063442,-18.69363250,6.24,1.622
2100,6.65589128,-0.04953269,6.16,0.893
2159,6.81128534,-25.54717034,5.99,1.022
2178,6.87945648,16.02548298,6.44,0.230
2210,6.98207670,-33.00716708,4.86,1.634
2213,6.99360814,19.51403887,6.40,0.990
2219,7.01214583,17.89312479,5.01,1.584
2224,7.05293302,16.44506552,6.05,1.580
2225,7.05689073,44.39445199,5.18,0.043
2235,7.08354832,10.18984766,6.05,0.447
2237,7.08790055,-20.33505057,6.44,0.594
2240,7.11050391,-39.91500236,5.42,1.556
2256,7.17969687,-50.53285929,6.26,1.090
2270,7.23609127,36.89969434,6.28,0.916
2337,7.46623887,-14.86410912,6.15,0.388
2353,7.50982453,-3.95733189,5.72,1.545
2355,7.53068761,29.75155669,5.20,0.271
2377,7.58305272,59.97755442,5.94,-0.003
2381,7.59439188,-23.78768034,5.17,0.128
2383,7.60882391,-48.21491040,5.67,0.367
2388,7.61593870,-40.93958587,6.18,0.315
2422,7.72949979,77.01940431,6.18,0.883
2472,7.85408632,-48.80351439,4.76,0.018
2474,7.85512589,66.51961732,6.18,-0.100
2475,7.85683233,33.58164217,5.88,1.133
2484,7.88611087,-62.95821764,4.36,-0.064
2487,7.88945045,-62.96556114,4.53,0.147
2497,7.92148970,52.83952650,5.59,1.163
2505,7.94316214,54.52228873,4.74,-0.098
2548,8.09909149,6.95546321,5.69,-0.014
2568,8.14785798,20.29431643,5.38,1.069
2578,8.18293786,-63.03149984,5.07,0.038
2583,8.20452929,28.28024062,6.26,0.965
2599,8.24996522,62.93178271,4.17,0.130
2611,8.29331086,54.89498495,5.93,1.037
2628,8.33027900,70.98184323,6.41,-0.007
2629,8.34732858,-71.26624641,6.11,0.265
2661,8.42101003,-29.55827820,5.55,1.262
2663,8.43252523,-35.00207835,6.41,0.617
2707,8.60383943,66.75035143,6.47,-0.049
2711,8.61596951,-52.37309006,5.57,0.472
2734,8.73068052,13.37113666,6.39,1.136
2762,8.81199674,-3.59284649,5.20,0.567
2787,8.88680600,-0.50560963,5.94,0.444
2789,8.88891067,-54.82187272,6.04,1.001
2802,8.92156654,-48.00090673,5.51,0.461
2832,8.97833944,13.20706730,6.32,0.517
2846,9.01315183,-14.97303508,6.45,1.063
2852,9.02857220,-22.84233332,6.06,0.297
2854,9.03462681,54.16845015,5.08,-0.098
2876,9.11393972,60.32621461,5.78,0.294
2889,9.15687960,-65.12444559,6.43,1.260
2900,9.19350416,44.48858693,5.14,1.587
2903,9.19713461,15.23172547,5.89,-0.146
2912,9.22020689,33.71934362,4.34,-0.123
2920,9.24285251,53.89690937,3.69,-0.196
2926,9.27995656,24.01413647,6.18,1.170
2937,9.32602545,-54.39381901,6.40,0.995
2941,9.33625274,-24.76726709,5.57,0.715
2942,9.33841421,35.39950145,5.45,0.886
2954,9.37704678,3.13535107,6.43,1.339
3031,9.63894077,29.31175144,4.34,0.871
3056,9.70326150,-25.10781885,6.43,1.482
3083,9.79122542,49.35458862,5.45,1.644
3092,9.83198236,30.86102393,3.27,1.268
3093,9.84085866,21.25047245,5.88,0.850
3132,9.94686367,82.49376241,6.38,0.551
3137,9.96645783,-44.79629257,6.00,1.142
3138,9.98154900,21.43849510,5.36,1.160
3170,10.10695771,-59.45460432,5.89,0.564
3175,10.11909370,-16.51667606,6.49,0.910
3179,10.12683548,56.53733109,2.24,1.170
3185,10.13670406,-23.80487605,6.14,0.718
3193,10.17655087,-4.35184070,5.90,1.091
3231,10.27993550,39.45866407,5.30,0.891
3245,10.33146537,-46.08500681,4.59,0.953
3269,10.40017685,24.62900846,6.06,0.298
3277,10.44332165,-56.50131553,5.72,0.131
3299,10.51425676,66.14759233,5.83,1.042
3300,10.51623134,50.51252576,4.80,-0.105
3330,10.61822148,-65.46803008,5.38,0.515
3334,10.62934357,58.75341065,6.18,-0.004
3352,10.67479109,-60.26280759,5.99,1.318
3356,10.67871585,-38.46348264,6.05,-0.024
3405,10.83849351,-57.46305996,4.36,0.024
3414,10.86695727,47.02454625,4.95,0.170
3419,10.89737940,-17.98660460,2.04,1.019
3436,10.95870021,-12.01181258,6.01,1.107
3455,11.04750551,-10.60955044,4.77,0.998
3456,11.05041376,-38.42168566,5.90,1.144
3478,11.10913203,47.86398376,5.66,-0.113
3489,11.13189083,-62.49759073,6.06,0.446
3504,11.18132380,48.28436410,4.48,-0.069
3505,11.18498226,-22.00613523,5.22,0.350
3521,11.23772103,-42.67655849,5.94,0.297
3527,11.24975308,-53.71489502,6.15,0.524
3544,11.32156044,55.22139572,5.41,0.022
3552,11.35052385,-4.62915989,6.15,1.652
3559,11.36953277,-12.88080960,6.15,0.603
3572,11.41282360,74.98807307,5.64,0.078
3576,11.42378103,-16.42421984,6.47,0.314
3583,11.43997080,-47.55198527,5.80,0.635
3604,11.54505610,44.86149712,6.03,-0.063
3607,11.54897393,-22.52209695,5.49,0.978
3632,11.63732574,15.47550446,5.36,1.559
3641,11.66044163,69.32540848,6.39,0.424
3649,11.67691363,59.57453908,6.41,1.081
3675,11.75607711,11.97384928,5.51,0.987
3685,11.80677889,19.57870241,6.11,0.270
3693,11.83468919,24.26717799,4.08,1.100
3697,11.84846603,6.74095641,5.98,0.941
3717,11.93008447,-18.06133903,5.70,1.300
3721,11.94188855,74.84757295,5.42,-0.066
3741,12.00444392,-21.72249221,5.57,-0.058
3750,12.03807254,72.67448173,5.86,1.010
3760,12.07254207,7.29992806,5.92,1.104
3765,12.09573817,5.28061493,5.74,0.890
3781,12.14757205,-74.92343763,5.09,1.345
3786,12.17060122,7.58507917,4.44,1.500
3801,12.20842239,50.96816767,4.90,-0.091
3807,12.23636576,-46.69764768,6.28,0.897
3810,12.24461788,16.94064377,5.07,0.502
3821,12.27621323,57.81518734,3.46,0.587
3834,12.30811653,-24.13667172,5.90,0.944
3849,12.35673214,-13.56127432,5.59,1.325
3858,12.38929139,-23.36214378,6.27,0.132
3881,12.45353036,41.07891087,4.53,-0.136
3885,12.47152416,27.71028626,5.55,0.398
3903,12.51569613,-43.39492110,6.49,0.286
3909,12.53162924,-10.64432569,5.17,0.514
3919,12.57609908,45.00225763,6.13,0.043
3949,12.67161010,-50.98681565,5.24,0.356
3951,12.68171635,64.24754961,5.35,0.528
3965,12.73914815,51.50803252,6.38,0.307
3988,12.81826239,61.80549368,6.04,1.880
3992,12.82635023,3.38501997,6.39,1.069
4023,12.89078300,51.57142663,6.22,0.032
4104,13.16926991,-24.00584405,5.47,1.275
4147,13.25205960,-1.14426019,4.78,1.550
4151,13.26748600,61.12396986,4.80,0.540
4164,13.30191993,-24.77687583,6.44,0.439
4185,13.36759762,37.41820943,6.07,1.139
4200,13.40780824,-62.87135169,5.73,1.574
4212,13.44833067,52.68929342,6.27,0.191
4257,13.57330376,-8.74066162,6.15,0.911
4267,13.64677843,19.18841742,5.80,-0.016
4283,13.72122324,83.70743556,5.59,0.105
4288,13.74211318,23.62833516,5.46,1.012
4292,13.75065219,58.97269767,4.83,1.216
4293,13.75130243,-69.52708424,5.45,1.095
4298,13.77168101,48.67852014,6.28,1.681
4317,13.81113572,24.55706196,6.19,1.546
4346,13.92666730,-7.34714891,5.88,1.520
4363,13.98140300,-27.77583946,6.11,1.674
4366,13.99378853,27.20938091,6.08,0.133
4371,14.00620874,-11.26652632,5.35,1.505
4382,14.03800455,13.95196051,6.46,0.962
4383,14.05405338,57.99655716,6.20,1.376
4422,14.16627130,59.18105564,4.62,0.957
4427,14.17721554,60.71674038,2.15,-0.046
4436,14.18838148,38.49934462,3.86,0.130
4440,14.19572198,60.36283610,5.56,-0.054
4446,14.22977595,68.77565695,6.39,0.375
4463,14.30166657,23.41764802,4.40,0.940
4475,14.33169087,61.42189540,6.44,0.940
4501,14.41518873,45.83937883,6.10,1.028
4510,14.45896617,28.99221671,5.44,1.076
4520,14.47713233,13.69586509,6.30,0.895
4552,14.55924644,33.95088455,5.99,1.000
4558,14.57871664,21.40449484,6.47,0.089
4563,14.59261908,-60.69623899,6.23,0.096
4572,14.62942551,66.35179335,5.97,-0.008
4577,14.65150376,-29.35744905,4.30,-0.154
4587,14.68278241,-11.37997546,5.62,0.949
4655,14.95702752,6.48322520,6.14,1.654
4675,15.01483029,44.71324291,5.69,-0.010
4709,15.12918650,70.98298844,6.40,0.135
4770,15.32614858,-38.91652735,5.59,1.185
4786,15.36268397,49.54422003,6.48,1.099
4801,15.41101980,-16.26557320,6.47,1.184
4829,15.50758668,-57.00238911,6.12,0.935
4844,15.57693735,51.03493798,6.48,0.122
4852,15.61013832,-31.55200512,5.50,0.083
4879,15.67877774,-65.45610182,6.25,1.634
4889,15.70457184,31.80426290,5.50,-0.043
4890,15.70495781,-46.39731137,5.39,0.900
4903,15.72609450,41.34515741,5.95,0.161
4906,15.73586845,7.89013546,4.27,0.952
4911,15.75644601,47.37615789,6.46,0.248
4914,15.76056716,-4.83660060,5.40,1.106
4932,15.82373101,-29.52584808,6.28,0.932
4962,15.90419046,61.07482263,5.92,0.512
4979,15.95428389,1.36684626,6.06,0.271
4998,16.00995611,52.50216085,5.99,1.447
5021,16.08104573,61.58018388,5.83,0.569
5034,16.11511217,29.65880635,6.20,0.443
5042,16.13573840,-33.53284519,6.44,1.071
5074,16.21932253,5.65626169,6.03,1.525
5081,16.27231523,14.94613348,5.64,0.420
5121,16.40367757,-9.97932270,6.09,1.012
5131,16.42064722,21.47318139,5.33,0.003
5132,16.42379923,21.46544248,5.55,-0.048
5141,16.45512117,4.90837207,6.35,0.383
5164,16.52145155,-9.83935413,5.58,0.009
5165,16.52102840,-46.71841361,3.32,0.885
5170,16.53209824,-23.99245070,6.12,1.076
5175,16.54667055,32.18148534,6.28,1.308
5204,16.64011159,12.95603948,6.14,0.962
5240,16.75072472,56.93497242,6.41,1.188
5251,16.78940869,53.49818511,6.31,1.499
5259,16.80384694,-23.99633362,6.36,0.238
5268,16.82776521,-61.77528929,5.36,0.884
5296,16.94253562,-9.78555038,5.71,0.446
5300,16.94938882,-41.48691608,5.21,0.159
5310,16.98818032,20.73911258,5.56,0.121
5315,16.99860045,1.99304185,6.44,0.847
5317,17.00353724,43.94209203,5.04,0.109
5319,17.00560185,32.01212987,6.23,0.398
5336,17.06830755,54.92033969,5.17,0.704
5346,17.09249309,5.64981907,5.51,0.334
5348,17.09617396,-55.24576016,3.94,-0.120
5361,17.13944471,58.26344926,5.77,-0.019
5364,17.14746490,-10.18226422,3.46,1.161
5372,17.18698865,86.25709041,4.24,1.213
5412,17.30078662,80.01157941,6.24,0.922
5434,17.37552272,47.24179245,4.26,0.012
5447,17.43301493,35.62055770,2.07,1.576
5454,17.45500808,19.65840810,5.57,0.697
5477,17.53072382,-57.69441869,6.41,0.888
5483,17.54767187,15.67391168,6.07,1.535
5485,17.54977946,-8.90613526,6.40,1.029
5493,17.57808507,42.08147491,5.67,0.603
5494,17.58104718,25.45776341,5.81,1.466
5510,17.63980105,2.44566968,5.97,1.491
5518,17.66384307,68.77862080,5.32,-0.014
5542,17.77567508,55.14990064,4.34,0.170
5544,17.77819712,31.42473633,5.15,0.261
5550,17.79282306,37.72412122,5.80,-0.095
5566,17.85654762,64.20267697,5.56,-0.052
5571,17.86341750,21.03465004,4.66,1.024
5575,17.87071779,10.29190822,6.49,0.891
5586,17.91515340,30.08963821,4.51,1.092
5589,17.92250739,65.01885377,5.57,-0.072
5594,17.93128664,-2.25107885,5.93,1.403
5626,18.07008876,79.67396298,5.60,0.008
5650,18.14200550,45.33753089,6.13,1.652
5661,18.18930355,-37.85647867,5.95,0.281
5679,18.24780802,30.06422933,6.24,0.980
5688,18.29105485,61.70618828,6.40,0.018
5737,18.43285720,7.57535376,5.21,0.320
5742,18.43727980,24.58371315,4.67,1.047
5743,18.43860703,7.57826124,6.44,0.492
5772,18.52044620,28.52957493,6.33,1.684
5778,18.53179007,16.13347858,5.97,-0.082
5799,18.60016589,-7.92282573,5.14,0.448
5824,18.67663261,6.99513614,6.04,1.081
5833,18.70488336,-0.97379475,5.70,0.428
5862,18.79633762,-45.53166422,4.97,0.571
5896,18.94233654,-68.87592733,4.25,0.480
5926,19.04957827,71.74384251,5.87,2.042
5928,19.05495872,87.14549616,6.20,1.114
5936,19.07884113,33.11472008,6.04,1.163
5947,19.12865668,79.91001284,6.27,0.440
5951,19.15119996,-2.50036823,5.42,0.888
5992,19.26566029,-66.39785419,6.23,0.052
5993,19.27109903,44.90199225,6.11,1.590
6025,19.35046983,31.74461718,6.36,1.132
6061,19.44981588,3.61446601,5.13,0.071
6087,19.54228558,47.41970605,6.29,1.357
6093,19.55784870,57.80316577,6.39,1.589
6140,19.69587212,37.38627482,6.44,0.233
6193,19.86664622,27.26405858,4.74,0.032
6226,19.95123020,-0.50902871,5.87,0.635
6242,20.02048422,58.23161078,4.95,0.683
6261,20.08083765,77.57068243,6.31,0.912
6272,20.11586496,-11.23899945,6.16,1.102
6283,20.14404995,-3.24698981,6.26,1.013
6312,20.27194492,64.65813095,6.33,0.113
6315,20.28072054,28.73820708,5.23,1.396
6378,20.49627386,76.23880425,6.37,0.283
6411,20.58508262,45.52877782,4.87,1.077
6427,20.62700349,-19.08120763,6.35,0.493
6429,20.64512513,-0.44967302,6.50,1.079
6432,20.65397084,1.72633239,6.21,1.482
6486,20.83924370,58.14299378,6.36,0.457
6492,20.85395412,20.46896730,5.97,1.677
6502,20.87898961,-30.94561738,5.84,1.612
6512,20.90614789,34.24588716,6.28,0.829
6514,20.91923378,37.71494260,5.60,0.276
6522,20.94501232,78.72605615,6.07,0.389
6537,21.00585424,-8.18325655,3.60,1.065
6539,21.01057983,-8.00741594,6.21,0.235
6564,21.08542977,-6.91465609,5.92,0.407
6589,21.16638665,-15.66046806,6.17,0.924
6592,21.16994358,-41.49254863,5.42,1.030
6595,21.17464288,-44.52857509,6.26,1.122
6605,21.20283689,-2.84858997,6.17,0.959
6631,21.27211130,-64.36947786,5.92,1.561
6669,21.39865844,23.51151932,6.18,0.447
6670,21.40514554,-14.59879630,4.90,1.231
6685,21.44299695,70.97988747,6.34,-0.011
6686,21.45396795,60.23528317,2.66,0.160
6687,21.46818492,-3.92739073,6.50,1.348
6692,21.48342387,68.13001258,4.72,1.047
6702,21.53660400,34.57970036,6.34,0.500
6706,21.56359189,19.17234565,5.35,0.395
6711,21.57785833,43.45773913,5.98,0.520
6714,21.59831952,20.07080424,6.44,0.947
6717,21.61394786,-0.39903388,6.42,1.241
6732,21.67365999,19.24042201,5.50,1.106
6748,21.71485460,-13.05651201,5.51,0.321
6776,21.77636871,34.37755205,6.27,0.453
6789,21.84712378,-22.33823188,6.43,1.122
6794,21.86113713,41.10115780,6.42,0.311
6813,21.91409059,45.40668716,4.83,0.421
6822,21.94392888,-10.90158210,6.13,1.320
6867,22.09136277,-43.31823391,3.41,1.542
6868,22.09547774,7.96135304,6.22,1.114
6952,22.37724659,-46.75642184,6.25,1.658
6960,22.40056313,-21.62933894,5.11,0.028
6971,22.42839509,-25.61774910,6.37,1.141
6981,22.47026425,18.35566895,6.01,0.162
6999,22.52542734,47.00727374,5.27,0.999
7007,22.54631280,6.14382046,4.84,1.372
7016,22.59543810,-26.20785122,5.92,1.327
7050,22.71716629,66.09808748,6.15,0.070
7078,22.80731710,70.26460388,5.82,0.489
7083,22.81293588,-49.07270222,3.93,0.972
7097,22.87087261,15.34582301,3.62,0.974
7115,22.91252426,-45.57571207,6.17,0.066
7118,22.93020240,-30.28308140,5.79,1.073
7147,23.03156981,34.79996236,6.39,-0.103
7189,23.15152925,-49.72771272,6.27,0.462
7213,23.23355086,-36.86523102,5.49,1.021
7243,23.32615885,8.20873787,6.31,0.800
7251,23.35713347,58.32733390,5.69,1.435
7271,23.41321398,-78.50481991,6.11,0.970
7276,23.42848750,-7.02534086,5.75,0.639
7283,23.46133488,89.01563949,6.46,0.107
7294,23.48282037,59.23204031,4.68,0.991
7321,23.56919364,37.23714649,5.90,-0.067
7345,23.65741154,-15.67635919,5.62,0.066
7359,23.70444113,18.46051216,5.90,1.536
7361,23.71160198,-31.89231708,6.11,1.109
7362,23.71382590,-3.52388948,6.44,1.341
7363,23.71487841,-23.69968149,6.41,1.306
7387,23.81259762,-58.13947470,6.03,0.382
7436,23.94351172,14.66142252,6.23,-0.036
7443,23.96069279,-39.94712622,6.43,0.415
7444,23.96906501,41.07642035,6.39,1.122
7447,23.97815181,17.43384108,5.95,0.259
7450,23.99570321,-15.40018295,5.41,1.226
7463,24.03545682,-29.90731698,5.69,0.335
7493,24.11333240,48.72277606,6.20,1.237
7505,24.18135819,7.83152894,6.39,1.605
7506,24.18664983,-58.27096588,6.18,1.607
7513,24.19934491,41.40545884,4.10,0.536
7535,24.27465281,12.14153479,5.54,0.347
7568,24.36667431,-84.76959317,5.66,0.939
7580,24.40710297,-9.40378181,6.24,0.528
7588,24.42852736,-57.23675749,0.45,-0.158
7593,24.44665914,64.73935708,6.49,0.776
7597,24.46695355,-3.44067786,6.43,1.568
7601,24.48151406,-82.97499539,5.88,0.620
7607,24.49815046,48.62821317,3.59,1.275
7617,24.53152910,57.97763141,5.55,1.388
7643,24.61451877,-36.52825070,5.94,1.045
7650,24.62882287,73.04003987,5.28,0.972
7651,24.63260060,45.39970647,6.38,-0.021
7679,24.71578706,-21.27538422,5.58,0.346
7719,24.83750969,44.38616461,5.01,0.883
7740,24.92007520,16.40585785,5.98,1.119
7751,24.94809594,-56.19640017,5.76,0.880
7786,25.05458773,53.86827769,6.35,1.608
7818,25.14507074,40.57704912,4.96,-0.068
7819,25.14552787,8.76076938,6.34,0.401
7825,25.16520588,43.29768692,5.63,0.214
7874,25.32656287,25.74571250,6.20,0.459
7879,25.33945932,-79.14819995,6.33,0.947
7884,25.35789264,5.48761322,4.45,1.347
7886,25.36383973,-38.13282675,6.20,0.404
7906,25.41348626,30.04711962,5.97,1.015
7916,25.43680768,-11.32466884,5.75,0.443
7918,25.44642903,42.61336900,4.96,0.618
7921,25.44986456,-60.78933951,5.70,1.264
7941,25.51247427,-36.83230480,5.70,-0.010
7943,25.51454276,35.24570709,5.63,-0.059
7955,25.53580826,-32.32697025,5.25,1.044
7963,25.57376400,58.62773872,6.35,-0.027
7965,25.58553014,68.04302111,5.57,-0.049
7978,25.62214875,-53.74083406,5.52,0.551
7981,25.62400804,20.26850445,5.24,0.836
7999,25.68129205,-3.69020048,4.98,1.378
8016,25.73276503,70.62252571,5.18,-0.022
8020,25.74300059,61.42107310,6.33,0.013
8044,25.81876597,45.32264871,6.33,1.020
8046,25.83230667,60.55133256,5.78,-0.010
8068,25.91515608,50.68873247,4.01,-0.098
8086,25.95893420,32.19201473,6.32,0.879
8094,25.97831703,-4.76551450,6.20,1.537
8102,26.01701214,-15.93748006,3.49,0.727
8115,26.07485262,57.53661681,6.18,0.131
8127,26.11052923,46.13969169,6.32,1.419
8143,26.18198670,-6.76616406,6.45,0.864
8148,26.19237649,57.08922600,6.25,0.062
8159,26.23260259,20.08314952,6.27,0.720
8198,26.34846064,9.15773579,4.26,0.942
8209,26.41148804,-25.05260995,5.29,0.395
8230,26.49691854,-5.73329912,5.37,1.517
8233,26.50441117,-27.34883118,6.38,0.366
8240,26.52485968,-50.81625558,5.49,1.615
8241,26.52609562,-53.52203715,5.04,0.031
8320,26.81959761,-41.75992623,6.18,1.544
8362,26.93681135,63.85250114,5.63,0.804
8366,26.94351721,-80.17631110,6.05,0.338
8369,26.94903639,-37.15948299,6.33,1.016
8370,26.95005682,46.22974966,6.33,0.461
8387,27.04556987,16.95555079,5.86,-0.039
8404,27.10841032,3.68544661,5.91,0.970
8423,27.16218592,37.95287011,5.94,0.975
8433,27.17317997,32.69020977,5.78,0.572
8475,27.31476624,47.89692390,6.01,0.170
8480,27.33091931,-31.07246343,6.35,1.222
8497,27.39626131,-10.68641035,4.66,0.333
8514,27.45360060,-38.40279663,6.37,0.523
8544,27.53571352,22.27533825,5.83,0.743
8552,27.58408931,-47.81639165,6.14,0.998
8588,27.71655322,11.04337823,5.92,0.302
8593,27.72681248,-50.20613758,5.94,0.154
8598,27.73803109,51.93341736,5.96,0.419
8641,27.85982087,-39.83593510,6.44,1.094
8645,27.86513997,-10.33503772,3.74,1.136
8664,27.90750025,-6.87414268,6.42,1.233
8688,27.94207702,-15.64748040,6.44,1.608
8704,27.99716741,55.14738474,5.53,-0.175
8714,28.03904598,50.79279388,5.70,-0.067
8771,28.21135160,51.47483640,6.28,0.050
8778,28.21713684,-16.92924975,5.78,0.260
8796,28.27044954,29.57882927,3.42,0.488
8814,28.32226886,40.72978960,5.42,1.311
8820,28.34655315,-38.59463170,6.09,1.125
8832,28.38255961,19.29385177,3.88,-0.047
8833,28.38896000,3.18753653,4.61,0.928
8837,28.41142371,-46.30266861,4.39,1.597
8847,28.45213738,55.59763942,6.44,0.185
8882,28.59180481,-42.49694992,5.12,-0.060
8886,28.59885632,63.67010151,3.35,-0.150
8903,28.66003816,20.80803505,2.64,0.165
8922,28.72409871,40.70203443,6.25,1.262
8928,28.73388091,-67.64730330,4.68,0.931
8930,28.74025279,37.12829014,6.28,1.169
8957,28.83183655,-60.31248410,6.43,0.409
8983,28.94367913,-60.86097516,6.07,0.356
8991,28.96061762,-78.34854847,6.15,0.448
8993,28.96266553,23.57732159,5.76,1.185
8998,28.97429941,1.84998189,6.01,0.549
9001,28.97700236,37.27778569,5.89,1.599
9007,28.98946829,-51.60889586,3.69,0.844
9009,29.00010816,68.68524180,4.97,-0.084
9021,29.03901622,37.25182962,5.69,1.060
9022,29.03920149,-49.83644587,6.37,-0.081
9061,29.16749154,-22.52678491,4.92,1.434
9085,29.24993719,-51.76624399,6.10,0.487
9094,29.29002660,-10.24242748,6.42,0.817
9095,29.29200196,-47.38527732,4.82,0.864
9110,29.33772674,17.81753177,5.09,0.921
9132,29.43226733,27.80438081,5.84,1.576
9149,29.47223223,-65.42470007,6.36,0.906
9153,29.48215492,23.59606098,4.79,0.290
9163,29.49681766,47.09552052,6.48,1.203
9207,29.61117260,-33.06678701,6.37,1.006
9220,29.63847407,61.69778859,6.02,-0.042
9222,29.63960506,49.20435221,5.70,1.005
9236,29.69247303,-61.56985910,2.86,0.290
9237,29.69165773,-11.30095537,6.46,1.128
9295,29.85785501,12.29487583,6.09,0.186
9307,29.89868000,21.05856973,5.89,1.031
9312,29.90849238,64.62160195,5.29,0.002
9313,29.91172738,-42.03053188,5.57,1.052
9318,29.92136915,-66.06655816,6.09,1.176
9326,29.94249789,-20.82453855,5.43,1.640
9347,30.00128317,-21.07783155,3.99,1.554
9353,30.03816572,3.09701499,5.89,0.610
9372,30.11176258,-8.52387312,5.43,1.391
9440,30.31134638,-30.00183025,5.34,0.883
9459,30.42656778,-44.71350896,5.15,1.471
9480,30.48938612,70.90702007,4.49,0.164
9487,30.51175030,2.76375946,3.82,0.024
9505,30.57545056,54.48754120,4.99,-0.071
9521,30.61776719,-29.66564213,6.40,0.135
9533,30.64615750,13.47671595,5.97,1.584
9562,30.71556505,-23.88662846,6.30,1.340
9564,30.71865218,64.90146584,6.00,0.029
9568,30.73761310,77.91626323,6.04,1.107
9570,30.74148211,33.28413510,5.50,0.029
9572,30.74403780,-15.30593206,5.87,0.966
9573,30.75078031,64.39001815,5.59,0.325
9586,30.79354277,73.85056991,6.12,0.162
9589,30.79854146,0.12850681,5.42,0.146
9598,30.85877233,72.42129433,3.95,-0.002
9621,30.91393309,25.93547132,5.64,0.537
9622,30.91870122,-4.10351629,5.61,1.589
9627,30.92753475,18.25323795,6.24,1.424
9631,30.95071386,-0.34025084,5.96,0.851
9640,30.97480447,42.32972473,2.10,1.370
9655,31.05195101,-11.85977012,6.43,1.498
9677,31.12266034,-29.29681890,4.68,-0.156
9685,31.14632860,-54.88168905,6.45,0.386
9706,31.21254181,7.73566403,6.44,1.114
9727,31.28092264,77.28134094,5.27,0.345
9763,31.38145064,76.11506048,5.22,0.954
9809,31.55109671,8.24811428,6.27,1.636
9827,31.62211713,0.03538432,6.29,0.897
9836,31.64135619,22.64831693,5.03,0.121
9859,31.70514575,25.70455349,6.01,-0.030
9862,31.71688648,-19.13886900,6.39,1.143
9884,31.79336293,23.46242313,2.01,1.151
9951,32.02368667,-41.88042007,6.50,0.205
9977,32.12191579,37.85907730,4.78,0.120
9983,32.13983159,44.45942858,6.38,0.965
9990,32.16908238,58.42360093,5.66,0.595
9999,32.19025421,-17.77915549,6.07,1.661
10035,32.28871892,-43.51659586,5.84,1.197
10050,32.34629333,17.22419618,6.40,0.471
10053,32.35556808,25.93989223,4.98,0.339
10054,32.35546910,81.29594551,6.05,0.118
10064,32.38594522,34.98729693,3.00,0.140
10069,32.39500567,-24.34578510,6.48,0.289
10096,32.45195575,-40.86650069,6.49,0.430
10111,32.52004526,-43.81557444,6.32,0.899
10115,32.53229671,53.84309150,6.31,0.948
10138,32.60805960,-50.82372443,6.12,0.812
10155,32.65665389,19.50033764,5.68,1.641
10176,32.72011834,39.03952583,6.09,-0.054
10203,32.80022718,25.93693848,6.01,1.365
10212,32.83783009,8.56980490,5.64,0.569
10215,32.84261021,-10.05216202,6.00,0.418
10220,32.85426190,31.52639777,6.24,0.112
10227,32.87163979,57.64554358,6.38,0.298
10234,32.89931243,-1.82542945,5.94,0.967
10273,33.06569786,2.74555132,6.49,1.039
10280,33.09283449,30.30306664,4.94,0.770
10296,33.15641173,24.16777830,5.96,1.366
10305,33.19809079,-2.39363722,5.65,0.546
10306,33.20035634,21.21099307,5.23,0.457
10309,33.20795586,79.69153967,6.46,0.240
10320,33.22696028,-30.72382514,5.27,-0.013
10324,33.24998125,8.84671730,4.36,0.878
10326,33.25411349,-21.00013755,5.86,1.006
10328,33.26377183,15.27985954,5.72,1.551
10340,33.30551686,44.23165196,4.84,1.476
10350,33.33810452,74.02772078,6.25,0.915
10361,33.38963065,53.05858871,6.50,1.661
10366,33.40142588,51.06581830,5.31,0.926
10379,33.42338060,58.56058614,6.43,0.554
10396,33.47314323,-9.06463051,6.43,1.415
10403,33.51024067,47.48424121,6.05,0.406
10418,33.56059029,-67.84144101,5.57,1.556
10438,33.62122328,66.52442854,6.05,0.641
10440,33.63310636,-41.16676458,5.91,0.965
10446,33.65825704,28.69118485,6.35,0.957
10513,33.86926940,-67.74636590,5.67,1.306
10535,33.92823871,25.04304345,5.57,0.520
10540,33.94187534,25.78293743,5.79,0.439
10559,33.98451972,33.35889507,5.25,-0.004
10562,33.99055443,47.81193753,6.37,1.029
10602,34.12743894,-51.51216468,3.56,-0.120
10623,34.18989183,83.56141421,6.45,0.951
10633,34.21548440,57.05524579,6.48,0.281
10642,34.24601753,-6.42211620,5.51,0.962
10644,34.26345869,34.22423111,4.84,0.607
10670,34.32861359,33.84719358,4.03,0.019
10718,34.49953199,57.89982060,5.75,1.175
10723,34.50599949,1.75780187,5.60,0.588
10729,34.51910362,57.51632134,5.99,1.039
10732,34.53140185,19.90116354,5.58,0.011
10793,34.73747203,28.64267401,5.29,0.037
10795,34.74144448,23.16781526,6.45,0.376
10798,34.74376883,-25.94568732,6.33,0.724
10814,34.79509808,46.47226062,6.21,0.164
10819,34.81998296,47.37997309,5.31,0.006
10826,34.83663617,-2.97764262,6.47,0.966
10830,34.84449115,48.95546340,6.44,0.427
10832,34.85319332,-41.84836759,6.36,1.162
10854,34.91990540,-4.34557296,6.50,0.082
10871,34.97612918,-55.94479621,5.81,1.570
10924,35.17297322,47.31080391,6.17,-0.094
10944,35.24253440,50.15146565,5.57,-0.089
11001,35.43726143,-68.65941811,4.08,0.034
11020,35.48097970,57.24291565,6.40,0.569
11021,35.48594668,0.39567548,5.29,1.648
11029,35.50638199,-10.77753362,5.43,0.364
11033,35.52076129,-17.66216933,5.89,1.231
11043,35.54896195,-43.19981143,6.30,0.991
11046,35.55165239,-0.88485213,5.42,0.335
11060,35.58931055,55.84565348,5.16,0.369
11072,35.63561159,-23.81632609,5.19,0.608
11090,35.70960144,41.39629730,5.81,0.289
11095,35.71793796,-73.64579219,5.99,1.088
11102,35.72781208,-51.09212882,5.90,0.213
11108,35.74011711,-18.35498247,6.22,0.942
11121,35.77748979,-37.57614441,6.47,1.592
11174,35.96560213,55.36486113,6.29,0.845
11212,36.08382307,-25.84745925,6.45,1.321
11220,36.10381778,50.00654619,5.19,0.979
11231,36.14117931,-40.84045844,6.17,0.653
11249,36.20440136,10.61056498,5.48,-0.098
11258,36.22462811,-60.31194752,5.36,0.395
11261,36.24328818,-2.78003080,6.34,-0.011
11279,36.31678645,56.60982263,6.25,0.249
11293,36.36022527,-66.49402569,6.39,1.511
11313,36.40592791,50.27863100,4.73,1.532
11345,36.48752198,-12.29047964,4.88,-0.027
11348,36.50145519,-15.34124674,5.88,0.116
11381,36.64674012,-20.04261694,5.89,1.247
11407,36.74634294,-47.70384014,4.24,-0.136
11415,36.78015506,27.01239489,6.14,1.461
11427,36.84745450,10.19832641,6.45,0.450
11432,36.86571544,31.80128023,5.55,1.114
11465,36.96574180,50.56997446,6.16,0.435
11474,36.99969819,1.96084583,6.45,0.971
11477,37.00709608,-33.81103904,5.13,0.089
11479,37.01827205,-64.29976836,6.35,-0.025
11484,37.03976038,8.46005355,4.30,-0.053
11486,37.04158500,29.66933047,5.29,0.311
11524,37.14762815,-31.10244482,6.11,1.106
11548,37.20206105,29.93176028,5.89,0.591
11569,37.26644081,67.40247393,4.46,0.153
11578,37.30700722,23.46902650,6.20,0.155
11603,37.39732139,9.56562925,6.09,1.022
11644,37.55719022,-25.18644203,6.50,0.294
11651,37.56919923,33.83370725,6.26,1.079
11670,37.63480803,25.23503642,5.88,0.412
11671,37.63664379,-22.54531844,6.17,1.581
11678,37.66007554,19.85530066,6.14,0.247
11687,37.68834619,0.25574908,6.00,0.168
11698,37.72665993,17.70385593,6.21,0.908
11738,37.87539846,2.26718161,5.27,1.271
11757,37.91893415,-79.10938186,5.27,0.981
11767,37.95451535,89.26410951,1.97,0.636
11783,38.02178461,-15.24467680,4.74,0.454
11784,38.02571027,36.14727125,5.15,1.472
11791,38.03925366,-1.03489611,5.36,1.004
11802,38.06150726,-36.42730749,6.28,1.027
11840,38.21924713,34.54240970,5.84,1.083
11843,38.22558556,15.03455423,6.00,0.572
11867,38.27927736,-34.64996687,5.91,1.064
11907,38.41759485,-20.00192107,6.19,1.100
11918,38.46126669,-28.23234350,4.96,-0.050
11925,38.47753995,-51.09354636,6.24,0.509
12002,38.67760483,-7.85944515,5.74,1.393
12022,38.76722420,7.47099310,6.17,1.053
12057,38.86625100,39.66438054,6.36,-0.095
12072,38.91142353,37.31226284,5.72,1.389
12086,38.94504727,34.68755845,5.38,1.652
12093,38.96863365,5.59324631,4.87,0.880
12107,39.00020130,-7.83159717,5.53,1.607
12114,39.02039079,6.88687029,5.79,0.918
12122,39.03860710,-30.04497764,5.74,1.017
12148,39.14612752,7.73002606,5.81,1.040
12153,39.15798197,12.44763871,5.64,0.516
12160,39.17930475,31.60766717,6.07,1.052
12181,39.23828169,38.73358091,5.91,0.502
12186,39.24419965,-34.57797694,5.78,0.653
12189,39.25218216,24.64722216,6.48,0.510
12200,39.27737544,32.89109186,6.23,0.515
12225,39.35154840,-52.54308590,5.30,0.289
12239,39.40028258,65.74533624,5.80,1.561
12247,39.42416781,-3.39617474,5.65,1.021
12272,39.50313898,7.69527566,6.40,0.431
12273,39.50846272,72.81825166,5.17,0.896
12287,39.57429164,37.72671507,6.19,0.490
12288,39.57775943,-30.19406253,5.84,0.476
12300,39.60347801,-37.99054513,6.48,0.521
12305,39.61647193,38.08914139,6.29,-0.029
12318,39.65334951,3.44320479,6.21,0.999
12332,39.70414390,21.96140834,5.45,0.168
12387,39.87065299,0.32851065,4.08,-0.212
12390,39.89097607,-11.87215595,4.83,0.447
12394,39.89733900,-68.26694624,4.12,-0.061
12413,39.94996945,-42.89166991,4.74,0.061
12444,40.05175765,-9.45287501,5.79,0.524
12447,40.06538753,6.11194356,6.26,0.397
12484,40.16505360,-54.54991148,5.21,0.411
12486,40.16681010,-39.85537550,4.11,1.006
12489,40.17114788,27.06094270,5.30,0.081
12530,40.30832736,-0.69565302,5.72,0.511
12562,40.39220418,-14.54927595,5.98,0.429
12584,40.45136009,-3.21380711,6.07,1.175
12608,40.52752839,-38.38368632,5.99,0.917
12611,40.53518211,-46.52444120,6.09,0.876
12623,40.56214992,40.19394381,4.91,0.582
12640,40.59141540,20.01146490,5.74,-0.017
12647,40.62056500,10.74172465,6.32,0.064
12653,40.63944366,-50.80029384,5.40,0.561
12686,40.74801450,53.52610520,5.85,1.125
12690,40.75773715,48.26524527,6.30,1.140
12692,40.76182552,55.10601929,5.76,-0.110
12706,40.82516250,3.23581853,3.47,0.093
12708,40.83431412,-40.52790533,6.35,-0.022
12717,40.86087760,-66.71425183,6.23,0.542
12719,40.86296995,27.70714655,4.65,-0.122
12720,40.87047684,-2.53145232,6.48,0.981
12744,40.96351691,25.63834267,6.35,0.089
12768,41.02149903,44.29704002,5.43,0.904
12770,41.03062458,-13.85869636,4.24,-0.122
12775,41.04405406,-52.57059693,6.15,0.088
12777,41.04994313,49.22844773,4.10,0.514
12784,41.07963579,17.76392789,6.40,1.143
12786,41.08557377,-32.52471535,6.21,0.040
12803,41.13739078,15.31186153,5.78,-0.024
12821,41.20707139,67.82463015,5.95,0.136
12828,41.23559307,10.11414590,4.27,0.311
12832,41.23992306,12.44576098,5.17,0.234
12843,41.27577129,-18.57256259,4.47,0.481
12862,41.33710923,4.71162925,6.04,0.312
12871,41.36449220,-63.70455293,5.73,0.932
12876,41.38597694,-67.61661701,4.83,0.058
12964,41.68793512,-21.63952151,6.48,0.387
12982,41.74300729,35.98352317,6.27,0.935
12990,41.76489459,35.55468029,6.28,0.385
13008,41.79636968,-22.48575007,6.47,0.398
13036,41.87980886,44.27219848,6.45,0.637
13055,41.94878463,81.44847547,5.80,1.300
13061,41.97725287,29.24711818,4.52,1.112
13108,42.13370521,18.28379052,5.83,1.216
13121,42.19126771,25.18806369,5.89,-0.033
13133,42.23129353,69.63428964,6.26,0.151
13141,42.25619836,-62.80652153,5.25,0.101
13147,42.27258148,-32.40589767,4.45,0.981
13165,42.32316638,17.46430897,5.26,-0.066
13176,42.36213531,37.32641134,6.45,0.422
13178,42.37806797,57.08431780,6.25,0.786
13197,42.46234188,-24.56031078,6.14,0.998
13202,42.47575765,-27.94198156,5.39,0.013
13209,42.49596812,27.26050706,3.61,-0.100
13225,42.56159976,-35.84363655,5.92,0.899
13244,42.61858328,-75.06694714,4.76,1.337
13254,42.64608204,38.31864364,4.22,0.343
13257,42.64705061,36.94832823,6.44,0.617
13265,42.66836129,-35.67584879,5.48,1.259
13268,42.67420868,55.89549611,3.77,1.690
13271,42.69919574,-39.93222398,6.36,0.040
13288,42.75967310,-21.00401932,4.76,0.906
13327,42.87327848,15.08207065,5.52,-0.099
13328,42.87848975,35.05974098,4.56,1.554
13339,42.92387512,46.84193945,5.86,0.903
13347,42.94116900,58.31429162,6.46,0.104
13363,42.98435817,-30.81451995,6.38,0.484
13367,42.99479856,68.88849697,5.94,0.700
13387,43.07927302,-62.90958298,6.03,1.249
13402,43.13386969,-12.76971440,6.05,0.862
13421,43.21141301,-9.44123606,6.31,0.196
13424,43.21677711,52.99735279,6.35,0.093
13429,43.22766123,-65.45529073,6.47,1.008
13448,43.29873023,16.48345956,6.30,0.457
13462,43.33779971,48.56995499,6.23,1.180
13473,43.39332117,-38.43700368,5.93,0.437
13479,43.39717892,-22.37630756,5.93,1.041
13490,43.42755662,38.33748839,5.34,0.423
13518,43.52695756,-50.87140183,6.22,1.571
13531,43.56441901,52.76247890,3.93,0.758
13654,43.95207421,18.33163983,5.76,1.452
13665,43.98716905,61.52113777,5.59,0.445
13679,44.05737361,8.38156340,5.97,0.478
13700,44.10270981,64.33244182,6.17,1.994
13701,44.10687368,-8.89814446,3.89,1.088
13702,44.10897867,18.02311886,5.58,0.471
13713,44.13875862,47.16400652,6.05,1.305
13717,44.15593438,-3.71231988,5.16,0.084
13732,44.21108292,51.26128406,6.22,1.567
13756,44.26906360,4.50103002,6.15,1.623
13768,44.30375592,-29.85528873,6.29,0.472
13775,44.32201066,31.93421866,5.10,-0.007
13782,44.34902489,-23.86216374,5.44,0.238
13789,44.38594704,-38.19092472,6.41,-0.018
13832,44.50970008,38.61492567,6.06,1.403
13834,44.52175646,20.66873326,5.80,0.415
13835,44.52389062,-23.60601201,5.82,1.334
13847,44.56531119,-40.30467242,2.88,0.128
13874,44.67532015,-2.78287686,5.22,0.014
13879,44.69029205,39.66272854,4.68,0.065
13883,44.69709230,-9.77650578,6.14,0.221
13884,44.69915268,-64.07128407,4.98,0.126
13905,44.76531915,35.18312827,4.94,1.235
13907,44.77705996,-28.90721270,6.14,1.044
13914,44.80302370,21.34042885,4.63,0.048
13942,44.90076145,-25.27413271,5.69,0.427
13947,44.90960282,-32.50719794,6.32,0.002
13949,44.91616410,41.03294069,5.89,1.445
13951,44.92149906,-2.46495154,5.56,-0.072
13954,44.92875737,8.90736485,4.71,-0.109
13965,44.95746995,47.22069307,5.47,0.869
13997,45.04955742,38.13174028,6.11,-0.057
14036,45.18392280,10.87038841,5.93,1.593
14040,45.21199893,-2.87861797,6.11,1.751
14043,45.21755767,52.35174424,5.24,-0.049
14060,45.29176726,-7.66301153,5.75,1.043
14086,45.40682262,-28.09155384,5.88,0.794
14104,45.46793044,5.33615151,6.24,1.041
14109,45.47558905,26.46235385,5.91,0.141
14110,45.48382908,-9.96140669,5.84,1.092
14124,45.53864834,-6.49454341,6.20,0.598
14131,45.56436820,-71.90245670,5.51,-0.125
14135,45.56988401,4.08973396,2.54,1.630
14143,45.59382454,4.35288413,5.62,-0.107
14146,45.59791746,-23.62447166,4.08,0.163
14168,45.67614498,-7.68547178,5.32,0.941
14187,45.73276190,-46.97503638,5.81,1.304
14232,45.87565584,28.26990587,6.38,0.306
14240,45.90341436,-59.73777523,5.12,0.349
14264,45.98642793,47.84847973,6.48,0.301
14293,46.06881559,-7.60085702,5.26,0.193
14315,46.15861178,1.86360395,6.05,1.045
14318,46.16935270,15.85602261,6.37,1.400
14328,46.19912802,53.50644013,2.91,0.716
14354,46.29413912,38.84027386,3.32,1.528
14355,46.29706923,-8.27424739,6.30,1.020
14365,46.33754255,40.58218066,6.06,1.011
14376,46.36120780,25.25517451,5.45,-0.031
14382,46.38504744,56.70571907,4.77,1.018
14392,46.41736410,56.06896557,6.10,1.049
14417,46.53267546,79.41853526,5.49,1.569
14439,46.59868993,13.18725028,5.64,1.087
14456,46.63955128,-6.08855469,5.23,1.575
14502,46.82916106,64.05759405,5.89,-0.020
14514,46.85696912,17.87999496,6.13,-0.123
14521,46.88392638,-78.98924450,5.67,0.298
14544,46.94726482,47.30870957,6.38,0.122
14547,46.95390511,-69.26492004,6.12,1.011
14551,46.96186768,-27.83115110,6.18,0.166
14566,47.01605355,52.21351146,6.33,-0.019
14576,47.04221485,40.95564770,2.09,-0.003
14586,47.08795429,18.79505264,6.24,1.560
14607,47.16163143,8.47106951,6.28,1.026
14626,47.22575151,62.38459575,6.47,0.231
14632,47.26674871,49.61327752,4.05,0.595
14649,47.33388405,20.76112286,6.41,1.241
14668,47.37404785,44.85754370,3.79,0.980
14677,47.40309339,29.07708008,5.74,0.115
14719,47.53683132,27.81976573,6.42,0.014
14748,47.61268944,26.89623327,6.02,1.278
14749,47.61354403,-48.73415637,6.11,1.118
14757,47.64745746,-23.73854760,6.37,0.912
14764,47.66164025,11.87262694,5.97,-0.061
14791,47.75307091,64.89626607,6.50,0.163
14797,47.77201670,-13.26428443,6.36,0.614
14814,47.81970410,-16.02496660,6.25,1.167
14817,47.82242336,39.61158237,4.61,1.115
14819,47.82823471,-3.81159551,6.08,1.670
14821,47.84132805,13.04784476,6.11,1.038
14838,47.90735613,19.72667738,4.35,1.033
14844,47.92780470,81.47070965,5.92,0.149
14862,47.98445775,74.39365924,4.85,0.035
14879,48.01886556,-28.98761809,3.80,0.543
14887,48.03981699,42.37590556,6.15,-0.099
14893,48.05935964,27.25696838,5.78,-0.106
14913,48.10727749,-44.41966029,5.92,0.440
14914,48.11008459,47.72587490,6.32,1.425
14915,48.10985486,6.66088292,5.55,1.011
14930,48.13816688,-57.32154906,5.71,2.419
14954,48.19348530,-1.19610121,5.07,0.575
14972,48.25620606,-35.94368778,6.29,-0.076
15004,48.34947111,48.17695327,5.93,0.972
15024,48.40810599,-29.80412954,6.17,1.041
15110,48.72540048,21.04444121,4.87,-0.007
15118,48.73578170,42.50363699,6.07,1.093
15125,48.75112650,-26.10045933,6.25,0.038
15154,48.83515165,30.55668942,5.61,0.012
15191,48.94642557,32.85671227,6.30,0.366
15192,48.94987707,57.14062036,5.79,0.644
15193,48.95282135,50.95588971,6.46,0.100
15197,48.95843559,-8.81972986,4.80,0.232
15201,48.99025199,-77.38845428,5.51,0.438
15203,49.00356191,-5.91870555,6.17,-0.018
15204,49.00775372,34.68851297,6.25,0.290
15209,49.01857794,45.34613334,6.15,1.674
15219,49.05084766,50.93766392,5.04,1.107
15230,49.09051614,-5.73046374,6.30,1.648
15241,49.14662280,32.18401757,5.98,0.988
15244,49.14902478,-9.15467605,6.14,0.407
15282,49.29773712,40.48297868,6.44,-0.027
15305,49.36081681,-47.75166403,5.84,1.228
15309,49.38135753,65.65836679,6.41,0.079
15323,49.41685874,31.12704779,6.40,0.574
15330,49.44234789,-62.57532203,5.53,0.641
15334,49.44064201,39.28337316,5.97,0.056
15338,49.44730590,44.02502428,5.49,-0.060
15353,49.49614300,-66.92685317,6.03,0.133
15357,49.51081436,-28.79707518,5.93,0.337
15371,49.55341226,-62.50636301,5.24,0.600
15382,49.59209811,-22.51111801,4.86,0.904
15383,49.59344010,-0.93028832,5.62,1.050
15404,49.65725554,50.22217425,5.16,-0.073
15411,49.67145547,-18.55979384,5.72,0.381
15416,49.68260357,34.22265260,4.85,1.491
15444,49.78182858,50.09496612,5.05,-0.067
15457,49.84040002,3.37019788,4.84,0.681
15474,49.87917471,-21.75786384,3.70,1.614
15479,49.89544554,-24.12290193,5.63,1.663
15510,49.98187828,-43.06978344,4.26,0.711
15514,49.98248617,27.07113436,5.91,0.860
15520,49.99696958,65.65229236,4.74,-0.108
15547,50.08232760,77.73474052,5.44,0.211
15549,50.08483666,29.04845844,4.47,1.555
15557,50.10655758,25.66273946,6.14,1.241
15585,50.18834943,-26.60650601,6.40,0.542
15619,50.27834733,3.67562031,5.70,0.964
15627,50.30676875,21.14708610,5.27,-0.067
15643,50.35004205,-23.63513525,5.50,0.885
15648,50.36066117,43.32965082,4.96,0.051
15655,50.38930467,-47.77666080,6.40,0.989
15669,50.46888702,49.07090470,5.94,0.468
15696,50.54955583,27.60755258,5.55,1.100
15700,50.56785747,-25.58780242,6.36,0.010
15737,50.68850607,20.74206893,5.10,1.231
15770,50.80497871,49.21326943,5.32,-0.076
15776,50.82375328,-7.79409803,6.20,0.702
15800,50.90126927,0.91008662,6.47,1.154
15807,50.91245782,4.88210533,6.37,0.851
15840,51.00963730,-69.62460615,6.14,0.482
15850,51.04220723,12.62959039,6.03,1.227
15861,51.07697877,24.72406291,5.50,1.190
15863,51.08070979,49.86117959,1.79,0.481
15870,51.10881896,20.80348891,6.07,-0.028
15876,51.12375599,33.53596183,5.78,-0.001
15884,51.15084494,-51.06265748,6.50,0.003
15890,51.16898714,64.58599650,5.13,2.038
15900,51.20330738,9.02886984,3.61,0.887
15968,51.40105329,-69.33643647,5.96,0.415
15987,51.48267347,-35.92088538,6.39,0.082
15988,51.48908755,49.12075668,6.09,-0.073
16015,51.54910178,-41.63693973,6.33,0.054
16029,51.59385319,-27.31747919,5.93,0.934
16042,51.64745398,28.71508748,6.47,0.882
16083,51.79230269,9.73267975,3.73,-0.082
16095,51.82782415,12.73528891,6.29,-0.025
16112,51.88925357,-35.68132348,5.71,1.284
16142,52.00394674,-11.28659964,5.74,1.102
16147,52.01279024,49.06286627,4.99,-0.091
16156,52.04801874,-35.85342612,6.49,0.126
16168,52.08624888,33.80755744,5.72,0.048
16177,52.09829707,60.25567207,6.49,0.014
16181,52.11069654,22.80400630,6.03,0.951
16210,52.21803058,49.84838373,5.58,-0.054
16226,52.26584650,3.24870427,6.41,0.790
16228,52.26722286,59.94033011,4.21,0.419
16244,52.34187591,49.50894827,4.67,-0.096
16245,52.34448990,-62.93752748,4.71,0.410
16252,52.35951399,46.93786821,6.21,0.131
16263,52.40011329,-12.67473686,5.57,0.171
16266,52.41307435,-6.80445784,6.01,1.020
16281,52.47809925,58.87874967,4.55,0.489
16285,52.47978200,-42.63425613,5.76,0.205
16290,52.49538877,-78.35184991,5.68,0.932
16292,52.50076524,55.45180834,5.09,0.022
16303,52.54561557,59.36594666,6.14,0.095
16310,52.55658128,-41.36993756,6.12,0.489
16319,52.58081894,71.86389741,6.37,1.772
16322,52.60195391,11.33644221,5.14,-0.041
16335,52.64368152,47.99521606,4.36,1.367
16339,52.65397530,-47.37512542,5.98,0.116
16340,52.65396132,48.10359644,5.82,-0.033
16341,52.65440695,-5.07514548,4.74,-0.092
16358,52.68924968,6.18870300,5.93,0.953
16368,52.71544718,-66.48971397,5.81,-0.055
16369,52.71824299,12.93667809,4.14,1.112
16424,52.87224804,49.20977059,6.29,0.067
16425,52.87623108,40.75993425,6.50,0.243
16447,52.95432412,49.40109300,6.41,0.075
16449,52.97352770,-25.61414914,6.38,0.120
16470,53.03583692,48.02347611,5.47,-0.101
16489,53.08385477,84.91103978,5.62,0.894
16499,53.10941575,46.05686170,5.30,0.398
16509,53.14501173,-50.37864644,5.67,1.101
16511,53.14978818,9.37343822,5.76,-0.072
16516,53.16240764,44.85575957,6.42,-0.007
16518,53.16673706,35.46172929,5.91,-0.084
16531,53.21482385,-61.01687252,6.42,1.037
16537,53.23268409,-9.45826215,3.72,0.881
16587,53.38418589,58.76524032,6.45,0.168
16591,53.39598063,39.89947850,5.79,0.139
16599,53.41274961,54.97485691,5.98,0.114
16602,53.42183745,57.86872512,6.37,0.523
16611,53.44698381,-21.63288274,4.26,-0.106
16628,53.48662256,-31.08011452,6.20,0.482
16641,53.53491196,17.83282820,6.14,0.891
16664,53.61093721,24.46439289,5.95,0.123
16672,53.63995374,-31.87480112,6.39,1.404
16677,53.65612937,-9.86826124,6.25,0.019
16695,53.70450637,6.41769129,6.49,0.642
16697,53.71835823,-25.58282520,6.48,0.985
16712,53.75420444,60.04142908,6.43,0.433
16779,53.98852770,-5.12495403,6.49,1.091
16780,53.99027570,-11.19378202,5.56,0.915
16803,54.07255242,-17.46706452,5.24,-0.117
16826,54.12241189,48.19263365,4.32,-0.058
16827,54.12559404,-78.32307327,6.29,1.150
16846,54.19703978,0.58775771,5.82,0.885
16852,54.21826338,0.40166163,4.29,0.575
16870,54.27366762,-40.27454534,4.57,1.023
16924,54.44930013,15.43055166,6.40,0.167
16938,54.50075647,42.58284301,6.41,-0.064
16974,54.58222302,56.93271313,6.29,-0.099
16989,54.62189008,-7.39186296,5.86,0.980
17007,54.69863198,-27.94305425,6.01,-0.027
17026,54.75025001,20.91576476,6.50,0.151
17027,54.75465745,-5.62620983,5.97,0.921
17056,54.85450768,75.73962254,6.25,0.973
17057,54.85586079,-10.43727769,6.19,1.031
17058,54.85730108,16.53668515,6.18,1.000
17086,54.90977395,-3.39300986,6.22,1.041
17103,54.96300949,3.05686329,5.55,0.931
17120,54.99820443,-1.12122649,6.12,0.994
17136,55.04765582,-15.22653415,6.35,0.881
17167,55.15972166,-5.21070611,5.53,-0.145
17181,55.19295658,25.32949248,6.11,0.097
17203,55.28274194,37.58019786,5.55,-0.062
17214,55.30749468,-11.80241767,6.49,0.377
17296,55.53885419,63.21680592,5.06,1.651
17298,55.54106440,-45.95788848,6.50,0.522
17304,55.56209453,-31.93836128,4.99,-0.159
17309,55.57895166,19.70025375,5.68,-0.016
17313,55.59436099,33.96502633,4.97,-0.048
17328,55.63682543,-85.26196373,6.40,-0.005
17342,55.67806192,59.96939134,5.74,1.736
17351,55.70856433,-37.31351844,4.59,1.191
17358,55.73126161,47.78755139,3.01,-0.125
17378,55.81209088,-9.76339465,3.52,0.915
17395,55.89097385,-10.48566061,5.59,0.216
17408,55.94672166,19.66503222,6.13,0.994
17436,56.02658085,-40.66028913,6.45,1.059
17437,56.02678096,48.52365584,6.06,1.552
17440,56.04990630,-64.80690264,3.84,1.133
17448,56.07971679,32.28824817,3.84,0.022
17453,56.11751463,20.92873656,6.09,0.028
17457,56.12712547,-1.16309122,5.24,-0.088
17460,56.13096594,36.46010312,5.60,0.062
17464,56.14120886,-54.27402693,6.29,1.035
17475,56.17045522,46.09981328,6.10,0.291
17489,56.20089755,24.28947018,5.45,-0.034
17493,56.21034803,-48.06129872,6.49,1.011
17499,56.21890550,24.11333922,3.72,-0.105
17506,56.23540778,-0.29672011,5.56,1.411
17527,56.29057938,24.83926001,5.66,-0.064
17529,56.29846606,42.57854862,3.77,0.425
17531,56.30206043,24.46727761,4.30,-0.110
17534,56.31615242,-47.35947619,5.72,0.961
17543,56.34889671,-71.65813230,6.26,-0.123
17558,56.40454108,38.67626241,6.45,1.195
17563,56.41851045,6.04999111,5.34,-0.099
17573,56.45669431,24.36774851,3.87,-0.063
17579,56.47698473,24.55451103,5.76,-0.036
17584,56.49691551,45.68189950,5.66,-0.080
17585,56.50391351,67.20160533,5.79,0.347
17587,56.50971428,63.34504728,4.78,0.747
17588,56.51208479,24.52789803,6.43,-0.020
17593,56.53556491,-12.10158939,4.43,1.604
17595,56.53901175,6.80352052,5.91,0.992
17608,56.58155765,23.94835836,4.14,-0.051
17618,56.61428557,-29.33815682,5.91,0.110
17651,56.71203143,-23.24972265,4.22,0.434
17678,56.80975497,-74.23896234,3.26,1.590
17702,56.87115217,24.10513715,2.85,-0.086
17707,56.88394933,55.92195995,6.09,-0.020
17717,56.91521237,-23.87467670,5.24,0.075
17732,56.95425170,32.19541481,6.26,0.474
17734,56.95672054,-36.10578473,6.21,-0.102
17738,56.98350273,-30.16788223,5.52,0.973
17759,57.02725252,24.98841653,6.44,1.701
17771,57.06778675,11.14329389,5.08,-0.125
17772,57.07530785,50.73676719,6.18,0.028
17776,57.08673496,23.42124980,5.44,-0.067
17797,57.14949492,-37.62015476,4.30,-0.038
17798,57.14876826,-20.90297667,5.81,1.602
17805,57.16231066,0.22785663,5.91,1.224
17832,57.23725443,23.85713523,6.47,0.377
17846,57.28382126,43.96309470,5.95,0.279
17847,57.29059399,24.05341547,3.62,-0.070
17851,57.29673351,24.13671205,5.05,-0.082
17854,57.30724168,70.87104997,5.40,0.096
17858,57.33231668,57.11826786,6.46,0.061
17874,57.36352150,-36.20025014,4.17,0.927
17884,57.38034127,65.52597247,4.39,1.870
17886,57.38620754,33.09138215,5.14,0.057
17891,57.40249205,63.29696669,5.82,0.189
17900,57.43137625,23.71185508,6.17,-0.046
17921,57.47947110,22.24415130,6.05,-0.006
17932,57.51841774,44.96785586,5.65,0.779
17950,57.56735002,-1.52257405,6.47,0.435
17954,57.57890965,25.57936194,5.24,0.231
17959,57.58962130,71.33226569,4.59,0.064
18033,57.81612400,13.04607779,6.30,-0.058
18067,57.92406517,68.50748566,6.31,-0.057
18081,57.97383088,34.35911894,5.78,-0.036
18089,58.00095388,6.53490743,5.66,0.046
18094,58.01852393,31.16857765,6.22,0.206
18141,58.17356640,-5.36125893,5.48,-0.090
18170,58.29186012,17.32708320,5.97,0.354
18173,58.30387490,-18.43444685,6.21,0.866
18199,58.38882879,-46.89367411,5.93,1.220
18201,58.39365715,25.68288286,6.35,0.110
18212,58.41126409,48.65049537,5.76,1.040
18213,58.41227864,-34.73229726,5.11,-0.133
18216,58.42792843,-24.61222998,4.64,-0.136
18217,58.43035872,57.97514130,5.80,0.182
18246,58.53300625,31.88363552,2.84,0.271
18255,58.57292521,-2.95472986,4.46,0.672
18262,58.59650653,-40.35700883,5.70,0.599
18275,58.64150511,-52.69042563,6.46,0.158
18339,58.81719951,-12.09910485,5.99,0.323
18396,58.99238825,47.87142000,5.39,-0.073
18401,59.01662472,-63.46371810,6.14,1.094
18428,59.11526273,-13.59753086,6.37,1.585
18434,59.11954126,35.08089878,5.49,-0.058
18438,59.12598331,71.82160650,6.31,0.333
18453,59.15217692,50.69538082,5.28,0.425
18455,59.15804911,-9.75084412,6.18,0.269
18471,59.21698585,22.47797113,5.62,0.345
18481,59.25715895,6.03996684,6.09,0.058
18485,59.26586505,23.17555005,6.05,0.031
18488,59.28453577,61.10888286,4.99,1.435
18505,59.35602208,63.07226405,4.95,-0.074
18508,59.35992165,24.46193743,6.19,1.372
18532,59.46346140,40.01021467,2.90,-0.199
18543,59.50735988,-13.50851533,2.97,1.588
18565,59.62151967,38.84025403,6.32,1.081
18592,59.67875705,-57.10235981,6.05,0.439
18597,59.68645594,-61.40018557,4.56,1.590
18606,59.71830773,-5.46994675,5.85,1.001
18614,59.74125467,35.79103260,3.98,0.016
18647,59.87554895,-12.57442477,5.61,1.479
18658,59.91872309,10.33040232,6.35,0.417
18673,59.98118081,-24.01621526,4.62,-0.121
18717,60.15370022,17.29665964,6.31,0.056
18723,60.16939835,-30.49069722,5.93,0.036
18724,60.17006562,12.49034659,3.41,-0.099
18735,60.20318917,18.19399995,5.89,0.319
18744,60.22419697,-62.15928428,4.48,1.500
18769,60.31179518,36.98947734,6.39,-0.005
18772,60.32563108,-61.07882177,4.97,1.386
18788,60.38354244,-1.54965977,5.28,-0.133
18805,60.44223468,9.99801668,5.67,0.005
18859,60.65310384,-0.26892309,5.38,0.516
18907,60.78908352,5.98930513,3.91,0.032
18926,60.85311344,-20.14379611,6.47,-0.178
18957,60.93585228,5.43562442,5.32,-0.080
18975,60.98585128,8.19726936,5.45,0.371
18990,61.03628132,-16.58872807,6.36,1.266
18993,61.04114570,2.82694713,5.36,0.505
19009,61.09030616,24.10599281,5.46,0.813
19011,61.09464958,-12.79229521,5.62,1.062
19018,61.11317347,59.15550727,5.00,0.495
19037,61.17042699,-20.38186390,6.12,1.157
19038,61.17381506,22.08192566,4.36,1.064
19076,61.33440892,22.00890535,5.90,0.620
19095,61.40598316,-27.65180738,5.59,0.324
19111,61.44462918,-20.51256265,6.34,0.918
19121,61.48544616,-8.85610469,6.27,0.063
19129,61.51325851,68.67997255,5.88,1.543
19167,61.64601411,50.35126182,4.25,-0.011
19171,61.65171900,27.59990322,5.18,-0.124
19172,61.65265668,54.00866333,6.31,0.983
19177,61.66183820,65.52079786,6.14,0.145
19205,61.75189443,29.00129953,5.21,0.359
19222,61.79491166,74.00035891,6.49,0.977
19233,61.83975782,-64.22229100,6.37,0.636
19261,61.92492939,15.16278798,6.02,0.397
19284,61.99756702,17.33989656,5.89,1.497
19302,62.06411550,37.72749282,6.07,0.943
19335,62.15256811,38.03973329,5.52,0.520
19343,62.16537820,47.71251275,3.96,-0.025
19376,62.25653961,13.39828055,5.94,0.052
19388,62.29152955,19.60921676,5.51,1.077
19398,62.32431519,-16.38587484,5.45,-0.147
19400,62.34264279,54.82886164,6.25,0.448
19412,62.36488029,59.90807092,6.29,1.112
19434,62.42919556,3.32269690,6.49,0.443
19454,62.50682624,86.62613867,5.84,0.393
19461,62.51143299,80.69868138,5.10,0.589
19483,62.59384111,-6.92385241,5.44,0.941
19509,62.69112964,-35.27378725,6.43,1.070
19511,62.69902023,-8.81981407,5.70,1.057
19513,62.70775376,26.48095174,5.39,0.352
19515,62.71078867,-41.99357326,4.93,0.334
19525,62.74592063,33.58679214,5.75,1.412
19554,62.83450749,5.52304720,5.71,0.360
19571,62.90084954,-20.35615701,5.80,0.165
19587,62.96641752,-6.83758114,4.04,0.327
19590,62.98390205,-8.83748537,6.45,0.950
19601,63.00113545,-17.27473213,6.41,0.968
19641,63.13064454,17.27745965,6.09,1.081
19672,63.21352042,22.41345790,6.14,0.171
19673,63.21592557,68.50115452,6.33,1.169
19719,63.38793263,7.71604492,5.29,0.366
19720,63.39404302,10.21245807,6.24,0.021
19721,63.39883803,-40.35776359,6.36,1.468
19725,63.40895274,-1.14973703,6.45,-0.125
19730,63.43676408,72.12614745,6.05,1.019
19736,63.45765387,12.75370109,6.25,1.143
19740,63.48493908,9.26382406,4.84,0.799
19746,63.49872335,37.96714722,6.47,1.029
19747,63.50047645,-42.29436792,3.85,1.085
19777,63.59870269,-10.25628292,4.87,1.156
19780,63.60618205,-62.47385803,3.33,0.915
19799,63.65097556,10.01140644,5.22,-0.085
19805,63.70227288,-62.19181137,5.45,1.106
19810,63.71694561,37.54266994,6.31,0.958
19811,63.72215672,40.48367149,4.67,1.007
19812,63.72442567,48.40933095,4.12,0.935
19823,63.75747950,57.46036143,6.06,0.600
19849,63.81800057,-7.65287058,4.43,0.820
19859,63.87000291,6.18685798,6.32,0.570
19860,63.88357189,8.89235703,4.27,-0.054
19877,63.94284856,15.40069510,6.31,0.400
19893,64.00660681,-51.48664800,4.26,0.312
19917,64.08739702,-60.94848212,6.34,0.097
19921,64.12095285,-59.30215628,4.44,1.078
19949,64.17953476,53.61179910,5.20,0.052
19968,64.22314808,61.84998933,5.69,-0.116
19983,64.28374481,57.86035488,5.72,1.108
19990,64.31525283,20.57859097,4.93,0.259
19996,64.33009240,-6.47217752,5.95,1.078
20020,64.41780159,-63.25540535,5.88,-0.061
20039,64.46585433,80.53578362,6.39,0.947
20042,64.47359293,-33.79834786,3.55,-0.108
20049,64.49697361,-80.21403275,5.67,0.836
20063,64.53379498,42.14115930,6.22,-0.072
20070,64.56090838,50.29550228,4.60,0.043
20075,64.56698763,-20.71525965,6.00,1.597
20087,64.59667564,21.57929684,5.64,0.277
20106,64.65621743,-22.96972192,6.09,0.302
20109,64.66677107,-52.86009721,6.08,0.489
20138,64.76203477,-33.90461684,6.36,0.132
20156,64.80516403,50.04869508,5.46,0.235
20161,64.81956921,-44.26791929,5.33,1.066
20171,64.85873910,21.14230672,5.50,-0.069
20186,64.90294037,21.77349114,5.34,-0.107
20188,64.90590279,10.12143675,6.31,1.428
20205,64.94834891,15.62764232,3.65,0.981
20219,64.99043425,14.03520115,5.58,0.283
20231,65.04144790,31.95317454,6.16,1.679
20234,65.04796980,50.92093297,5.55,-0.031
20241,65.06012475,41.80806972,5.95,0.962
20250,65.08839870,27.35075361,4.97,1.150
20252,65.10265987,34.56672527,4.93,0.950
20255,65.10462273,18.74260835,6.11,0.404
20261,65.15129355,15.09545334,5.26,0.225
20263,65.16100864,-6.24599466,6.15,0.901
20264,65.16255613,-20.63962187,5.38,-0.027
20266,65.16802237,65.14044145,5.26,0.820
20268,65.17185742,6.13079800,5.76,0.914
20271,65.17847704,-7.59249348,5.85,-0.124
20284,65.21966979,13.86442701,6.15,0.456
20297,65.24194867,-81.57992035,5.78,0.359
20341,65.36266073,-0.09816957,5.86,1.320
20347,65.38048045,-25.72857962,6.08,0.371
20354,65.38819502,46.49887790,4.80,-0.022
20360,65.40630884,-6.28417164,6.45,0.056
20376,65.44854484,60.73562541,5.40,1.497
20380,65.46585794,56.50631755,5.91,0.112
20384,65.47219466,-63.38639132,5.24,0.955
20400,65.51465927,14.07719850,5.72,0.315
20417,65.59470757,20.82141589,5.91,1.660
20430,65.64559841,25.62931425,5.38,-0.041
20455,65.73372189,17.54251420,3.77,0.983
20456,65.74145460,59.61618188,6.18,0.108
20465,65.77363984,-24.89215684,5.81,1.507
20467,65.78232023,-35.54481535,6.38,1.242
20484,65.85442658,16.77725981,5.64,0.310
20493,65.88486187,20.98204451,6.00,0.029
20498,65.89923246,42.42790921,6.25,0.023
20507,65.92021811,-3.74547033,5.17,0.072
20522,65.96593830,9.46096761,5.10,0.074
20533,65.99900779,24.30099180,6.34,0.173
20535,66.00923865,-34.01684639,3.97,1.468
20542,66.02400423,17.44413026,4.80,0.154
20552,66.05086491,-57.07133667,6.28,0.659
20558,66.06034363,12.15798697,6.42,1.408
20579,66.12147997,34.13075775,5.73,-0.054
20591,66.15609410,33.95968652,5.77,0.400
20614,66.23803343,19.04201331,5.97,0.378
20619,66.27223872,-61.23819356,5.94,1.533
20630,66.32966493,-44.16089705,6.38,0.457
20635,66.34235536,22.29387369,4.21,0.136
20641,66.35423116,22.19999802,5.27,0.250
20648,66.37243249,17.92791025,4.30,0.049
20661,66.40548764,15.94100999,6.44,0.509
20698,66.50561867,4.37345085,6.37,1.078
20704,66.52629107,31.43891123,5.29,0.986
20711,66.57693136,22.81358255,4.28,0.263
20713,66.58642154,15.61826526,4.48,0.262
20715,66.58792878,8.59026862,6.06,-0.010
20732,66.65155089,14.71378193,4.69,0.979
20765,66.73720810,-24.08132265,6.11,0.143
20771,66.75290995,2.07940923,6.23,1.087
20772,66.75363526,57.58528970,6.28,0.063
20776,66.76225830,80.82415938,5.42,1.179
20781,66.77489092,-46.94750508,6.10,0.470
20789,66.82269784,22.99633661,5.53,-0.098
20804,66.86986896,11.21230000,5.87,0.049
20825,66.94178419,-62.52120577,5.74,1.005
20842,67.00326498,21.61990692,5.72,0.270
20848,67.01515795,1.85860519,6.14,1.018
20856,67.03943246,-41.95983283,6.41,1.614
20860,67.05530219,83.80779018,5.51,-0.106
20873,67.09751196,14.74097429,5.90,0.325
20877,67.10987536,16.35967226,4.96,1.137
20884,67.13383172,1.38082076,5.53,-0.099
20885,67.14373289,15.96218073,3.84,0.952
20889,67.15416474,19.18043155,3.53,1.014
20892,67.16265745,-19.45887385,5.95,1.215
20894,67.16558676,15.87088266,3.40,0.179
20901,67.20901684,13.04760240,5.02,0.215
20904,67.21663399,30.36149171,6.38,0.547
20922,67.27885610,-13.04836956,5.61,-0.202
20934,67.33369379,-46.51527006,6.13,1.062
20982,67.50151557,83.34037923,5.47,0.855
20985,67.50954139,10.26221428,6.47,1.038
20995,67.53582507,15.63784050,5.58,0.324
20997,67.54168167,-13.59237223,6.22,1.001
21029,67.64013694,16.19401446,4.78,0.170
21036,67.65568103,13.72440227,5.40,0.263
21038,67.66003258,32.45776811,6.18,-0.026
21039,67.66204071,15.69187925,5.47,0.258
21042,67.66804354,-35.65350415,5.95,1.005
21053,67.69498404,16.14869610,6.50,0.428
21060,67.70874876,-44.95374954,5.07,-0.194
21082,67.77996149,15.10503692,6.28,1.725
21108,67.85041188,40.01019287,6.25,0.009
21110,67.85771196,-13.64422195,6.25,0.086
21137,67.96565941,15.85156000,6.01,0.338
21139,67.96944698,-0.04401101,4.91,1.320
21144,67.98727658,36.74268817,6.35,1.089
21148,68.00766596,53.91083011,5.78,0.119
21152,68.02003784,5.41003499,6.37,0.420
21192,68.15647223,-3.20954083,5.76,-0.117
21239,68.34202526,-10.78533350,6.06,1.379
21242,68.35376481,43.06389322,6.09,0.370
21247,68.37782750,72.52860478,5.94,0.306
21248,68.37730272,-29.76649190,4.49,0.972
21251,68.38770493,18.01672222,6.24,0.077
21253,68.39145868,-62.82367752,5.79,1.028
21269,68.45072994,9.41356691,6.01,1.061
21273,68.46215732,14.84442444,4.65,0.255
21278,68.47803408,-6.73890765,5.71,-0.128
21281,68.49907315,-55.04497465,3.30,-0.079
21295,68.53444548,5.56861606,5.67,0.055
21296,68.54845226,-8.23135239,5.20,1.708
21297,68.54904299,-8.97025763,5.24,1.465
21298,68.55913890,-6.83780885,6.09,1.384
21323,68.65829859,28.96115052,5.88,-0.048
21324,68.65892424,-24.04049971,6.37,1.137
21363,68.75296305,-19.92138406,6.12,1.174
21393,68.88766065,-30.56234148,3.81,0.957
21402,68.91358400,10.16078965,4.25,0.184
21408,68.92733379,19.88179113,6.33,0.754
21421,68.98016110,16.50930139,0.87,1.538
21428,69.00696967,-3.61164120,6.34,-0.100
21444,69.07975664,-3.35245903,3.93,-0.210
21452,69.10082308,64.26160210,5.91,-0.009
21459,69.12140608,23.34085483,6.01,0.380
21476,69.17262260,41.26480803,4.25,1.171
21479,69.18996817,-62.07715439,5.59,1.500
21486,69.21221270,-30.71677891,6.28,-0.095
21515,69.30697237,0.99831413,5.32,-0.107
21517,69.31157507,18.54303156,6.49,0.810
21525,69.33028177,-41.87294427,6.40,0.167
21547,69.40054960,-2.47354823,5.22,0.283
21588,69.53935407,16.03329069,5.78,0.312
21589,69.53942698,12.51083801,4.27,0.122
21594,69.54510028,-14.30401978,3.86,1.082
21604,69.56595752,20.68472222,5.85,-0.019
21611,69.59052172,-77.65600304,6.05,1.080
21644,69.72314537,-12.12312125,4.99,0.074
21666,69.76792366,-51.67275213,6.45,1.321
21670,69.77565406,7.87097645,5.38,0.257
21673,69.78840390,15.79984564,5.08,0.141
21683,69.81875764,15.91797673,4.67,0.147
21685,69.83212910,-14.35919211,5.46,1.054
21689,69.84645135,25.21827419,6.21,0.176
21718,69.94675813,-1.05245905,6.11,0.943
21727,69.97783327,53.07953529,5.07,1.079
21730,69.99195325,53.47302066,5.36,0.331
21735,70.01423960,12.19760933,5.45,-0.121
21743,70.02833922,-24.48236829,5.56,0.926
21763,70.11046417,-19.67149284,4.32,1.599
21770,70.14046881,-41.86375251,4.44,0.342
21819,70.33233566,28.61499392,5.73,0.018
21823,70.35053554,48.30088121,5.66,0.002
21847,70.45940195,38.28018222,5.97,0.593
21861,70.51450254,-37.14429672,5.04,0.391
21881,70.56125702,22.95692604,4.27,-0.112
21914,70.69343174,-50.48133388,5.30,0.977
21928,70.72636135,43.36513795,5.30,0.028
21949,70.76651415,-70.93102736,5.53,-0.114
21958,70.78872184,-30.76555689,5.66,1.391
21961,70.80732267,24.08891999,6.18,0.544
21972,70.83997399,49.97378898,5.86,0.013
21986,70.89477018,-8.79431701,5.98,0.645
21998,70.93446793,-41.06478796,6.24,1.468
22003,70.95100461,32.86545887,6.49,0.311
22024,71.02216938,-8.50357058,5.78,-0.076
22028,71.03325764,-18.66658599,5.53,0.025
22034,71.05424939,40.78645446,6.09,0.040
22040,71.08813792,-59.73273311,5.28,0.206
22044,71.10761816,11.14613659,5.39,0.251
22081,71.24125480,-63.22971492,6.46,1.077
22086,71.26733841,-21.28338279,5.72,1.476
22109,71.37562968,-3.25465749,4.01,-0.148
22128,71.42694799,23.62799571,6.34,0.058
22144,71.48104666,-39.35661915,6.04,1.065
22152,71.50239619,76.61104235,6.46,0.512
22157,71.50725414,11.70559099,5.35,0.197
22176,71.57011995,18.73469274,5.99,1.221
22189,71.60068092,-2.95453230,6.33,0.041
22192,71.60729076,-28.08744399,6.18,0.189
22220,71.68532772,40.31259017,5.99,0.934
22263,71.90121577,-16.93445603,5.49,0.632
22280,71.95657191,-30.02037179,6.35,1.071
22287,72.00113806,56.75718336,5.29,0.246
22300,72.02927149,55.60261149,6.32,0.320
22325,72.13555403,-16.32948449,5.76,0.537
22336,72.15160693,-5.67404466,5.77,0.631
22354,72.18593721,3.58852633,6.04,1.200
22361,72.20980564,75.94121963,5.96,0.283
22393,72.30352712,31.43737497,5.57,1.132
22407,72.32948838,32.58819079,5.84,0.250
22439,72.42601877,-13.76966904,6.27,0.456
22441,72.43367468,15.90422125,6.09,1.551
22449,72.46004413,6.96127568,3.19,0.484
22453,72.47765965,37.48827484,4.89,1.447
22479,72.54840181,-16.21715883,5.03,0.992
22488,72.56742054,-41.32084790,6.06,0.408
22508,72.65161983,70.94152827,6.36,-0.069
22509,72.65300729,8.90017585,4.35,0.010
22531,72.73045338,-53.46150774,5.58,0.341
22534,72.73538906,-53.45969766,6.42,0.483
22545,72.78885722,48.74068466,5.64,1.013
22549,72.80151623,5.60510396,3.68,-0.157
22565,72.84359342,18.83986122,5.08,0.214
22573,72.86756778,-34.90628652,5.82,0.105
22597,72.93076482,9.97507788,6.11,0.060
22607,72.95828453,13.65515521,6.30,0.502
22626,73.02174730,63.50542084,5.47,1.559
22667,73.13317557,14.25064185,4.71,1.773
22678,73.15825132,36.70318691,4.79,1.414
22697,73.19632090,27.89748524,5.97,0.368
22699,73.19898630,42.58662618,5.68,0.115
22701,73.22362423,-5.45269507,4.36,0.257
22717,73.27352101,-72.40768007,6.28,0.521
22720,73.29075683,52.84115502,6.40,0.068
22730,73.34488587,2.50822505,5.33,1.632
22737,73.37706785,-66.67541357,6.43,1.640
22783,73.51254722,66.34267806,4.26,-0.008
22797,73.56290198,2.44067205,3.71,-0.179
22833,73.69540365,11.42600649,5.18,0.121
22834,73.69908791,7.77909728,5.33,1.214
22840,73.71128430,0.46716657,5.98,-0.116
22842,73.71350825,44.06086142,6.06,-0.032
22844,73.72098620,-58.54765194,6.11,0.442
22845,73.72386617,10.15083310,4.64,0.085
22847,73.72838929,-39.62860730,6.11,1.423
22850,73.74317409,19.48538815,6.36,0.292
22854,73.76302196,55.25910865,5.52,0.015
22860,73.77843208,-16.74066998,5.71,0.953
22871,73.79667354,-74.93685192,5.47,1.518
22881,73.82770524,-16.41776658,5.71,0.874
22913,73.95897214,15.04027834,5.79,-0.085
22923,73.99312904,5.39902417,6.50,0.025
22936,74.02947644,52.86976107,5.75,0.105
22938,74.03737436,7.90469591,6.42,0.415
22949,74.06490675,24.59221842,6.33,0.351
22955,74.08369558,36.16853712,6.10,0.352
22957,74.09281008,13.51446582,4.06,1.158
22958,74.10077468,-5.17135630,5.50,-0.123
23015,74.24841152,33.16609031,2.69,1.490
23040,74.32165240,53.75210119,4.43,-0.017
23041,74.32162959,-1.06725769,6.25,0.423
23043,74.34308584,17.15367690,5.51,1.304
23060,74.43618753,-14.23191997,6.15,-0.202
23068,74.45269677,23.94856215,5.79,1.109
23088,74.53913863,25.05040555,5.79,0.018
23092,74.54546635,-2.21273764,6.34,0.110
23123,74.63709138,1.71401579,4.47,1.369
23148,74.71235207,-82.47051254,5.84,0.932
23161,74.74754448,14.54324012,6.14,0.156
23166,74.75568295,-16.37602687,5.65,0.447
23179,74.81420672,37.89024467,4.93,0.037
23216,74.94303516,53.15545092,6.09,1.462
23221,74.96021841,-10.26332504,5.39,0.797
23231,74.98223836,-12.53741569,4.78,0.267
23251,75.05514481,-78.30000917,6.29,1.517
23261,75.07641266,39.39470095,5.95,0.415
23265,75.08633624,81.19408784,5.09,1.304
23268,75.09673067,39.65465296,6.46,1.677
23296,75.16586704,-2.06603234,6.31,0.293
23311,75.20416706,-5.75367544,6.22,1.049
23362,75.35658602,-20.05191838,4.91,-0.047
23364,75.35976995,-7.17396548,4.80,-0.164
23377,75.39384524,-39.71804567,6.02,0.893
23380,75.40018104,61.07799645,6.03,0.448
23408,75.45980428,0.72211174,5.91,1.267
23416,75.49222568,43.82330836,3.03,0.537
23419,75.50009956,1.60886500,6.45,-0.050
23430,75.54092425,-26.27502946,5.01,1.056
23442,75.58255646,74.26936765,6.05,1.562
23446,75.59501962,-31.77133289,5.92,1.170
23453,75.61952888,41.07583744,3.69,1.154
23467,75.67916017,-71.31430012,5.30,0.996
23474,75.68743051,-22.79505224,5.74,1.188
23475,75.68914486,-4.21012059,5.86,1.212
23482,75.70285908,-49.15140722,5.37,0.421
23484,75.71016326,66.82297419,6.20,0.509
23497,75.77394720,21.58996241,4.62,0.155
23511,75.82765301,41.44164613,6.11,0.188
23522,75.85454190,60.44224552,4.03,0.921
23551,75.96718547,-14.37023055,6.42,-0.187
23554,75.97196597,-24.38815073,5.61,0.094
23555,75.97480408,-41.74495040,6.30,0.528
23582,76.05332155,73.76388719,6.21,1.609
23583,76.06068848,30.49458778,6.14,1.208
23589,76.08995490,21.27793057,6.20,1.324
23595,76.10167557,-35.48297839,4.55,1.177
23596,76.10898740,-35.70510912,6.32,0.311
23607,76.14228959,15.40410527,4.65,-0.064
23617,76.16528316,74.06695506,6.10,0.018
23643,76.22719442,-3.03967474,6.04,-0.117
23649,76.24172658,-49.57783750,5.05,1.484
23653,76.25252478,-54.40740089,6.26,1.554
23668,76.31748300,-26.15239077,5.71,1.166
23680,76.34881935,1.17762655,6.10,3.332
23685,76.36526770,-22.37103258,3.19,1.460
23693,76.37773246,-57.47270388,4.71,0.526
23695,76.38375035,19.80672321,6.48,0.219
23724,76.50382388,35.93638813,6.49,0.184
23734,76.53521982,58.97237221,5.22,-0.080
23737,76.53872947,-73.03767280,6.26,0.010
23743,76.55057203,59.02133980,6.08,1.112
23766,76.62377867,61.16975617,6.00,1.380
23767,76.62871992,41.23447447,3.18,-0.148
23777,76.65309852,-13.12262246,6.04,-0.030
23783,76.66929484,51.59772034,4.98,0.343
23794,76.69021954,-4.65516319,5.12,-0.059
23799,76.70648094,43.17470463,6.20,0.444
23818,76.79063932,-19.39186841,6.47,0.648
23831,76.85401374,-12.49126950,5.97,0.606
23835,76.86252530,18.64505209,4.91,0.657
23840,76.89178129,-63.39967892,5.19,1.646
23852,76.90963784,9.47177996,6.15,0.625
23871,76.95165826,20.41837870,5.28,0.118
23874,76.95753221,-12.59265763,6.33,1.617
23875,76.96243797,-5.08644618,2.78,0.161
23879,76.97039079,8.49842889,5.33,0.338
23883,76.98098305,21.70482079,5.84,0.168
23900,77.02759748,24.26517479,5.50,0.030
23908,77.05523928,-15.09535382,6.38,0.889
23916,77.08412539,-8.66532440,5.80,-0.059
23941,77.18208035,-4.45620729,5.11,0.455
23972,77.28659571,-8.75408096,4.25,-0.187
23983,77.33184125,9.82957855,5.43,0.249
24003,77.40299706,69.63940123,6.43,1.101
24010,77.42481287,15.59723234,4.81,0.313
24017,77.43544492,64.91949060,6.37,0.448
24019,77.43788444,28.03046113,5.93,0.311
24041,77.51359032,-0.56532270,6.11,1.098
24072,77.57836259,37.30185375,6.02,0.720
24109,77.67883284,46.96206999,5.67,0.452
24114,77.68579984,-25.91046263,6.40,1.246
24130,77.74177007,-2.25411400,6.24,0.984
24162,77.82990325,-2.49078242,5.89,0.462
24169,77.84529701,-11.84908878,5.60,1.350
24193,77.90964516,29.90358010,6.42,1.752
24197,77.92318143,16.04567302,5.18,1.525
24203,77.93896231,1.03702762,5.88,0.662
24244,78.07459272,-11.86921875,4.45,-0.099
24254,78.09357738,73.94667428,5.44,-0.108
24294,78.20053766,-6.05719037,5.90,0.960
24305,78.23292017,-16.20546821,3.29,-0.110
24313,78.26172771,61.85003969,6.17,0.032
24327,78.30782374,-12.94129154,4.36,-0.094
24331,78.32283913,2.86126547,4.46,1.166
24332,78.32269011,37.33730889,6.48,0.542
24340,78.35715692,38.48449794,4.82,0.189
24348,78.38018262,62.69113164,6.49,0.204
24349,78.38148694,1.96768423,6.08,0.421
24372,78.43939254,-67.18525507,4.81,1.274
24377,78.44689237,0.56042347,6.33,1.463
24384,78.47222505,-52.03075511,6.03,1.392
24394,78.49978871,-14.60687172,6.22,0.377
24426,78.62019205,-35.97699618,5.75,1.009
24436,78.63446812,-8.20164055,0.18,-0.030
24440,78.64800671,76.47276114,6.36,-0.011
24450,78.68353428,5.15615058,5.50,1.369
24451,78.68446479,53.21394892,6.16,0.084
24479,78.79750944,59.40568686,6.15,1.179
24493,78.82709127,-1.40904004,6.15,0.401
24504,78.85163722,32.68760021,5.01,0.222
24505,78.85155213,-26.94350871,5.06,-0.067
24507,78.85348827,-73.58847504,6.49,0.150
24512,78.86522427,22.28485838,6.26,0.075
24520,78.91172595,-52.18217884,6.48,1.213
24555,79.01722563,11.34135364,5.52,-0.012
24560,79.04399461,-11.35255333,6.45,0.670
24575,79.07562348,34.31231693,5.99,0.199
24607,79.17100018,1.94732840,6.42,-0.015
24608,79.17232940,45.99799111,0.08,0.795
24659,79.37120834,-34.89520756,4.81,0.987
24674,79.40162477,-6.84440942,3.59,-0.115
24679,79.41767376,-13.51982564,5.48,0.932
24727,79.54403740,33.37161284,4.54,1.252
24732,79.55515259,73.26807130,5.81,-0.023
24738,79.56540451,42.79211104,5.55,1.492
24740,79.57874753,33.76734840,6.15,-0.043
24771,79.66802500,40.46512397,6.22,1.386
24786,79.71030085,-18.13005042,5.96,0.572
24799,79.75012031,33.74839374,5.38,-0.167
24813,79.78531028,40.09905150,4.69,0.630
24817,79.79674571,2.59580646,5.34,0.412
24820,79.81121520,20.13459599,6.12,1.020
24822,79.81917563,22.09649397,4.96,0.937
24825,79.82265507,-18.51991951,6.37,-0.134
24829,79.84222880,-50.60596740,5.44,0.517
24831,79.84868696,-27.36888386,5.98,-0.022
24832,79.84892765,33.98542063,6.49,0.256
24836,79.86607163,58.11736470,6.13,-0.031
24845,79.89385195,-13.17678850,4.29,-0.235
24847,79.89701681,-1.41189191,6.33,-0.105
24873,79.99593136,-12.31558519,5.29,-0.104
24879,80.00383775,33.95805371,5.05,0.287
24881,80.00965949,44.42538311,6.49,1.331
24902,80.06112383,41.08621224,5.46,0.122
24909,80.08628856,-34.69885610,6.34,0.318
24914,80.09421143,62.65371097,5.64,1.728
24925,80.11002841,-5.36752834,6.40,-0.047
24927,80.11216036,-21.23976341,4.70,-0.048
24955,80.16950002,66.74687848,6.39,0.921
24960,80.18234154,2.54478004,6.43,1.041
24977,80.23589536,19.81434677,6.20,1.229
24984,80.24722575,27.95726172,6.35,0.039
25001,80.30286394,29.56988416,5.66,0.060
25007,80.32025332,-34.34505134,6.05,-0.176
25011,80.33044515,4.01194832,6.49,-0.089
25028,80.38268143,-0.41649110,5.68,-0.125
25041,80.43150113,8.42855620,5.78,-0.114
25044,80.44061639,-0.38246516,4.72,-0.168
25045,80.44272695,-24.77298153,5.06,0.662
25048,80.45173208,41.80457259,5.22,-0.129
25059,80.48045745,-17.60363127,6.47,1.206
25098,80.59227766,-56.13440059,6.10,-0.091
25110,80.63971624,79.23114864,5.08,0.506
25142,80.70833393,3.54445246,4.99,-0.096
25143,80.70964521,41.02926041,5.54,0.127
25180,80.79997688,-26.70543333,6.49,0.505
25187,80.82712628,-8.41559518,5.99,-0.037
25192,80.84529794,28.93676141,6.45,-0.040
25194,80.85010321,-39.67842334,5.73,1.626
25197,80.86601143,57.54439534,5.24,-0.011
25202,80.87565198,-13.92735207,5.25,-0.219
25205,80.87943982,5.32308613,6.34,0.123
25216,80.90710623,16.69929844,6.09,0.141
25223,80.92628878,-0.15981802,5.69,-0.208
25240,80.96387444,-0.86662187,6.13,0.483
25247,80.98678426,-7.80806458,4.13,0.943
25278,81.10609747,17.38353401,5.00,0.544
25280,81.11870729,-16.97578068,5.64,-0.001
25281,81.11923643,-2.39714624,3.35,-0.240
25282,81.12045060,-0.89132828,5.07,0.961
25288,81.15041942,2.35316484,6.33,-0.145
25290,81.16009827,31.22391225,6.30,1.251
25291,81.16049729,31.14314791,5.94,0.034
25292,81.16309118,37.38534566,5.02,1.445
25301,81.18666988,36.19994556,6.49,1.645
25302,81.18677733,1.84644465,4.89,-0.200
25303,81.19286229,-52.31624551,6.26,0.067
25317,81.23157209,-44.22568397,6.09,1.195
25322,81.24756635,73.70719767,6.48,1.738
25329,81.25726707,-10.32888694,5.60,1.543
25336,81.28276276,6.34970223,1.64,-0.224
25368,81.40207508,-1.49129356,6.44,-0.162
25378,81.44591094,0.52024381,6.18,-0.178
25397,81.49927144,-19.69539929,5.78,0.441
25401,81.50985205,-5.51850149,6.24,-0.047
25410,81.52384431,16.70016073,6.23,-0.084
25428,81.57297249,28.60745001,1.65,-0.130
25429,81.58028197,-58.91252040,5.14,0.986
25453,81.66179094,6.86865787,6.41,-0.023
25471,81.70334644,34.39180992,5.92,0.138
25473,81.70928488,3.09567448,4.59,-0.199
25475,81.71367662,33.26225838,6.18,1.152
25476,81.72632329,35.45727246,6.17,1.453
25482,81.74917996,-68.62254374,6.02,0.346
25486,81.76984646,-11.90096362,6.30,0.553
25488,81.77216893,-40.94350961,5.86,0.239
25492,81.78447075,30.20860309,5.69,0.175
25499,81.79205662,17.96221647,5.40,-0.090
25502,81.80789376,15.25763050,6.18,0.083
25505,81.81417297,2.34119997,6.36,0.965
25532,81.90208565,-21.37571282,6.08,1.032
25539,81.90868809,21.93696527,4.88,-0.140
25541,81.91202636,34.47589210,5.08,1.400
25555,81.94003547,15.87405219,5.52,0.015
25580,82.00390375,33.76370337,6.41,0.510
25582,82.00612753,1.29825085,6.41,-0.173
25583,82.00671105,17.23912965,5.77,1.634
25606,82.06134664,-20.75944097,2.81,0.807
25608,82.06389840,-37.23076663,5.56,0.026
25638,82.14489090,13.67897917,6.35,0.168
25667,82.23712269,-3.30742896,6.39,-0.007
25695,82.31875058,25.15021515,5.47,-0.042
25708,82.34868860,-3.44639371,5.80,1.149
25730,82.41939302,29.18646428,6.20,0.476
25732,82.42342291,-0.80251235,6.49,0.251
25737,82.43325693,-1.09223896,4.71,1.592
25751,82.47822515,1.78926021,5.77,-0.192
25768,82.53949875,-47.07765472,5.46,0.615
25769,82.54250849,63.06722047,5.43,1.704
25776,82.55786645,-84.78510392,6.18,-0.003
25781,82.56613340,-63.92768564,6.19,0.225
25785,82.58301422,4.20479467,6.21,1.280
25786,82.58647242,-7.43481130,6.33,-0.194
25790,82.60902153,15.36044913,5.93,0.103
25806,82.68061520,22.46225466,6.29,1.180
25810,82.68785216,39.82591644,6.38,0.986
25813,82.69604907,5.94813905,4.20,-0.143
25816,82.70271318,41.46199446,5.99,1.112
25853,82.78177839,-20.86365911,5.53,0.012
25859,82.80314914,-35.47051883,3.86,1.130
25861,82.81055254,3.29213294,5.46,-0.176
25869,82.83705531,-6.70837887,6.23,-0.178
25887,82.90001691,-45.92531691,5.86,1.349
25911,82.95058672,85.93852841,6.50,0.360
25918,82.97089829,-76.34096400,5.18,1.130
25923,82.98274987,-7.30153704,4.62,-0.261
25930,83.00166968,-0.29909204,2.25,-0.175
25945,83.05312933,18.59423429,4.32,2.060
25950,83.05892516,17.05812808,5.50,-0.004
25973,83.14083580,57.22107088,6.44,0.587
25976,83.15824821,0.01193277,6.15,1.553
25980,83.17230526,-1.59183113,5.34,-0.188
25984,83.18197064,32.19202168,4.71,0.281
25985,83.18256633,-17.82228853,2.58,0.211
25993,83.21422692,-38.51337151,5.45,1.224
26001,83.24820465,-64.22751731,5.34,1.039
26019,83.28078228,-35.13937610,5.75,1.085
26054,83.36417525,32.80117995,6.50,0.094
26063,83.38102748,-1.15607281,5.36,-0.175
26064,83.38179108,18.54023094,5.67,-0.022
26069,83.40632371,-62.48982532,3.76,0.640
26071,83.40922862,34.72556991,6.27,0.170
26072,83.41182597,20.47421635,6.19,-0.034
26079,83.43485122,-54.90228939,6.42,0.550
26093,83.47618338,14.30557814,5.60,-0.118
26104,83.51030148,-7.02375029,6.45,1.116
26106,83.51621197,-1.03572640,6.24,-0.160
26108,83.51686455,-1.47025335,5.92,1.535
26126,83.56988721,3.76689510,5.32,0.051
26149,83.62202473,-0.01234484,6.25,0.997
26169,83.68659394,-73.74127669,5.79,1.717
26176,83.70515458,9.48957923,4.39,-0.157
26190,83.73930258,-61.17604816,6.32,0.845
26197,83.75419528,-6.00926993,5.67,-0.228
26199,83.76117307,-6.00202702,4.78,-0.248
26207,83.78448789,9.93415842,3.39,-0.160
26215,83.80516521,10.24009290,5.60,0.149
26219,83.81447813,-33.07972433,5.76,1.120
26220,83.81592671,-5.38731504,4.98,0.650
26221,83.81860638,-5.38969592,5.13,0.020
26234,83.84298275,-4.42432003,6.24,-0.148
26235,83.84542001,-5.41605966,4.98,-0.097
26237,83.84651740,-4.83835783,4.58,-0.183
26241,83.85826030,-5.90990135,2.75,-0.210
26248,83.86304209,24.03958878,5.37,-0.092
26263,83.89960232,-3.25283997,6.40,-0.122
26264,83.90070165,-78.82083906,6.04,-0.018
26268,83.91451758,-4.85606663,5.24,0.269
26291,83.98124747,27.66234681,6.27,1.529
26300,84.01185745,-47.31374616,6.10,1.159
26309,84.04289816,-28.70801528,6.26,0.151
26311,84.05338934,-1.20191983,1.69,-0.184
26315,84.06649817,47.71529016,6.10,0.295
26344,84.14674026,54.42865852,5.74,1.671
26345,84.14872314,-6.06475163,5.71,-0.212
26363,84.21839993,40.18237527,6.08,1.032
26366,84.22661625,9.29067267,4.09,0.951
26368,84.22907776,-66.56028737,6.28,-0.052
26382,84.26556585,17.04032437,5.53,0.237
26386,84.26826049,11.03500456,5.97,1.592
26394,84.29121542,-80.46912192,5.65,0.600
26395,84.28655172,-11.77551545,6.10,0.051
26396,84.28685582,26.92447311,5.83,-0.075
26408,84.31278966,64.15468970,6.15,0.006
26410,84.31675851,66.69669204,6.26,0.231
26412,84.31877867,-27.87136202,6.15,0.322
26414,84.33045889,8.95187453,6.11,-0.170
26427,84.36398985,-5.93839105,6.03,-0.210
26451,84.41119070,21.14254914,2.97,-0.148
26460,84.43590756,-28.68969042,5.28,0.486
26463,84.44086175,33.55916717,6.36,1.306
26477,84.47243952,-4.81403405,6.16,-0.029
26487,84.50466286,7.54141958,5.87,-0.061
26515,84.57258442,-50.64099500,6.43,-0.047
26535,84.65822074,-6.57395870,5.96,-0.216
26536,84.65868856,30.49241235,5.40,0.450
26545,84.68135383,-40.70730651,5.81,-0.078
26549,84.68653333,-2.60006888,3.77,-0.190
26563,84.72117914,-7.21282887,4.77,0.139
26571,84.73905123,26.61806858,6.45,0.980
26592,84.78623595,41.35856252,6.44,1.000
26594,84.79644308,4.12146684,4.50,-0.098
26602,84.81759927,-17.84940834,6.40,-0.095
26606,84.82630008,29.21521266,5.98,0.144
26616,84.86295046,21.76292896,6.42,0.066
26623,84.87850386,-9.70662843,6.49,-0.107
26624,84.87979574,-3.56470434,5.99,0.294
26634,84.91224946,-34.07410786,2.65,-0.120
26638,84.93210360,75.04387153,6.19,1.606
26640,84.93416238,25.89709109,5.18,-0.150
26649,84.95766851,-32.62921597,5.44,0.913
26712,85.14961344,31.35819733,6.04,0.037
26713,85.15539959,-2.82523646,6.22,-0.194
26718,85.17521009,31.92060752,6.23,2.088
26727,85.18969642,-1.94257224,1.74,-0.199
26728,85.19246385,-10.40866377,6.46,-0.127
26736,85.21131127,-1.12878734,4.95,-0.197
26762,85.27331504,0.33775349,5.93,0.311
26777,85.32382800,16.53414784,4.84,-0.125
26779,85.33473195,53.48105779,6.21,0.840
26781,85.33740590,29.48741847,6.40,-0.081
26796,85.36218803,-33.40074140,6.35,-0.040
26820,85.41807425,-2.89645742,6.41,0.320
26821,85.42296177,-16.72583023,6.22,-0.136
26853,85.51660606,22.66032496,6.35,1.194
26862,85.54824624,-30.53544235,6.18,0.023
26865,85.55815948,-22.37371529,5.88,0.080
26866,85.56031748,-17.53037637,6.15,1.376
26868,85.56331056,-34.66781208,5.29,-0.032
26882,85.61019972,65.69764919,5.62,1.249
26885,85.61930036,1.47462889,4.90,1.144
26926,85.72464575,-6.79616764,5.97,0.447
26942,85.75697735,56.58152233,6.05,0.951
26953,85.78882746,-1.61324837,6.31,1.467
26964,85.83126075,23.20437201,6.23,-0.071
26966,85.84029272,-18.55747532,5.73,-0.014
26981,85.87577381,-39.40690791,6.25,0.377
27001,85.92141307,-45.83286415,6.38,0.295
27046,86.03519496,61.47653572,6.17,0.902
27072,86.11579339,-22.44838217,3.59,0.481
27075,86.11831174,-20.12657305,6.34,0.580
27100,86.19324494,-65.73552592,4.34,0.217
27116,86.25536833,12.88833174,6.47,0.234
27118,86.25746644,4.00811130,6.09,0.320
27164,86.37331877,31.32482502,6.50,1.100
27196,86.47516119,49.82625534,5.46,0.030
27204,86.49956252,-32.30643495,5.18,-0.274
27212,86.51195131,-4.26848434,6.24,1.050
27243,86.61405275,-46.59718043,5.31,1.040
27249,86.62662742,56.11557506,5.93,0.164
27253,86.64546663,1.16819333,5.95,0.773
27265,86.68956956,15.82249706,6.00,-0.061
27280,86.71722823,9.52234276,5.78,0.888
27288,86.73891997,-14.82195004,3.55,0.104
27293,86.75017653,51.52087073,6.47,0.898
27303,86.76907248,-28.63891352,6.22,-0.132
27308,86.78251994,-16.23807864,6.18,0.892
27316,86.80479943,14.48832171,5.72,0.077
27317,86.80554395,-54.36072840,6.19,1.406
27319,86.81118882,42.52674832,6.30,1.354
27321,86.82119852,-51.06651408,3.85,0.171
27325,86.82786177,-35.67407481,6.29,1.191
27338,86.85915063,17.72914106,5.47,0.301
27341,86.86204541,-10.53295798,6.04,0.135
27346,86.88433543,63.59884803,6.49,1.010
27353,86.89443919,25.56862307,6.48,1.193
27364,86.92877898,13.89959950,5.28,-0.156
27366,86.93912023,-9.66960478,2.07,-0.168
27386,87.00097591,6.45415624,5.26,0.234
27421,87.09319885,20.86948063,6.03,-0.051
27435,87.14558649,-4.09464788,5.97,0.639
27468,87.25403003,24.56753490,4.88,1.021
27472,87.26938765,62.80818999,6.18,0.128
27483,87.29349215,39.18107112,4.51,0.949
27511,87.38721058,12.65132367,4.89,-0.068
27512,87.39219440,-44.87539374,6.38,1.262
27517,87.40225923,-14.48366552,5.49,0.870
27530,87.45692625,-56.16666304,4.50,1.075
27533,87.47291594,-22.97187168,5.87,0.055
27534,87.47300266,-66.90118696,5.10,-0.128
27549,87.51118949,9.87121816,5.79,0.876
27560,87.55443716,4.42340597,5.96,1.361
27566,87.56993792,-79.36136262,5.46,-0.076
27581,87.62044257,14.30560796,5.54,1.006
27583,87.62008974,-52.76787935,6.32,0.746
27588,87.62510707,2.02469995,5.97,0.953
27621,87.72175357,-52.10887273,5.16,0.960
27625,87.73488004,51.51458334,6.29,1.047
27628,87.73997037,-35.76830865,3.12,1.146
27629,87.74212407,27.96786145,5.60,0.978
27639,87.76015574,37.30557296,4.72,1.621
27654,87.83039904,-20.87908866,3.76,0.984
27658,87.84159920,-7.51800295,5.36,-0.195
27660,87.84621045,-64.03356567,6.35,0.866
27661,87.85729132,32.12469395,6.28,1.752
27670,87.86922555,-22.92694661,6.16,1.020
27673,87.87249592,39.14848031,3.97,1.132
27705,87.99827969,-29.44942606,6.47,1.473
27713,88.03220371,-9.04190000,5.95,0.100
27731,88.07189187,58.96408812,6.14,-0.036
27737,88.08417251,-57.15619119,5.93,0.656
27743,88.09288195,14.17178682,5.60,-0.053
27747,88.09752371,19.86784871,5.96,0.549
27750,88.11016089,1.85513381,4.76,1.382
27766,88.13827153,-37.63106312,5.62,1.046
27777,88.16527379,39.57470468,6.40,0.098
27778,88.16705438,33.91746198,6.04,1.579
27795,88.23122108,68.47154145,6.22,0.955
27810,88.27867158,-33.80136075,4.88,-0.154
27830,88.33185862,27.61226208,4.56,-0.008
27890,88.52522878,-63.08962721,4.65,1.022
27900,88.55562596,10.58640344,6.13,1.404
27901,88.55842998,-29.14720570,6.34,0.370
27902,88.56566032,3.22564122,6.30,1.283
27913,88.59576026,20.27617455,4.39,0.594
27937,88.67132891,-49.62700967,6.11,-0.148
27938,88.68179395,-11.77419216,5.62,1.523
27939,88.68348643,0.96861501,5.99,1.328
27947,88.70871631,-52.63548078,5.29,0.295
27949,88.71159201,55.70694671,4.96,0.052
27955,88.71868455,-39.95785707,5.55,1.515
27965,88.73619497,19.74961403,5.92,-0.145
27971,88.74094771,59.88836722,5.20,0.010
27973,88.74578950,31.70149565,5.90,0.144
27989,88.79293860,7.40706274,0.45,1.500
28010,88.87465485,-37.12066784,4.97,1.102
28011,88.87571393,-4.61654589,5.87,1.173
28019,88.89736949,-4.78858712,6.28,0.056
28085,89.05946171,-22.83997545,5.95,1.107
28098,89.08726573,-31.38244043,5.52,0.382
28103,89.10122041,-14.16770015,3.71,0.337
28110,89.11681575,9.50939554,5.97,-0.038
28117,89.14070277,28.94226603,6.35,0.275
28118,89.14349183,-23.21531037,6.37,1.068
28138,89.20419343,-31.97624733,6.44,1.070
28139,89.20604403,11.52105788,5.89,1.111
28154,89.23382671,24.24968920,6.03,0.346
28180,89.30989030,-53.42569357,6.48,1.480
28199,89.38420824,-35.28327968,4.36,-0.165
28205,89.39591517,66.09609939,6.24,1.369
28232,89.47705329,1.22431011,6.22,1.461
28237,89.49856601,25.95391186,4.81,-0.088
28252,89.54879289,-0.99401798,6.21,1.140
28271,89.60184444,1.83710839,5.89,0.223
28287,89.65644542,-44.03456251,5.81,1.061
28296,89.70654952,0.55297945,5.21,0.009
28302,89.72181858,12.80826431,5.70,0.874
28321,89.75449813,-9.38222355,6.15,0.333
28325,89.76796934,-9.55825019,5.04,0.189
28328,89.78668859,-42.81513544,3.96,1.146
28343,89.84074839,49.92453993,5.90,1.194
28358,89.88181908,54.28465615,3.72,1.010
28360,89.88217889,44.94743278,1.90,0.077
28380,89.93028743,37.21258518,2.65,-0.083
28385,89.94094267,55.32085751,6.42,0.318
28390,89.94978330,54.54700954,6.14,1.197
28404,89.98374741,45.93673567,4.30,1.701
28413,90.01395590,-3.07425354,4.53,1.202
28434,90.07358206,-12.90003416,6.21,0.358
28438,90.07874627,44.59201281,6.21,1.128
28484,90.20487606,-51.21631955,5.65,0.207
28499,90.24400567,47.90192321,5.71,-0.007
28500,90.25189281,27.57236241,6.04,0.218
28517,90.29184519,31.03451684,6.18,0.095
28520,90.30457236,-25.41776269,6.04,0.027
28524,90.31790806,-33.91183545,5.54,1.580
28532,90.33447167,85.18211350,6.17,1.564
28561,90.42344169,22.40100142,6.36,-0.071
28562,90.42941253,48.95944511,5.98,1.437
28574,90.46009056,-10.59793045,4.92,-0.128
28596,90.53889907,-60.09683045,6.41,1.508
28614,90.59582821,9.64727656,4.12,0.170
28622,90.64088470,-14.49715719,6.20,0.947
28634,90.68808646,47.80952901,6.49,0.567
28637,90.70251043,49.90567830,6.04,-0.033
28642,90.72290367,43.37833397,6.38,1.205
28644,90.72989008,32.63569677,6.23,0.456
28656,90.76798321,57.01831417,6.50,0.953
28675,90.81501733,-26.28454444,5.03,1.335
28677,90.82482015,42.91156448,6.08,0.979
28686,90.85319827,11.68106483,6.09,-0.035
28691,90.86402644,19.69056101,5.14,-0.097
28716,90.97993717,20.13845182,4.64,0.236
28734,91.03006202,23.26334108,4.16,0.835
28744,91.05625597,-6.70894140,5.19,-0.066
28756,91.08444067,-32.17243044,5.65,-0.186
28764,91.11849797,-45.03660348,6.35,0.517
28765,91.12128345,51.57339462,6.39,0.196
28790,91.16708728,-45.07893163,5.93,0.493
28812,91.24242852,5.41996961,5.67,1.047
28814,91.24316696,4.15867108,5.63,1.041
28816,91.24637164,-16.48443483,4.92,0.196
28820,91.26075710,37.96427204,6.32,0.825
28823,91.26410243,42.98163501,5.90,0.358
28829,91.28428595,59.39321033,6.32,1.116
28831,91.28894166,75.58591908,6.28,1.512
28854,91.36263451,-10.24259585,5.88,0.374
28855,91.36324523,-35.51364740,5.80,0.027
28861,91.39124681,33.59904978,6.23,-0.079
28899,91.52307925,-29.75862360,5.79,0.041
28908,91.53556265,35.38774033,6.12,0.600
28909,91.53909025,-66.03962084,5.72,-0.024
28910,91.53884928,-14.93525430,4.67,0.046
28930,91.59352638,29.51241374,6.01,1.730
28943,91.63373588,-23.11084588,5.46,0.064
28946,91.64624042,38.48264424,5.35,0.251
28949,91.66140133,-4.19383610,5.37,-0.122
28951,91.66314389,63.45383837,6.42,1.011
28957,91.67100239,-42.29880411,6.15,0.246
28984,91.73963818,-21.81229937,5.74,1.584
28988,91.75788184,-45.09150974,6.48,1.162
28991,91.76412331,-62.15458059,5.04,1.256
28992,91.76529380,-34.31202064,5.82,-0.137
29025,91.86149033,41.85428172,6.15,1.202
29034,91.88180321,-37.25292041,5.00,-0.095
29038,91.89302018,14.76847170,4.42,-0.164
29048,91.92349197,-19.16586629,5.28,1.661
29064,91.97024538,-42.15404352,5.50,0.007
29114,92.09639932,41.05572614,6.34,1.044
29129,92.14428651,-44.35621217,6.26,-0.135
29134,92.18442446,-68.84340934,5.06,-0.072
29140,92.19876058,-6.82137290,6.46,0.876
29150,92.24110369,-22.42741193,5.49,-0.010
29151,92.24126418,2.49969231,5.70,0.067
29178,92.33415798,-18.12638533,6.36,-0.040
29185,92.34760310,-49.56283157,6.48,0.502
29196,92.38515480,22.19026207,5.93,1.626
29205,92.39385110,-14.58461863,5.56,1.150
29210,92.40105301,-5.71142896,6.16,0.352
29225,92.43326963,23.11346618,5.75,0.192
29233,92.44643982,-26.70108601,6.27,1.010
29234,92.44984116,-22.77434294,5.71,0.454
29246,92.49589396,58.93569426,5.35,1.096
29263,92.54334962,-40.35379216,5.54,1.665
29271,92.56030656,-74.75304517,5.08,0.714
29276,92.57462060,-54.96864470,4.72,-0.229
29294,92.64450198,-27.15434319,5.72,1.072
29304,92.66636618,-45.28198790,6.28,-0.012
29323,92.75505789,-6.75422121,6.15,0.010
29326,92.75738029,18.13046468,6.37,1.350
29347,92.80690236,-26.48210053,6.08,-0.021
29348,92.80670237,60.45348724,6.48,1.698
29353,92.81242757,-65.58941744,5.01,1.599
29371,92.86629221,13.63856099,6.04,0.021
29379,92.88460768,24.42025265,5.83,1.110
29388,92.90246332,48.71098893,5.78,0.100
29401,92.93214946,-4.66543978,6.18,-0.079
29404,92.94130850,52.64718651,6.28,0.141
29417,92.96589212,-6.55028721,5.06,-0.201
29426,92.98498257,14.20876508,4.45,-0.180
29433,93.00558404,19.79054282,5.76,-0.071
29434,93.01366463,16.13040608,4.95,-0.149
29451,93.08384984,32.69337964,5.78,1.646
29490,93.21276259,65.71842205,5.36,1.344
29509,93.24821987,6.01625794,6.45,1.621
29525,93.30209507,10.62714376,6.43,0.663
29568,93.43873236,-23.86193794,6.37,0.713
29569,93.43892295,51.17246903,6.07,1.051
29575,93.47597370,-3.74137366,5.83,0.910
29616,93.61909677,17.90635258,5.86,0.253
29629,93.65292854,-4.56845744,5.83,-0.155
29650,93.71198632,19.15644813,5.20,0.430
29651,93.71388683,-6.27477613,3.99,1.319
29655,93.71940501,22.50679887,3.31,1.600
29678,93.78529977,13.85109850,5.91,-0.231
29679,93.78501077,-20.27218585,5.88,1.322
29692,93.82384512,-18.47716263,5.99,1.058
29696,93.84453777,29.49807609,4.32,1.021
29704,93.85469975,16.14317514,5.34,-0.101
29705,93.85895219,-9.03575710,6.09,-0.081
29711,93.87363793,-4.91471938,5.99,0.097
29716,93.89277120,-0.51218939,5.62,0.506
29728,93.91740393,6.06616571,6.07,-0.124
29730,93.91892108,59.99897555,5.37,1.339
29735,93.93702565,-13.71841389,5.00,-0.078
29736,93.93735132,12.55106693,5.44,0.015
29746,93.97488669,1.16907846,6.37,0.443
29771,94.03204520,-16.61800646,5.97,-0.167
29788,94.07827248,-59.21350375,6.44,0.593
29789,94.07935759,23.97002683,6.09,0.897
29798,94.09913376,17.18160731,6.39,1.565
29800,94.11091508,12.27216306,5.04,0.431
29807,94.13806515,-35.14051870,4.37,0.978
29808,94.14828215,-39.26439442,6.00,0.163
29840,94.24460598,23.74090929,6.24,0.446
29842,94.25512924,-37.73744555,5.54,1.129
29843,94.26499633,-22.71522918,6.05,0.576
29850,94.27758229,9.94239049,5.39,0.106
29852,94.28986852,-37.25349784,5.88,0.139
29860,94.31724025,5.10011184,5.70,0.610
29895,94.42384802,-16.81590822,5.15,1.293
29913,94.46560746,-52.73303144,6.40,1.456
29919,94.47841760,61.51528645,5.01,1.843
29931,94.52336734,14.38285898,6.12,0.035
29941,94.55720049,-19.96697434,5.51,-0.163
29949,94.57027368,46.36044349,6.33,1.113
29982,94.66814019,9.04718273,6.24,0.870
29993,94.70329569,-15.02495364,6.04,1.663
29996,94.71076247,-9.39001836,5.36,1.239
29997,94.71157129,69.31978723,4.76,0.025
30011,94.74573027,-20.92561099,5.79,-0.155
30019,94.75767584,17.32525896,6.27,-0.094
30028,94.78304674,-8.58601168,6.22,-0.043
30060,94.90577841,59.01096456,4.44,0.032
30062,94.90904238,-22.10311888,6.29,1.473
30069,94.92065172,-34.39659090,5.76,-0.080
30073,94.92832662,-7.82290853,5.27,-0.177
30093,94.99833381,-2.94449271,4.91,1.613
30099,95.01760007,14.65112701,5.67,1.578
30122,95.07830229,-30.06336730,3.02,-0.160
30141,95.14648993,-23.63796338,6.49,1.132
30143,95.15099808,-34.14414448,5.55,-0.182
30190,95.27262866,-11.81732451,6.32,1.676
30200,95.29965893,29.54081647,6.41,0.048
30214,95.35298026,-11.77323796,5.48,0.002
30217,95.35737714,2.26852250,6.30,0.251
30218,95.35802316,17.76350339,6.32,1.100
30247,95.44220782,53.45217905,5.34,0.448
30272,95.51479935,59.37209929,6.05,0.153
30277,95.52845101,-33.43640007,3.85,0.858
30318,95.65163423,12.57023754,6.00,0.319
30321,95.65947681,-69.98404327,5.56,1.510
30324,95.67493869,-17.95591772,1.98,-0.240
30342,95.73260958,-56.36996941,5.60,0.242
30343,95.74011257,22.51358585,2.87,1.621
30352,95.75606034,-63.68313621,6.30,1.612
30357,95.77653836,56.97634869,6.47,1.075
30376,95.81030887,-31.79031254,6.31,0.893
30382,95.82704542,3.76448930,6.41,-0.149
30407,95.89965810,-9.87472734,6.11,1.841
30419,95.94202277,4.59286494,4.39,0.215
30420,95.94226275,-15.07125707,6.27,1.534
30423,95.94552967,-58.54387101,6.47,0.120
30436,95.98298405,-25.57762938,5.61,1.561
30444,96.00420692,-36.70776389,5.62,1.027
30448,96.00951389,8.88501438,6.24,-0.060
30457,96.04300064,-11.53008787,5.21,1.230
30463,96.05767977,-60.28132508,5.78,-0.001
30468,96.08574427,-12.96193953,6.12,-0.076
30480,96.11081628,-63.42892918,6.45,0.660
30501,96.18228107,25.04871376,6.35,1.210
30503,96.18283247,-28.78011246,6.37,0.626
30505,96.18540315,-40.28397934,6.30,-0.049
30517,96.21987443,16.05712998,6.35,1.063
30520,96.22459464,49.28789300,4.92,1.905
30524,96.23249238,-63.82814393,6.26,-0.119
30541,96.30417063,7.08571320,6.26,0.850
30545,96.31894142,-0.94588261,5.88,0.564
30564,96.36739074,14.72199235,6.30,2.349
30565,96.36928656,-69.69029879,5.37,0.971
30566,96.37502228,-35.06415327,6.24,1.353
30570,96.38724403,23.32716865,6.05,0.020
30591,96.43188386,-48.17689832,5.76,-0.061
30595,96.44639352,-3.88903247,6.33,1.018
30602,96.46802262,11.12588453,6.39,0.077
30608,96.49511772,-7.89498309,6.40,0.145
30627,96.53979555,-3.51569099,6.42,1.039
30651,96.60765486,56.28509613,5.53,0.238
30660,96.64351818,-4.59739964,6.16,-0.151
30666,96.66493823,-1.50733590,5.87,0.070
30669,96.67773862,-14.60342900,6.32,1.242
30675,96.68688283,-7.51193591,6.35,-0.061
30679,96.70363786,58.41740916,5.21,1.538
30700,96.75364689,-4.35565886,6.50,-0.155
30703,96.76719310,-58.00211606,5.82,1.279
30706,96.78160326,-37.89550697,6.48,0.394
30711,96.79735771,-25.85649621,6.05,0.545
30717,96.80733912,0.29924627,5.19,1.186
30720,96.81496414,-0.27599945,5.55,1.376
30728,96.83521215,2.90828786,5.55,1.035
30741,96.89800687,32.56294585,6.43,1.264
30769,96.98613158,20.49631993,6.22,0.041
30772,96.98987304,-4.76215440,5.06,-0.175
30788,97.04253297,-32.58007055,4.47,-0.169
30794,97.06035216,70.53531984,6.03,0.103
30798,97.06986163,1.91267935,6.48,-0.064
30804,97.07839037,10.30389300,6.16,1.150
30815,97.11688989,16.23838644,6.24,0.894
30827,97.14203732,30.49303359,5.75,0.779
30836,97.15591533,-17.46600893,5.76,1.118
30840,97.16351262,-32.37127903,5.74,-0.160
30849,97.17677547,-41.07487720,6.32,0.390
30867,97.20445834,-7.03306250,3.76,-0.113
30883,97.24077812,20.21213298,4.13,-0.115
30906,97.31171469,2.64619444,6.17,1.539
30932,97.36874595,-56.85276588,5.20,1.087
30953,97.45443845,-50.23908480,5.28,0.371
30972,97.51239348,46.68555384,5.88,1.448
30973,97.51254527,-65.56824251,6.28,0.329
30986,97.54698363,-10.08151141,5.92,1.373
30988,97.54924079,-19.21488950,6.44,1.683
31024,97.64535463,-13.14817253,6.16,-0.137
31037,97.69286783,-27.76957483,5.92,-0.156
31039,97.69628396,58.16263323,5.86,0.934
31056,97.74956074,-40.91625353,6.19,1.398
31066,97.78984649,11.25137551,6.17,-0.116
31068,97.79432726,-61.87954465,6.15,-0.147
31072,97.80456464,-35.25884033,5.82,0.813
31079,97.82631681,-51.82595295,5.58,0.534
31084,97.84602021,-12.39195265,5.16,1.262
31086,97.84998056,-32.86854851,6.31,1.665
31099,97.89561782,-36.94002688,6.26,1.599
31105,97.90597386,15.90350125,6.38,0.275
31119,97.95124549,11.54441184,5.22,0.185
31121,97.95859188,-8.15823501,5.43,1.373
31125,97.96402713,-23.41842159,4.34,-0.245
31137,97.99296210,-58.75383492,5.69,-0.057
31158,98.07727220,17.78434936,6.26,0.541
31159,98.08002204,4.85599911,5.88,0.997
31165,98.08911314,-37.69670193,5.25,0.982
31167,98.09637147,-5.86881988,5.60,0.256
31168,98.09697690,11.67351964,6.08,1.069
31173,98.11326881,32.45489801,5.82,0.188
31190,98.16240194,-32.03044680,5.73,-0.180
31205,98.19530677,-11.16638149,6.30,1.096
31216,98.22594705,7.33296511,4.47,0.023
31241,98.29266336,-38.62518958,6.44,0.999
31265,98.35950515,-52.32923392,6.18,1.088
31266,98.36113445,-20.92396108,6.39,0.817
31277,98.40068469,14.15516326,5.57,1.105
31278,98.40800834,-1.22015351,5.09,-0.132
31299,98.45616772,-36.23202924,5.42,1.419
31359,98.63666302,55.35304187,6.45,1.554
31362,98.64721326,-32.71625457,5.62,-0.085
31385,98.69299227,7.57248165,6.44,-0.010
31407,98.74408309,-52.97560700,4.35,-0.021
31416,98.76411763,-22.96479303,4.54,-0.035
31434,98.80025638,28.02231371,5.26,-0.008
31446,98.81594789,0.89021638,5.78,0.004
31448,98.82331955,9.98833531,5.93,1.508
31457,98.85090914,-36.77987945,5.59,-0.130
31469,98.87841116,-22.10905352,6.32,1.030
31509,98.97512181,-36.08863220,6.36,0.486
31564,99.09521000,-18.65990366,5.71,0.848
31579,99.13681827,38.44550006,5.40,2.773
31583,99.14721669,-5.21114314,5.52,-0.082
31592,99.17098928,-19.25587920,3.95,1.037
31593,99.17110073,-22.61473188,6.35,-0.117
31599,99.19416295,-13.32103582,5.95,1.562
31603,99.21364717,-41.55714137,6.36,1.147
31617,99.25786962,-38.14650566,6.03,1.030
31637,99.30764436,-36.99065085,5.72,-0.112
31646,99.35017416,6.13538216,6.05,0.018
31650,99.36370213,24.59085091,6.44,0.101
31662,99.40372865,10.85329349,6.39,1.351
31665,99.40995432,56.85753098,5.87,0.006
31672,99.41802639,2.70415848,6.17,1.080
31674,99.41997044,-12.98511577,6.11,0.994
31676,99.42244098,61.48123297,5.94,0.899
31681,99.42792124,16.39925217,1.93,0.001
31685,99.44029726,-43.19593364,3.17,-0.103
31688,99.44841227,-32.33973479,5.25,1.177
31697,99.46960061,4.95666993,6.14,0.091
31700,99.47259046,-18.23747772,4.42,1.137
31703,99.47870916,73.69563566,6.26,0.396
31711,99.50151310,-61.53338720,6.15,0.624
31733,99.58523390,-2.54389671,6.14,1.470
31736,99.59545285,-23.58032143,6.48,0.664
31737,99.59586146,28.98435357,5.76,-0.001
31758,99.64760969,-16.87354681,6.01,0.042
31765,99.65681639,-48.22018309,5.05,0.997
31766,99.65911471,1.61351838,6.23,0.086
31771,99.66473993,39.39085404,5.70,1.367
31789,99.70491759,39.90255877,5.34,-0.075
31813,99.77208373,22.03088108,6.09,1.027
31827,99.81966316,-14.14576374,4.82,1.459
31832,99.83260944,42.48887688,4.80,1.236
31850,99.88117853,24.60016223,6.43,0.523
31852,99.88800004,28.26313404,6.02,-0.087
31859,99.90093613,-23.69566242,6.05,-0.031
31870,99.92775298,-30.47049071,5.70,1.134
31876,99.94881830,12.98276822,5.99,0.063
31889,99.99119060,44.01411403,6.35,1.222
31897,100.01204212,-80.81359263,5.61,0.214
31940,100.12032172,77.99578247,5.75,1.488
31946,100.13438247,71.74878589,5.88,1.223
31977,100.24001559,-71.77519249,6.50,1.110
31978,100.24441938,9.89575411,4.66,-0.233
31992,100.27266964,0.49532315,5.79,-0.094
32007,100.30903869,-40.34984726,6.16,-0.146
32012,100.32175100,11.00319742,6.19,1.675
32019,100.33707447,28.19663826,6.45,1.090
32020,100.34142273,16.39765002,6.28,-0.016
32040,100.40732059,35.93192781,6.48,0.509
32064,100.48494554,-9.16753661,5.21,1.525
32067,100.49679552,6.34542468,6.36,-0.084
32091,100.56825225,-38.39879116,6.28,0.346
32104,100.60136180,17.64530307,5.20,0.063
32144,100.69185078,-22.44859026,6.26,0.321
32173,100.77071436,44.52444991,5.04,1.479
32177,100.77755909,3.03380071,6.18,1.366
32190,100.80726021,37.14737556,6.21,1.026
32208,100.84730263,-39.19311834,6.30,0.258
32222,100.90315741,-73.11820841,6.36,0.960
32226,100.91102307,3.93252783,5.88,-0.046
32246,100.98302496,25.13112417,3.06,1.377
32249,100.99705285,13.22801729,4.49,1.167
32261,101.04796069,53.29593884,6.28,1.089
32268,101.05218189,36.10925831,6.37,0.065
32269,101.05329474,-54.69550718,6.47,-0.119
32292,101.11861215,-31.07052270,5.23,-0.127
32311,101.18941202,28.97093164,5.42,1.445
32322,101.21646654,-27.34166640,6.43,0.550
32332,101.23186146,-70.43375840,6.10,1.335
32362,101.32235266,12.89559111,3.35,0.443
32366,101.34558198,-31.79366094,5.92,0.491
32368,101.34735303,-23.46243182,6.04,1.205
32385,101.37995280,-30.94898055,5.62,-0.138
32402,101.47382449,-52.40969129,5.81,1.551
32404,101.47582650,12.69356138,6.47,0.344
32411,101.49747737,-14.79612726,5.30,0.075
32434,101.55062201,-37.77532477,6.19,-0.123
32438,101.55888293,59.44167001,4.86,0.084
32439,101.55896087,79.56481097,5.44,0.525
32463,101.63506596,8.58715267,5.92,-0.173
32474,101.66256946,-10.10736009,5.66,-0.048
32477,101.67355538,-54.69502803,6.45,0.858
32480,101.68474499,43.57742706,5.24,0.575
32489,101.70628930,57.16917622,5.34,0.964
32492,101.71288292,-14.42597080,5.28,-0.024
32494,101.71947180,-51.26566708,5.39,1.330
32500,101.74404947,-87.02496433,6.46,0.429
32504,101.75617962,-21.01540172,6.07,-0.159
32531,101.82795433,-55.53998822,5.60,1.549
32533,101.83262738,8.03725399,4.77,1.396
32537,101.83916434,-37.92969815,5.27,-0.078
32539,101.84773807,18.19345182,6.35,0.066
32558,101.90508797,-8.99850257,5.08,1.795
32562,101.91490037,48.78947643,5.22,1.131
32578,101.96520524,2.41215910,4.48,1.099
32607,102.04771795,-61.94139161,3.24,0.225
32609,102.05121700,55.70419499,5.54,0.650
32617,102.07944127,-1.31892245,5.75,0.292
32677,102.24057487,-15.14472559,5.39,-0.096
32682,102.26523537,1.00206466,6.16,-0.134
32698,102.31837083,-2.27203835,5.75,-0.098
32740,102.42212909,32.60675579,5.72,1.298
32744,102.43334204,-24.07606635,6.31,0.054
32746,102.43450908,37.51274816,6.49,1.553
32753,102.45765123,16.20288780,5.87,-0.136
32759,102.46024639,-32.50847770,3.50,-0.116
32761,102.46380782,-53.62244951,4.41,0.899
32765,102.47756897,-46.61456012,5.14,0.460
32768,102.48403461,-50.61455978,2.94,1.207
32775,102.50422895,-60.24914640,6.11,0.457
32809,102.59070404,-17.08455489,5.77,1.435
32810,102.59728614,-31.70605741,5.74,0.094
32814,102.60624458,13.41317681,5.68,1.329
32827,102.65399638,-25.77839398,6.32,-0.183
32838,102.67626448,-8.04099631,6.31,0.011
32844,102.69143512,41.78123001,4.99,1.256
32851,102.70763280,-0.54088194,5.78,0.396
32855,102.71813540,-34.36731852,4.99,1.379
32864,102.73787312,67.57193419,5.14,-0.152
32912,102.86244290,-70.96341123,5.41,-0.110
32918,102.88574941,-48.29275436,6.42,1.207
32921,102.88769134,21.76114781,5.28,-0.020
32931,102.91406832,3.04199126,6.37,0.052
32938,102.92675235,-36.23026974,5.94,0.183
32968,102.99994465,23.60171799,5.68,1.467
32990,103.09525478,-5.31627723,6.30,0.977
33012,103.18926615,-59.34119482,6.41,0.181
33015,103.19641028,-43.97559384,6.47,-0.101
33018,103.19724251,33.96125399,3.60,0.102
33024,103.20611647,8.38037340,5.75,0.270
33040,103.25125094,-26.95763208,6.33,1.408
33041,103.25587551,38.86915718,6.10,0.406
33044,103.26474679,35.78799513,6.03,1.455
33048,103.27103853,59.44854330,5.34,0.675
33056,103.28157955,44.83994071,6.24,0.239
33064,103.30583587,38.43801356,6.32,0.516
33077,103.32838668,-19.03276300,5.65,0.279
33079,103.34100339,-18.93284380,6.13,0.156
33082,103.34333676,10.99665011,6.30,0.962
33092,103.38711401,-20.22425377,4.82,-0.212
33094,103.39142892,-28.53979435,6.05,0.708
33104,103.42603520,68.88830947,5.11,-0.114
33126,103.48105382,-24.53875598,6.23,0.016
33133,103.48780718,38.50501857,6.46,-0.044
33139,103.50941011,-50.61159999,6.24,0.988
33152,103.53313596,-24.18421076,3.89,1.740
33154,103.53579715,-5.85218793,6.39,0.174
33160,103.54749079,-12.03862790,4.08,1.418
33184,103.60277157,-1.12699558,5.44,0.167
33189,103.61118198,-42.36557157,6.32,2.287
33202,103.66098292,13.17782721,4.73,0.321
33210,103.67518168,-1.75648576,6.20,0.487
33243,103.74548839,-2.80358822,6.03,1.102
33248,103.76141033,-20.40487610,5.80,0.048
33269,103.81107361,43.91003114,6.16,0.314
33271,103.81328033,45.82640817,6.31,0.945
33277,103.82778182,25.37569753,5.74,0.573
33297,103.89423130,8.32428539,6.28,0.037
33302,103.90596197,-20.13649687,4.66,0.374
33316,103.94553278,-22.94143934,5.29,-0.163
33330,103.97821918,-31.79017939,6.36,-0.155
33345,104.02769064,-14.04342969,5.00,1.182
33347,104.03427011,-17.05424211,4.36,-0.063
33357,104.06662718,-48.72114406,4.94,1.668
33372,104.10763844,9.95657776,5.90,-0.085
33377,104.13357225,46.27399831,5.85,-0.079
33384,104.14364770,-79.42019304,5.45,0.041
33394,104.19042485,-35.34133446,6.27,1.278
33415,104.23354304,46.70535221,5.88,1.093
33420,104.25039692,-8.17929499,6.31,0.641
33421,104.25216441,33.68103870,5.91,0.878
33444,104.30474413,57.56328694,6.03,1.495
33449,104.31919106,58.42275948,4.35,0.850
33451,104.32326747,-35.50715326,6.23,0.465
33453,104.32709428,37.39472259,6.48,1.673
33465,104.35661343,11.90755377,6.26,0.349
33478,104.39128020,-24.63084103,5.45,0.390
33485,104.40461277,45.09409429,4.90,0.027
33492,104.42762810,-27.53750517,6.22,-0.147
33532,104.53147308,-27.16438150,6.36,-0.186
33558,104.60455873,-34.11170850,5.07,-0.154
33575,104.64957958,-25.41415695,5.59,-0.162
33577,104.65153863,-56.39484885,6.46,0.389
33579,104.65645182,-28.97208374,1.50,-0.211
33584,104.66214056,7.62230001,6.25,0.105
33588,104.66559699,-55.72912228,6.26,1.160
33590,104.67387374,-45.76759263,6.23,-0.006
33591,104.68207306,-30.99803665,6.41,-0.137
33595,104.69754320,26.08107927,6.20,0.520
33603,104.73760308,3.60235542,5.96,1.056
33614,104.76185966,38.05231725,6.02,1.218
33644,104.83406127,7.31696723,6.34,-0.106
33650,104.86638354,25.91417076,6.40,-0.111
33666,104.91356201,-21.60288409,6.26,-0.164
33682,104.96056686,-67.91644271,5.18,1.396
33694,105.01682255,76.97740778,4.55,1.365
33703,105.03450750,-20.15842480,6.32,-0.134
33715,105.06593401,16.07899813,5.73,1.641
33719,105.07515111,-5.36716190,6.29,0.572
33729,105.09898513,-8.40682071,5.95,-0.075
33754,105.16391046,-9.20296656,6.49,0.142
33760,105.17713323,-28.48957451,6.28,0.449
33774,105.20728409,-33.46553025,6.39,1.052
33779,105.21452067,-51.40258470,5.14,1.652
33800,105.27130617,-58.93993705,6.01,0.297
33804,105.27477623,-25.21563451,5.64,-0.165
33827,105.33924341,70.80829581,5.69,1.337
33856,105.42978223,-27.93483037,3.49,1.729
33873,105.47048915,-1.34588307,6.20,1.286
33878,105.48493536,-5.72206536,5.22,1.687
33909,105.56449662,-43.40386993,6.44,-0.039
33914,105.57288867,15.33600809,5.78,1.140
33927,105.60325208,24.21544555,5.20,0.953
33929,105.60639395,17.75552109,5.96,1.518
33937,105.63869653,16.67444721,5.86,1.659
33971,105.72823645,-4.23923131,4.99,-0.195
33977,105.75613571,-23.83329091,3.02,-0.077
34000,105.81290836,-59.17810882,5.50,-0.125
34002,105.82464762,9.13835473,5.96,0.126
34017,105.87691100,29.33708092,5.93,0.595
34033,105.90863308,10.95181665,5.14,1.391
34045,105.93955289,-15.63328598,4.11,-0.112
34055,105.96499592,12.59424245,6.01,1.584
34059,105.97336519,-49.58391974,4.92,0.140
34065,105.98882342,-43.60803860,5.56,0.624
34066,105.98939744,-10.12376538,6.44,-0.067
34081,106.01163996,-42.33727967,5.20,0.198
34086,106.02186687,-5.32397878,5.63,1.290
34088,106.02721594,20.57029706,4.01,0.899
34105,106.07637777,-56.74972437,5.14,-0.032
34142,106.19604807,-22.03168797,6.09,1.225
34168,106.28745133,47.77504369,6.37,-0.048
34177,106.31821030,-50.36004174,6.47,1.424
34182,106.32654057,22.63745849,6.00,-0.027
34200,106.38341413,-34.77770007,6.15,0.353
34215,106.41260736,9.18580035,5.78,1.513
34217,106.41580778,52.75855774,6.17,0.102
34234,106.45683412,-10.66007986,6.50,-0.062
34238,106.46529383,70.73192385,6.49,1.568
34248,106.50202875,-30.65571089,6.34,-0.131
34250,106.50515010,59.80185021,6.40,1.190
34253,106.50943849,-38.38285369,6.09,0.702
34267,106.54829765,34.47396758,5.55,0.909
34270,106.55963398,-68.83757987,6.47,1.039
34297,106.64985527,-12.39394886,6.48,-0.124
34301,106.66986140,-11.29401399,5.41,0.033
34318,106.71864865,-24.96057164,6.09,1.341
34338,106.77696334,4.91058198,6.10,-0.129
34339,106.77949044,-40.89326813,5.80,-0.158
34349,106.80537383,-51.96828341,5.96,0.996
34350,106.81781349,-59.71641602,6.46,-0.113
34358,106.84332696,34.00928769,5.94,1.507
34360,106.84411442,-23.84072193,5.75,-0.117
34367,106.85365621,28.17669461,6.47,-0.081
34387,106.95620363,7.47121400,5.74,1.176
34428,107.05530227,33.83238815,6.31,1.356
34440,107.09183051,15.93067481,5.47,1.020
34444,107.09785107,-26.39319967,1.83,0.671
34462,107.15101191,37.44509573,6.19,1.212
34473,107.17654780,-70.49708749,5.68,0.436
34481,107.18694146,-70.49893170,3.78,1.006
34495,107.21278354,-39.65565670,4.83,-0.179
34536,107.33437569,-10.34656535,6.23,-0.018
34561,107.38902026,-16.23450903,6.00,0.040
34579,107.42926751,-25.23103424,5.69,-0.158
34608,107.52782825,21.24698538,6.43,0.880
34617,107.53901706,-18.68563718,6.23,0.419
34622,107.55700787,-4.23710618,4.91,1.020
34624,107.58050194,-27.49152005,5.46,0.998
34670,107.69784763,-48.93209831,5.12,1.251
34693,107.78487783,30.24516301,4.41,1.261
34722,107.84611075,26.85658754,5.75,0.130
34724,107.84839855,-0.30192779,5.44,0.310
34752,107.91385722,39.32054881,4.91,1.451
34758,107.92335440,-20.88306308,5.84,-0.038
34763,107.94520157,16.97634386,6.50,1.423
34768,107.96409671,5.65470288,6.07,-0.016
34769,107.96608433,-0.49276432,4.15,-0.005
34780,108.00824332,-63.19005891,6.03,-0.011
34782,108.01703942,-30.82136455,6.10,0.273
34789,108.03121816,5.47434659,6.15,1.142
34798,108.05089523,-25.94258852,5.91,-0.170
34802,108.06586108,-40.49880847,5.30,0.072
34817,108.10759589,-36.54438135,5.94,-0.145
34819,108.10990763,24.12859368,5.85,0.397
34834,108.14010612,-46.75930492,4.49,0.324
34860,108.20452819,27.22482268,6.46,0.502
34888,108.27997410,-11.25134106,5.77,1.508
34899,108.30562723,-45.18273921,4.87,-0.003
34909,108.34281633,16.15896615,5.07,1.653
34912,108.34750436,51.42874516,5.46,1.640
34914,108.35010498,-22.67424092,5.99,1.481
34922,108.38466128,-44.63973886,4.42,1.331
34924,108.40187213,-27.35636000,6.12,-0.234
34940,108.45160512,-22.90577828,6.34,-0.184
34954,108.48890794,-30.33979104,6.32,-0.183
34956,108.49181498,71.81658421,6.36,1.119
34975,108.54521171,-3.90177880,5.80,1.585
34981,108.56338394,-26.35250672,4.42,-0.170
34982,108.56466594,-9.94753257,5.90,1.528
34987,108.58359421,3.11141396,5.36,1.193
34999,108.61772131,-10.31624477,6.02,-0.173
35005,108.63591859,12.11582451,5.71,1.007
35020,108.65892000,-48.27192679,4.75,-0.091
35025,108.67491609,24.88498433,5.84,1.554
35029,108.69173772,-46.84967201,5.72,-0.109
35037,108.70272548,-26.77266737,4.01,-0.150
35044,108.71317279,-27.03799562,5.58,1.220
35054,108.73813756,-41.42639431,5.95,-0.146
35080,108.83086393,-0.16128324,6.42,0.901
35083,108.83779758,-30.68644675,5.36,-0.155
35084,108.83844662,-52.49922583,5.96,1.099
35120,108.91429203,7.97774244,5.78,1.537
35127,108.93017183,-10.58360531,5.95,1.173
35132,108.94706647,-23.74028043,6.34,-0.018
35136,108.95891058,47.23996383,5.54,0.576
35146,108.97876339,59.63746693,5.20,1.081
35152,108.98819207,27.89741878,5.75,1.605
35180,109.06063970,-15.58568903,5.46,0.079
35181,109.06447257,-46.77453309,5.64,1.441
35202,109.13271258,-38.31892835,5.81,-0.133
35205,109.14580496,-27.88117875,4.66,1.589
35210,109.15347400,-23.31559423,4.83,1.601
35213,109.15981684,-23.31093989,6.02,0.317
35226,109.20586731,-36.59263304,5.03,-0.161
35228,109.20760182,-67.95715182,3.97,0.760
35241,109.23840334,-30.89701209,6.30,0.200
35253,109.26417205,26.68948480,6.38,0.883
35264,109.28565178,-37.09746988,2.71,1.616
35301,109.38192755,-6.67999681,6.29,1.624
35304,109.39049869,52.13107137,5.93,1.259
35317,109.42769056,38.87626471,6.48,0.995
35326,109.45005154,-26.79755570,6.45,-0.153
35341,109.50922231,40.88339251,5.87,0.181
35345,109.51704520,30.95587236,6.19,-0.024
35347,109.51770458,-43.98678606,5.86,-0.117
35350,109.52324476,16.54038314,3.58,0.106
35363,109.57663613,-36.73396210,4.65,-0.099
35384,109.63324093,49.46475569,5.00,0.087
35393,109.63963486,-39.21028511,5.24,0.026
35406,109.65910553,-36.74273501,5.11,-0.170
35412,109.66824576,-24.55870110,4.88,-0.160
35415,109.67702795,-24.95437538,4.37,-0.132
35427,109.71364186,-26.58585449,5.29,0.956
35442,109.75799883,-19.28030384,6.06,0.612
35463,109.80702181,-33.72716651,6.31,1.302
35476,109.84321184,2.74069372,5.90,1.069
35487,109.86742483,-16.39524421,5.70,0.346
35509,109.94852310,7.14294749,5.91,0.537
35548,110.02850481,15.14292840,6.45,0.009
35550,110.03073983,21.98232055,3.50,0.374
35564,110.08926679,-52.31152411,5.50,0.483
35589,110.16169630,-52.08592415,5.38,-0.069
35611,110.22881586,-26.96383792,6.00,-0.172
35615,110.24285660,-14.36048932,5.59,0.971
35623,110.26291191,42.65591292,6.33,1.404
35626,110.26805285,-25.89164338,5.87,1.604
35643,110.32290992,45.22819985,5.74,0.342
35699,110.48691986,20.44365827,5.09,1.528
35707,110.50856020,-8.97937729,6.42,-0.189
35710,110.51090261,36.76058415,5.12,1.082
35712,110.51449432,0.17712070,5.99,-0.069
35725,110.55587458,38.99594388,6.40,1.217
35727,110.55637088,-19.01660007,4.94,-0.039
35735,110.57160190,59.90199604,6.36,0.282
35737,110.57746345,-2.97917524,6.23,0.686
35749,110.60578995,-5.98282858,5.83,0.352
35751,110.61799681,0.70083112,6.43,0.995
35785,110.71687911,55.28139168,5.80,-0.078
35795,110.75290455,-31.92378114,5.40,-0.161
35842,110.86723818,22.94534916,6.17,0.006
35846,110.86879684,25.05053128,5.04,0.902
35848,110.87080145,-27.83429354,5.37,1.539
35855,110.88289728,-32.20206752,5.41,-0.169
35893,110.99306182,-35.83782358,6.32,-0.136
35904,111.02376056,-29.30310360,2.45,-0.083
35907,111.03528435,40.67238935,5.23,1.249
35920,111.07180885,-22.91275803,6.20,-0.088
35933,111.11520001,15.51719525,6.47,-0.190
35941,111.13938953,27.63785656,5.77,0.368
35946,111.15469862,-71.47065691,6.49,0.120
35951,111.16744816,-16.20147272,5.18,-0.035
35957,111.18272304,-31.80890499,5.35,1.071
35960,111.19731075,-37.29119316,6.14,0.261
35975,111.21200963,-19.01227944,6.24,0.291
35984,111.23786563,51.88725855,5.80,1.610
35987,111.24241421,11.66952360,5.37,0.105
35998,111.28464776,-13.75197777,5.79,0.432
36017,111.33323049,-21.98259115,6.04,0.227
36019,111.34150690,81.25745606,6.30,-0.031
36024,111.35528272,-25.21776666,5.79,-0.103
36039,111.40873480,-79.09418819,5.54,1.281
36041,111.41207071,9.27609733,4.99,0.991
36045,111.42908128,-31.73872057,6.32,-0.176
36046,111.43165048,27.79808040,3.78,1.024
36055,111.46333436,-5.77496087,5.98,0.901
36114,111.59104412,-51.01848117,5.09,1.038
36123,111.61577730,10.60806677,6.38,0.078
36141,111.67172374,11.00883282,6.39,-0.126
36143,111.67694074,-34.14069246,5.90,-0.153
36145,111.67854711,49.21152684,4.61,-0.001
36156,111.73471007,20.25755681,5.94,0.336
36168,111.74784546,-23.08602346,5.65,-0.134
36186,111.78328997,-17.86486132,5.60,0.314
36188,111.78767771,8.28931548,2.89,-0.097
36211,111.85766018,66.33157133,6.47,-0.064
36236,111.92890727,-22.85919859,5.98,-0.088
36238,111.93484743,21.44524741,5.20,0.455
36251,111.96525556,-11.55686729,5.79,0.583
36258,111.99650256,-29.15589616,5.55,-0.048
36264,112.00803784,-26.83897405,6.26,1.513
36265,112.00864460,6.94196793,5.22,0.221
36284,112.04081020,8.92552991,4.33,1.425
36325,112.16626285,27.55293843,6.36,1.223
36340,112.19688921,15.10982252,6.23,-0.040
36345,112.21313200,-31.84840087,5.95,-0.156
36346,112.21420326,-64.50980452,6.38,1.554
36348,112.21450945,48.18392976,5.70,-0.092
36351,112.21927571,46.31461764,6.42,1.202
36362,112.27047557,-31.45621622,5.78,-0.185
36363,112.27373029,-38.81206499,5.41,-0.148
36366,112.27799603,31.78455041,4.16,0.320
36377,112.30762638,-43.30143257,3.25,1.509
36388,112.32778582,-1.90532891,5.60,1.493
36393,112.33517215,28.11827520,5.07,0.120
36395,112.34109655,-14.99865669,6.05,0.479
36396,112.34211123,-10.32666364,5.75,1.616
36399,112.35683292,-7.55116823,5.86,0.487
36425,112.44909518,12.00656420,4.55,1.276
36429,112.45318889,27.91614658,5.01,1.117
36431,112.46421860,-23.02428723,4.85,0.243
36439,112.48315051,49.67246274,5.35,0.470
36444,112.49884713,-52.65115746,5.87,1.010
36496,112.62883147,-54.39936495,5.95,1.585
36514,112.67750874,-30.96228109,4.65,0.904
36526,112.71305779,-5.22649370,6.24,1.185
36528,112.71956587,68.46562083,5.63,1.100
36547,112.76859933,82.41146587,4.92,1.633
36553,112.78659955,11.20297863,6.38,1.278
36616,112.95165393,17.08604591,5.45,1.126
36640,113.02401143,-8.88132568,5.90,0.540
36641,113.02478714,1.91448091,5.24,0.230
36657,113.09279732,-35.96118827,6.35,-0.096
36721,113.29073522,-24.71073141,5.84,0.156
36723,113.29860820,3.29037885,5.59,0.321
36728,113.30482620,-40.05852223,6.27,-0.129
36732,113.33151960,-19.41252479,5.64,1.121
36736,113.34243823,-14.33830692,6.21,-0.061
36740,113.35345174,37.18789709,6.40,1.231
36760,113.40200513,15.82666172,5.27,0.055
36773,113.44984673,-14.52389229,4.82,1.362
36778,113.46268030,-36.33839158,5.42,-0.078
36779,113.46465395,51.31414664,6.44,1.348
36795,113.51325205,-22.29606692,4.44,0.521
36796,113.52068151,10.56807636,6.28,0.022
36807,113.55344052,-33.46343022,6.11,0.297
36812,113.56621747,3.37172531,5.83,-0.018
36817,113.57757258,-23.47366083,5.06,0.468
36848,113.64497847,-27.01227499,5.78,1.045
36850,113.64942834,31.88827629,1.58,0.034
36856,113.66491707,-51.47451707,6.29,0.073
36896,113.78666663,30.96092427,5.34,1.010
36914,113.84022176,-74.27495738,6.33,0.016
36917,113.84538700,-28.36932346,4.65,-0.111
36942,113.91551111,-52.53383621,4.93,1.373
36962,113.98060996,26.89574074,4.06,1.540
36965,113.98324059,43.03095926,6.37,0.364
36977,114.00668290,-55.88770805,6.39,1.182
36981,114.01622400,-14.49277108,5.66,-0.067
36986,114.03087953,-22.16050499,6.40,0.968
37000,114.06956900,-8.31130237,6.27,1.541
37023,114.13180985,46.18028782,5.66,1.560
37031,114.14460971,5.86217150,5.89,0.602
37036,114.17097385,-19.70233818,5.69,-0.165
37043,114.18299600,-48.83016759,5.69,-0.037
37046,114.19598125,55.75505996,5.93,1.123
37088,114.31954636,-4.11097938,5.14,0.442
37089,114.32054036,-23.77539901,6.34,0.540
37091,114.32414194,40.02538309,6.34,1.600
37096,114.34212614,-34.96853026,4.53,-0.081
37128,114.43758730,-38.01042528,6.38,1.472
37140,114.47437424,48.77384228,5.93,0.221
37165,114.55987379,24.36044115,6.37,0.337
37173,114.57519133,-25.36480433,4.69,-0.100
37174,114.57586685,-48.60143564,5.68,0.683
37202,114.63557844,-38.78148688,6.20,1.015
37204,114.63692708,35.04855034,5.58,0.921
37223,114.68291384,-36.49682989,5.78,-0.148
37229,114.70779243,-26.80383630,3.80,-0.159
37248,114.75132637,-53.27335680,6.06,-0.118
37265,114.79137882,34.58434599,4.89,0.413
37269,114.80002541,24.22252815,6.18,0.028
37279,114.82549301,5.22499306,0.40,0.432
37289,114.85081964,-16.84729190,6.40,1.470
37293,114.86242518,-26.86310249,6.50,-0.094
37297,114.86390879,-38.30802124,4.84,-0.189
37300,114.86913551,17.67451877,5.04,1.616
37322,114.93255319,-38.13928702,5.73,-0.125
37329,114.94947842,-38.26065203,5.76,-0.071
37339,114.97536385,32.00972752,6.16,0.374
37345,114.99162799,-37.57942219,5.99,-0.040
37364,115.05637081,-19.66086148,5.92,1.158
37369,115.06121849,38.34453869,5.77,1.654
37375,115.08755996,-11.75255197,6.43,1.245
37379,115.09671113,-15.26392023,4.98,1.543
37391,115.12704745,87.02009108,5.05,1.604
37394,115.14801726,-8.18542963,6.01,0.153
37404,115.19660187,13.77125068,6.23,1.393
37406,115.20638321,57.08286470,6.09,1.440
37428,115.24382617,23.01852660,5.93,1.561
37441,115.30166428,48.13153315,5.58,1.011
37447,115.31180176,-9.55113089,3.94,1.022
37450,115.31588603,-38.53353213,5.41,-0.130
37461,115.34051559,-44.63216765,6.41,-0.003
37465,115.34803241,-22.33672120,6.16,1.644
37478,115.39648077,3.62477862,5.95,-0.032
37504,115.45525487,-72.60609812,3.93,1.033
37508,115.46602913,13.48045319,5.79,1.669
37521,115.51341068,14.20850345,5.55,1.642
37530,115.54257356,-58.63091824,6.40,-0.094
37580,115.68145089,34.00021796,6.05,0.469
37590,115.70063644,-26.35132580,5.64,0.990
37599,115.72220505,-58.23005788,6.20,1.049
37606,115.73790293,-45.17311793,5.04,0.765
37609,115.75173389,58.71036041,4.93,0.104
37614,115.77257588,0.18933316,6.17,1.047
37623,115.79992875,-36.05008956,5.60,-0.130
37629,115.82802711,28.88350961,4.23,1.118
37634,115.83830157,4.94576168,6.50,1.356
37636,115.84242040,22.39947198,6.25,0.930
37648,115.88494423,-28.41088473,4.63,1.632
37664,115.92470415,-40.93374579,5.12,1.104
37666,115.92881420,-38.20187959,6.42,-0.119
37677,115.95195447,-28.95482577,3.94,0.160
37701,116.01741347,50.43379363,5.31,-0.001
37704,116.02881145,25.78415901,5.30,1.535
37705,116.03180653,2.40542226,6.46,0.211
37710,116.04035862,-36.06250465,5.80,0.320
37720,116.05423991,-69.82159300,6.16,-0.032
37723,116.05857241,12.86007120,6.40,1.392
37740,116.11189245,24.39799260,3.57,0.932
37751,116.14237470,-24.67407915,5.62,-0.191
37752,116.14242856,-37.94291724,5.89,-0.115
37773,116.18272759,-66.07193318,6.37,0.949
37819,116.31373310,-37.96858397,3.62,1.706
37823,116.32517914,-43.75256577,6.02,-0.069
37826,116.32895983,28.02619862,1.16,0.991
37843,116.37138639,-14.69053711,6.06,0.110
37853,116.39592593,-34.17236334,5.36,0.589
37854,116.39798700,-56.72257009,6.10,0.397
37891,116.48695838,-14.56380500,5.03,0.342
37901,116.50912585,-6.77251079,5.49,1.378
37908,116.53103014,18.51004352,4.89,1.425
37915,116.54393456,-37.93367001,5.87,-0.111
37921,116.56750314,10.76825185,5.25,0.018
37934,116.61422664,62.83052249,6.50,0.262
37939,116.63922002,-37.77256957,6.31,1.348
37946,116.66367286,37.51739413,5.15,1.588
37949,116.66699442,65.45567562,5.93,1.183
37951,116.68630715,-12.67531281,6.39,-0.004
37982,116.77398890,-39.33099562,6.33,-0.142
37995,116.80230684,-22.51951023,5.90,-0.180
37996,116.81080931,-36.07360029,6.46,1.083
38010,116.85413488,-38.51114459,5.07,-0.112
38016,116.87634813,33.41569706,5.14,1.635
38020,116.88127840,-46.60849005,5.22,-0.151
38031,116.91052756,-15.99068853,6.31,1.791
38037,116.93836607,-16.01448310,6.38,1.697
38048,116.98633186,-12.19270466,5.48,0.478
38070,117.02153444,-25.93716858,4.40,-0.070
38074,117.03561450,-40.65237802,6.14,1.591
38087,117.08125201,-56.47107522,6.30,1.010
38089,117.08400369,-47.07772250,4.69,1.039
38106,117.14016260,23.14097953,6.18,0.571
38146,117.25697616,-24.91220761,5.32,0.751
38147,117.25765410,13.37186896,6.07,1.367
38152,117.27798069,-56.41036006,5.57,1.116
38159,117.30359825,-46.85771739,5.82,-0.142
38160,117.30375845,-60.28368849,5.78,0.428
38164,117.30956295,-46.37320532,4.10,-0.160
38167,117.31103744,-35.24328638,5.94,-0.051
38170,117.32356320,-24.85978574,3.34,1.218
38183,117.36783672,-44.75115691,6.32,0.962
38184,117.37003149,-13.35294803,6.23,-0.078
38196,117.38463822,12.81425036,6.42,0.984
38200,117.39751000,-33.28894990,5.61,1.617
38206,117.41656498,-14.08535948,6.34,1.660
38209,117.41984316,-19.50551797,6.49,1.234
38210,117.42080568,-66.19597444,5.78,-0.040
38211,117.42167188,-17.22840779,5.17,1.282
38246,117.52362187,-19.52354812,6.11,1.265
38253,117.54406886,-9.18344136,5.60,1.446
38267,117.59926480,-50.50946800,5.89,1.088
38292,117.67711834,-44.57994524,6.45,0.899
38300,117.69747951,3.27725303,6.17,1.106
38303,117.71291164,4.45951362,6.49,0.944
38306,117.72262148,0.07955591,6.38,1.237
38307,117.73016167,-11.12860153,6.16,1.128
38316,117.75033419,-24.52855721,6.43,-0.003
38319,117.75982056,33.23365336,6.06,0.150
38325,117.77379367,54.12924043,6.03,0.496
38349,117.81392971,37.08208537,6.49,1.510
38355,117.83474438,-43.09523217,6.34,-0.173
38370,117.91815728,-42.88820227,6.05,-0.181
38372,117.92037415,-12.81940538,6.37,0.384
38373,117.92495269,1.76686846,5.12,-0.116
38375,117.92927178,-21.17366159,5.62,0.956
38382,117.94292754,-13.89802870,5.16,0.600
38394,117.98655368,19.32508467,6.03,1.125
38403,118.01610638,45.93298915,6.50,0.213
38406,118.02995708,3.27734157,6.30,1.464
38414,118.05431177,-40.57578601,3.71,1.012
38423,118.06526024,-34.70544242,5.01,0.470
38427,118.07866114,-14.84617507,5.69,0.368
38438,118.12392112,-54.36716485,5.70,-0.151
38449,118.15179183,55.20944332,6.36,-0.003
38455,118.16102580,-38.86281229,4.49,-0.188
38474,118.19941063,-5.42825693,5.76,0.412
38497,118.26461031,-36.36376945,5.44,1.161
38500,118.26514489,-49.61304388,4.63,-0.228
38518,118.32566079,-48.10293392,4.22,-0.130
38538,118.37422613,26.76578282,4.97,0.098
38593,118.54586884,-35.87728728,5.48,-0.175
38623,118.62193405,47.38598200,6.25,1.133
38635,118.66631745,-34.84671273,6.14,1.540
38639,118.67790326,47.56459585,5.47,1.462
38656,118.72215755,-57.30280648,5.62,1.298
38667,118.75176995,-52.58332975,6.36,-0.007
38686,118.80770428,-30.91764353,6.45,1.474
38712,118.88097322,8.86283954,5.86,0.369
38722,118.91622954,19.88396986,5.38,-0.035
38723,118.92011967,35.41268418,6.23,0.277
38732,118.94410569,-43.84505428,6.02,-0.111
38783,119.07770439,-60.52643594,5.74,1.554
38792,119.09467628,-30.28456976,6.28,1.476
38794,119.09961371,4.48556677,6.16,0.957
38827,119.19464272,-52.98235988,3.46,-0.177
38835,119.21474805,-22.88011864,4.20,0.718
38845,119.24095522,-42.40647539,6.09,1.361
38846,119.24083628,-43.50041105,5.36,-0.166
38848,119.24771568,15.79028125,5.80,1.285
38863,119.30316552,-63.29683462,6.14,-0.103
38868,119.31616473,8.64121995,6.03,1.000
38870,119.31789235,1.12702935,6.35,0.507
38872,119.32675508,-44.10985887,5.08,-0.166
38879,119.33361819,-47.89070556,6.21,-0.099
38901,119.41710953,-30.33456968,4.76,0.151
38908,119.44547902,-60.30307176,5.59,0.573
38917,119.46549638,-45.57766860,5.14,1.263
38925,119.47837078,-40.78435229,6.46,0.979
38945,119.52456667,7.21352991,6.42,-0.031
38957,119.56015518,-49.24491185,4.47,-0.180
38959,119.56901677,43.97737415,6.36,1.043
38962,119.58605326,2.22476675,5.30,0.933
38963,119.58930258,-51.44847167,6.44,0.260
38975,119.63112956,16.51867971,6.05,1.468
38994,119.71063123,-60.82446230,5.77,-0.082
39014,119.75750813,-45.21584380,5.98,-0.143
39023,119.77381256,-23.31039596,5.09,1.111
39035,119.80126983,-49.97685097,6.35,-0.151
39038,119.80648358,-49.97377167,6.37,-0.089
39041,119.81568199,-73.24417100,6.33,0.128
39061,119.86819223,-39.29694390,5.22,0.400
39067,119.89606171,13.24216564,6.05,1.325
39070,119.90642544,-60.58706118,5.19,1.758
39073,119.91702923,-60.20735099,6.30,-0.050
39079,119.93396866,-3.67958282,4.93,1.205
39094,119.96405638,36.08207547,6.50,1.561
39095,119.96687782,-18.39922766,4.61,0.087
39117,120.04891002,73.91791920,5.37,1.424
39122,120.06120078,-48.98150917,6.01,0.042
39138,120.08319486,-63.56745578,4.81,-0.173
39153,120.12066677,-48.87176777,6.13,-0.085
39172,120.18389360,-2.88191749,6.41,-0.087
39177,120.19711413,17.30870304,5.60,1.317
39180,120.20042744,19.81621590,6.30,1.109
39184,120.20807380,-54.15127518,5.87,-0.134
39191,120.23280716,25.39283596,5.87,1.021
39194,120.25325426,23.58309302,6.34,1.160
39198,120.26417948,-6.41919467,6.45,0.838
39211,120.30556194,-1.39260825,4.69,1.475
39213,120.30787729,4.87982358,5.65,0.013
39221,120.33656741,59.04739769,5.78,0.421
39225,120.34600953,-54.51552998,6.12,-0.044
39236,120.37620154,16.45530865,5.99,-0.024
39238,120.38153462,-55.45465556,6.28,-0.146
39251,120.40635909,-37.28371993,5.90,0.147
39261,120.42689189,60.32435346,6.02,0.158
39263,120.43232519,25.08946526,6.32,0.023
39271,120.46137194,8.91399090,6.22,0.570
39279,120.47992114,35.41306869,6.34,1.564
39299,120.52555940,-37.05004319,6.31,1.599
39311,120.56640381,2.33457069,4.39,1.252
39326,120.60820557,-6.33713526,6.34,0.615
39340,120.62836491,63.09030653,6.09,0.580
39348,120.64909038,57.27362731,6.48,0.649
39360,120.68660072,-41.30982837,5.52,-0.152
39380,120.76733686,-32.46354761,5.83,1.225
39420,120.87335574,-42.94832709,6.28,1.008
39424,120.87950143,27.79433226,4.94,1.130
39429,120.89602782,-40.00314770,2.21,-0.269
39487,121.06745731,-32.67482866,5.25,1.882
39514,121.13599385,-25.69973698,6.35,1.461
39524,121.17257447,-19.72814795,6.12,-0.154
39527,121.17666505,-50.59039585,5.96,1.213
39530,121.17888306,-62.83634691,6.25,-0.093
39535,121.18876205,18.84201986,6.21,-0.042
39538,121.19612380,79.47961204,5.39,-0.040
39566,121.26545448,-53.10792109,5.52,1.347
39567,121.26870295,13.11821531,5.14,0.018
39584,121.33459665,-46.97841104,6.18,-0.138
39607,121.40440523,27.52973578,6.21,0.010
39617,121.43701869,-33.56943541,6.15,1.098
39625,121.45680621,-0.57332001,6.40,1.058
39659,121.57664512,22.63548968,5.96,1.652
39675,121.61421890,-9.24445733,6.25,-0.006
39690,121.66808126,-45.26601555,5.04,1.488
39691,121.67336144,-48.49738877,6.34,-0.172
39722,121.79143105,43.26036483,6.35,-0.020
39730,121.81668945,-17.36874429,6.50,1.246
39734,121.82516536,-20.55434188,5.33,0.100
39757,121.88603686,-24.30432404,2.83,0.458
39780,121.94106543,21.58181596,5.30,0.642
39794,121.98247078,-68.61706214,4.35,-0.113
39843,122.10266864,-63.80082070,6.32,-0.058
39847,122.11436326,51.50667052,4.78,0.048
39863,122.14853276,-2.98378594,4.36,0.970
39866,122.15684346,-37.68122070,6.36,-0.054
39874,122.17685632,13.64091713,6.25,0.480
39876,122.18157665,-20.36317281,6.37,0.141
39898,122.23685860,-11.33965013,6.31,0.011
39903,122.25279182,-61.30242935,4.74,0.437
39906,122.25682203,-19.24501421,4.40,-0.160
39919,122.28960579,-48.68441261,5.66,-0.101
39920,122.29245427,-35.45501477,6.21,0.892
39938,122.34605322,42.43060877,6.26,1.263
39943,122.36889399,-16.24892183,5.66,-0.153
39953,122.38312600,-47.33658771,1.75,-0.145
39957,122.39013911,-56.08538457,5.66,0.204
39958,122.39659137,29.09307605,6.47,0.804
39961,122.39963877,-44.12277302,5.20,-0.173
39970,122.42980871,-47.93719317,5.23,-0.199
39974,122.44872323,-42.64080294,6.27,-0.036
39995,122.51574231,58.24824233,5.91,1.365
40007,122.55460879,25.84448075,6.44,1.420
40016,122.58568219,-49.23734719,6.46,-0.140
40023,122.61325647,25.50733395,5.73,0.825
40035,122.66594192,-13.79920726,5.53,0.488
40058,122.74535244,14.62947433,6.22,0.010
40063,122.75701499,-37.29237241,6.42,-0.045
40077,122.79495615,-48.46199388,5.83,-0.146
40084,122.81794051,-12.92699871,4.72,0.939
40085,122.81916326,9.82123001,6.08,-0.104
40086,122.82533381,54.54023806,6.48,0.940
40091,122.83955625,-39.61854551,4.44,1.590
40096,122.85788573,-42.98727770,4.73,0.164
40107,122.88751854,-7.77253904,5.36,0.892
40155,122.99986735,-46.64435139,5.77,0.626
40160,123.02524082,-43.40043969,6.48,1.704
40167,123.05302569,17.64777069,4.67,0.531
40183,123.12830002,-46.26428551,6.00,-0.113
40215,123.20327881,68.47407195,5.34,1.037
40220,123.21481467,-37.92446988,6.40,0.108
40231,123.24887528,16.51431973,6.03,0.890
40240,123.28694810,29.65653642,5.62,-0.073
40259,123.33320023,-15.78822144,4.99,1.066
40263,123.34073240,-1.16588524,6.48,0.918
40274,123.37298829,-35.89951777,4.78,-0.110
40282,123.39269307,-50.19607174,5.52,1.651
40285,123.40064360,-46.99162807,5.14,-0.139
40291,123.42114238,-33.56952820,6.38,1.141
40299,123.44021382,-46.57868404,6.49,-0.159
40305,123.45906607,56.45224635,5.88,1.016
40321,123.49296585,-36.32228059,5.09,-0.184
40324,123.49458331,-36.34077658,6.11,-0.185
40326,123.51217267,-40.34789019,4.42,1.170
40341,123.54597661,-32.14071105,6.07,-0.159
40342,123.54642270,17.67595539,6.47,0.331
40344,123.55523436,-35.49001890,5.77,1.024
40354,123.58747776,13.04829557,6.39,1.034
40357,123.59946220,-45.83452239,5.86,-0.176
40397,123.71350255,-46.48589161,6.45,-0.149
40429,123.81633142,-62.91564338,5.16,0.086
40433,123.84689625,-50.44922182,6.44,1.520
40474,123.96041843,60.38060172,6.43,0.210
40476,123.96891304,-30.92594450,6.22,0.777
40485,123.99509421,-35.90319066,6.15,1.549
40526,124.12883578,9.18554470,3.53,1.481
40559,124.22461373,84.05764209,6.45,0.052
40604,124.34638391,-16.28511149,6.32,0.057
40617,124.38188206,8.86630965,6.28,0.980
40639,124.44229180,-36.06759106,6.42,1.446
40646,124.46005991,59.57113296,5.63,0.182
40655,124.48223171,-59.16682552,6.47,0.397
40656,124.49283936,-30.00369692,6.43,1.040
40675,124.56009191,15.67792009,6.42,1.018
40677,124.56578441,54.14369623,6.26,1.558
40678,124.57248200,-35.45170272,5.59,1.246
40680,124.57836170,-65.61319176,5.06,1.129
40693,124.59978029,-12.63217344,5.95,0.754
40702,124.63145814,-76.91972263,4.05,0.413
40706,124.63880117,-36.65928830,4.44,0.222
40749,124.77326783,-48.19785301,6.45,-0.131
40766,124.81283911,-10.16575373,6.31,0.329
40772,124.82149084,62.50715956,5.73,0.891
40787,124.87296622,-34.59013665,6.44,-0.079
40793,124.88453710,75.75690762,5.55,0.902
40817,124.95401564,-71.51490629,5.33,-0.063
40818,124.95776537,3.94803210,6.04,0.964
40834,125.00219375,-71.50537718,5.63,-0.099
40843,125.01608440,27.21770686,5.13,0.487
40858,125.05416409,-0.90931361,6.18,0.607
40859,125.07092111,-5.32992965,6.12,1.329
40866,125.08738735,20.74772105,5.80,1.137
40875,125.10858159,57.74327849,5.89,0.421
40876,125.11395108,-22.92467956,6.12,1.039
40878,125.12123152,53.57409208,6.50,0.300
40881,125.13390049,24.02231363,5.92,-0.039
40888,125.16058517,-77.48447728,4.34,1.161
40889,125.16800213,72.40723255,6.00,1.537
40926,125.28182670,-64.10600247,6.11,0.930
40932,125.30041080,-57.97322018,5.96,-0.092
40943,125.33768135,-36.48417668,5.18,-0.187
40944,125.33842834,-20.07905817,5.58,0.771
40945,125.34594365,-33.05436621,4.83,1.419
40947,125.35077375,-39.62071389,6.15,0.172
40990,125.47752462,-17.58633432,5.71,1.050
41003,125.51857667,-73.39998555,5.28,0.014
41011,125.54003993,74.82036391,6.40,1.022
41036,125.62568477,-6.17915763,6.14,0.227
41037,125.62848160,-59.50948307,1.86,1.196
41039,125.63205471,-48.49038087,4.79,-0.146
41060,125.68362291,60.63123596,6.42,0.969
41067,125.69519530,-13.05479309,6.13,0.997
41074,125.70806802,-26.34821968,5.88,0.379
41075,125.70879003,43.18813064,4.25,1.550
41080,125.72539764,-7.54312053,5.92,1.635
41081,125.72982583,-52.12372967,5.89,0.018
41107,125.82056012,-38.28607880,6.28,1.613
41117,125.84099426,18.33219975,5.94,0.175
41152,125.95209287,53.21971228,5.52,0.125
41163,125.98004494,10.63206259,6.11,1.507
41191,126.08258678,-80.91420166,5.67,1.018
41208,126.13758820,82.43075935,6.28,0.035
41211,126.14589441,-3.75124022,5.61,0.478
41214,126.15181513,-4.71699973,6.03,0.460
41224,126.17822370,42.00524197,6.02,1.591
41242,126.22991517,-23.15374489,5.67,0.066
41250,126.23835815,-42.76983374,5.97,-0.159
41260,126.26558029,-24.04621247,5.32,1.476
41262,126.27036040,35.01140869,6.08,1.261
41282,126.32917274,-21.04595575,6.01,0.402
41296,126.38052253,-51.72741517,5.18,-0.164
41299,126.39807408,2.10220949,5.74,1.528
41306,126.41400757,-17.43940482,6.44,1.234
41307,126.41513455,-3.90642364,3.91,-0.012
41312,126.43414409,-66.13689023,3.77,1.132
41319,126.45781666,17.04626709,6.11,0.448
41321,126.46498515,-64.60061762,5.95,0.971
41323,126.46629214,-42.15307160,5.45,-0.142
41325,126.47819740,7.56450563,5.13,0.934
41328,126.48162496,-14.92966139,5.96,0.167
41361,126.57387657,-39.05895573,6.07,-0.009
41373,126.60502172,-52.80749962,6.05,0.062
41375,126.61336895,-3.98747904,5.60,0.218
41377,126.61543832,27.89358314,5.58,1.421
41395,126.67479968,-12.53460232,5.52,1.167
41400,126.68308118,12.65461215,5.56,1.608
41404,126.69612250,26.93548879,6.30,0.187
41426,126.74060328,-52.70495045,6.49,0.419
41449,126.81840910,-31.67273421,6.33,0.897
41451,126.81981600,-70.09348198,5.51,-0.024
41483,126.90243786,-53.08847968,5.08,0.256
41484,126.90327280,45.65298682,6.32,0.624
41515,126.99758622,-35.11376141,5.75,-0.151
41547,127.08245252,-8.81628008,6.43,1.197
41564,127.12146783,-2.51712598,6.42,0.332
41572,127.15016089,-23.07098130,6.50,0.060
41574,127.15324720,24.14493405,6.05,0.246
41578,127.15558089,14.21082237,5.94,0.201
41597,127.21251298,-9.74858241,6.01,0.427
41616,127.26979746,-47.92892315,5.33,-0.140
41621,127.28152846,-44.16041332,5.82,-0.160
41639,127.36451331,-44.72481215,5.03,-0.168
41644,127.37415725,-54.21176075,6.44,-0.108
41653,127.40160968,-55.19093579,6.36,0.799
41674,127.44013656,-46.33169280,5.98,-0.127
41676,127.44248134,67.29744070,5.89,0.972
41704,127.56612488,60.71816925,3.35,0.856
41723,127.61921260,-32.15928517,5.61,1.509
41737,127.66345739,-44.73731974,6.30,-0.007
41781,127.79427788,-47.86661961,6.39,-0.147
41798,127.83319102,37.26494255,6.18,-0.039
41806,127.85289414,-39.06411001,6.31,-0.133
41813,127.87327685,-54.39400982,6.34,1.298
41816,127.87716155,24.08110505,5.71,0.327
41817,127.87884757,-19.57746178,5.42,-0.061
41822,127.89887525,18.09442038,5.33,1.567
41833,127.92206849,18.98773186,6.50,1.496
41861,128.02065464,-53.21191961,5.68,0.582
41893,128.13900124,-15.03014335,6.38,0.275
41894,128.13936855,53.11484788,6.23,1.008
41904,128.16612980,10.06600794,6.48,-0.007
41905,128.16875802,-47.04210768,6.49,1.293
41907,128.17402167,-73.35679016,6.11,0.946
41909,128.17707063,20.44116182,5.33,1.252
41926,128.21456619,-31.50085277,6.38,0.780
41927,128.22212423,69.31990127,6.31,1.360
41935,128.22907637,38.01636794,5.88,1.106
41939,128.24375370,-34.63403857,6.36,0.951
41940,128.25043048,24.08479034,6.35,1.032
41941,128.25774887,-45.75290562,6.36,-0.119
41949,128.27019711,-24.60696038,6.19,0.270
41970,128.33275233,-38.37067567,6.48,-0.153
41975,128.34054369,36.43642947,6.20,0.402
41986,128.37614251,-46.97066153,6.25,1.560
42001,128.41012949,-38.84881464,5.92,-0.114
42008,128.43115972,4.75700024,5.89,1.066
42010,128.43768851,13.25731150,6.26,1.179
42028,128.50674030,-2.15155456,5.80,0.007
42049,128.55562948,8.45233912,6.04,0.332
42070,128.62189329,-37.61116913,6.28,1.562
42071,128.62376387,-27.09816114,6.40,1.429
42075,128.63310117,-32.59874371,6.41,0.752
42080,128.65050837,65.14517019,5.47,0.207
42088,128.68165569,-49.94420335,5.01,1.304
42090,128.68285073,36.41961892,5.76,0.051
42123,128.80224018,-39.97045174,6.44,0.578
42129,128.81481834,-58.22473488,5.27,-0.133
42134,128.83211448,-58.00922835,4.84,0.981
42142,128.85398336,2.74344949,6.35,1.023
42146,128.86749313,-7.98229160,5.72,-0.004
42147,128.86958929,-26.84348737,5.95,0.393
42172,128.96239426,6.62021974,5.91,0.530
42177,128.96677978,-50.96965154,5.79,-0.132
42187,129.03213818,15.31363181,6.33,0.338
42249,129.20309455,74.72367691,6.31,0.308
42265,129.27404262,9.65558000,5.92,0.083
42286,129.32846902,-62.85346542,5.45,1.013
42299,129.36322172,-4.93399901,6.18,1.054
42312,129.41097124,-42.98908069,4.11,0.109
42313,129.41402575,5.70378169,4.14,0.003
42334,129.46730485,-26.25499981,5.24,-0.030
42365,129.57908760,32.80202066,5.96,1.111
42372,129.59243647,53.40153957,5.66,0.964
42394,129.66788625,-19.73690387,6.32,1.592
42400,129.68669150,-53.09038102,6.45,-0.100
42402,129.68932360,3.34143518,4.45,1.216
42415,129.74953796,52.92507899,6.34,1.319
42425,129.77150681,-70.38674483,5.19,0.013
42430,129.78291789,-22.66187505,5.05,0.720
42434,129.79196853,59.93912579,6.47,0.035
42438,129.79876654,65.02090663,5.63,0.618
42440,129.80498053,-60.31728870,6.35,-0.002
42452,129.82342910,52.71162301,5.91,1.167
42455,129.84205419,-36.60668522,6.12,0.426
42459,129.84934731,-53.43976748,5.45,-0.132
42462,129.85231623,8.01760043,6.46,1.080
42483,129.92697375,-29.56108368,4.86,0.900
42484,129.92753835,73.62967817,6.16,1.017
42504,129.98998960,-53.05472958,5.18,-0.147
42509,130.00613183,-12.47537215,4.98,1.415
42515,130.02559777,-35.30835239,3.97,0.936
42516,130.02674396,20.00778784,6.39,0.980
42527,130.05341092,64.32793601,4.59,1.179
42535,130.07276740,-53.01539780,5.56,-0.125
42536,130.07327243,-52.92188730,3.60,-0.168
42538,130.07619592,31.94189817,6.21,0.401
42540,130.07989324,-40.26387468,5.20,-0.027
42549,130.09202922,19.66993839,6.42,1.020
42556,130.11254835,19.54480758,6.29,0.170
42564,130.14691341,-45.19110263,5.67,1.664
42568,130.15428001,-59.76100272,4.31,-0.117
42570,130.15654138,-46.64874449,3.77,0.670
42579,130.18136109,-57.54548959,6.34,0.208
42604,130.25446162,45.83401001,5.35,0.993
42614,130.27216748,-48.92268020,5.90,-0.186
42624,130.30471255,-47.31712459,4.74,0.137
42637,130.33130090,-78.96335934,5.46,-0.101
42662,130.43056717,-15.94338398,4.87,1.063
42679,130.48711919,-45.41071390,5.20,0.171
42701,130.54088833,-11.96600846,6.46,0.160
42712,130.56747164,-48.09909047,5.48,-0.172
42715,130.57913531,-53.10005640,5.49,-0.127
42717,130.58676094,-55.77455667,6.26,1.178
42726,130.60577595,-53.11398421,4.83,-0.173
42775,130.73749560,-35.94330064,6.42,0.019
42777,130.75063900,46.90084552,6.21,0.981
42794,130.80089166,-79.07008175,6.05,0.229
42795,130.80137194,12.68087590,5.62,0.435
42799,130.80614655,3.39866225,4.30,-0.192
42806,130.82144197,21.46850069,4.66,0.010
42828,130.89807304,-33.18638557,3.68,-0.180
42834,130.91780328,-49.82280194,5.15,-0.197
42835,130.91822267,-7.23373036,4.63,0.840
42850,130.97636894,-68.21158037,6.33,1.501
42854,130.99907476,4.33455767,6.37,-0.040
42884,131.09977937,-42.64927601,4.05,0.874
42895,131.12482288,-65.82542892,6.03,0.217
42911,131.17124835,18.15430871,3.94,1.083
42913,131.17594322,-54.70882109,1.93,0.043
42917,131.18765247,10.08167029,5.63,-0.069
42923,131.21636195,-37.14724952,5.74,-0.139
42928,131.22978339,-21.16782641,6.10,0.195
42931,131.25533572,5.68058761,6.13,0.200
42936,131.27310142,-58.72431896,6.20,-0.083
42951,131.33653054,-2.60106197,6.41,0.521
42954,131.33925954,30.69775174,6.12,0.935
42981,131.39527036,4.66437644,6.45,1.228
43002,131.45534312,-25.38808779,6.07,0.084
43012,131.47979613,-79.50437284,5.79,1.595
43023,131.50685182,-46.04152748,3.87,0.015
43026,131.51031463,-2.04865471,5.70,1.097
43035,131.52864075,-11.00676764,6.22,1.608
43067,131.59390833,-13.54772006,4.32,0.900
43073,131.59898778,-41.12538955,6.21,-0.050
43082,131.62727899,-45.91250455,5.43,0.238
43103,131.67425219,28.75989827,4.03,1.007
43105,131.67728835,-56.76977618,4.50,-0.169
43109,131.69379420,6.41880927,3.38,0.685
43114,131.70516938,-34.62294480,6.33,-0.127
43121,131.73340873,12.10995219,5.89,0.120
43142,131.81244035,-1.89703269,5.28,0.058
43148,131.82852179,-46.15541509,5.71,0.554
43152,131.83945807,-17.05287811,6.48,0.679
43177,131.91828911,-41.73679219,6.35,0.578
43195,132.00091385,-52.85015129,6.29,-0.097
43204,132.02032258,-6.55883939,6.09,1.282
43209,132.03656588,-42.46344644,6.43,-0.178
43215,132.06094312,-28.63880000,6.42,1.364
43234,132.10821073,5.83781245,4.35,-0.044
43246,132.15604903,-1.04483575,6.42,1.142
43266,132.20521019,66.70808269,6.20,-0.106
43305,132.34052593,-3.44302337,5.30,-0.080
43325,132.41316404,-40.32015784,5.47,0.066
43338,132.43725987,-21.04844031,6.48,0.256
43347,132.44849184,-45.30787472,4.94,0.043
43351,132.45885611,-72.55123989,6.10,0.185
43352,132.46458217,-32.78052517,5.19,0.876
43354,132.46813090,-39.14160329,6.38,0.249
43370,132.50929616,-29.46299701,5.86,0.948
43392,132.58756813,-42.08979111,6.00,-0.114
43394,132.59015396,-28.61761900,6.17,-0.055
43409,132.63301402,-27.70984441,4.02,1.272
43410,132.63426430,33.28505250,6.22,0.549
43413,132.63942286,-46.52918681,5.09,-0.205
43414,132.64507433,-66.79298096,5.34,0.423
43427,132.68801427,18.83218269,6.41,0.009
43454,132.75608815,15.35065072,6.36,0.669
43496,132.89337937,-7.17722564,5.55,0.150
43499,132.90214838,-57.63357750,5.59,-0.102
43520,132.95847995,-44.15093138,6.38,-0.150
43528,132.98164106,-40.98658419,6.49,-0.106
43531,132.98679585,43.72660287,5.15,0.971
43550,133.04177080,42.00273476,5.98,1.251
43553,133.04903518,45.31281911,5.96,1.233
43570,133.10076045,5.34031083,6.34,0.122
43573,133.10890154,-32.50932243,6.49,1.451
43575,133.11911933,28.25915899,6.25,1.552
43580,133.12817524,-13.23294205,6.12,1.142
43584,133.14425694,32.47415705,5.67,0.224
43587,133.14921322,28.33081870,5.96,0.869
43589,133.16085529,-48.35909718,5.92,-0.148
43590,133.16123164,-36.54534212,6.41,0.549
43593,133.17005178,-52.12890581,6.39,0.003
43603,133.20007609,-38.72408636,5.79,1.508
43620,133.26574271,-56.64948512,6.02,-0.023
43623,133.27214357,-16.95247145,6.43,1.082
43624,133.27477894,59.05613995,6.35,0.414
43644,133.34398961,61.96226784,5.72,0.305
43669,133.45273784,-60.35390883,5.78,-0.088
43671,133.46081503,-47.52077781,5.31,0.275
43673,133.46149613,-40.44754236,6.42,0.960
43685,133.48200472,35.53829403,6.14,0.059
43721,133.56137964,30.57911508,5.40,1.050
43726,133.57478141,-5.43445947,6.01,0.661
43763,133.72511858,-58.23965804,6.36,-0.086
43783,133.76178383,-60.64460928,3.84,-0.104
43797,133.79909085,-54.96576824,5.70,0.481
43798,133.80179199,-18.24118931,5.75,1.327
43807,133.83000954,-45.04167016,6.26,-0.152
43811,133.84533682,17.23127585,6.28,2.975
43813,133.84844309,5.94556331,3.11,0.978
43822,133.87337089,-7.97115319,6.07,0.220
43825,133.88154271,-27.68187118,4.87,0.142
43834,133.91532883,27.92748154,5.23,1.000
43850,133.97703292,-15.43953635,6.47,1.393
43851,133.98145066,11.62602321,5.44,1.462
43853,133.98293161,-23.81830299,6.39,0.157
43878,134.08025856,-52.72347522,4.68,-0.115
43894,134.12714884,40.20147407,5.90,0.378
43899,134.14219398,-16.70874809,5.95,1.544
43902,134.15432604,4.23658110,6.13,1.001
43903,134.15600822,64.60383153,5.57,0.877
43908,134.17077649,-85.66315230,5.43,0.306
43923,134.20813723,45.63164600,5.72,1.125
43932,134.23582185,32.91042991,5.44,0.181
43937,134.24340608,-59.22933781,4.93,-0.182
43957,134.28449757,17.14375096,6.17,1.001
43970,134.31229159,15.32276214,5.22,0.149
44001,134.39666647,15.58128073,5.68,0.209
44010,134.42509910,9.38776361,6.19,0.984
44024,134.48149370,-48.57291016,5.88,1.060
44031,134.49443936,30.23382564,6.25,0.474
44066,134.62175702,11.85770096,4.26,0.141
44075,134.68305484,-16.13272704,5.80,0.521
44093,134.71814040,-47.23468780,5.17,0.268
44126,134.79470649,18.13486656,6.30,1.511
44127,134.80189116,48.04182647,3.12,0.223
44130,134.81592298,-28.80601756,6.24,0.997
44143,134.85076140,-59.08371209,5.17,0.417
44148,134.86200836,13.07439070,6.49,1.462
44154,134.88605804,32.41855927,5.23,0.913
44162,134.91631145,-19.20803628,6.19,0.461
44191,135.02253575,-41.25360521,4.45,0.646
44213,135.09273151,-43.17399105,6.04,-0.154
44231,135.12833414,37.60435292,6.21,1.572
44248,135.15987807,41.78291100,3.96,0.463
44256,135.19059047,-60.96382829,5.80,1.211
44283,135.28547309,-68.68391596,5.89,1.634
44290,135.29758362,-26.66371656,6.20,1.137
44299,135.33691980,-41.86425439,5.56,-0.135
44307,135.35053935,32.25229649,5.89,0.088
44315,135.38077792,5.64098565,6.08,1.111
44331,135.41983541,39.71351830,6.39,0.314
44337,135.43566340,-52.18868536,5.23,-0.120
44342,135.45349630,27.90259352,6.07,0.243
44356,135.49161758,-0.48267346,5.64,1.163
44367,135.52662667,-39.40216393,6.25,1.000
44382,135.61164961,-66.39607654,4.00,0.145
44390,135.63621691,67.62961897,4.74,1.542
44405,135.68443911,24.45291523,5.45,-0.041
44406,135.68673927,7.29826681,5.85,1.100
44423,135.77222040,-53.55037218,6.39,-0.074
44471,135.90636137,47.15652471,3.57,0.007
44504,136.00167287,54.28388682,5.74,0.034
44509,136.02408438,-47.44144986,6.46,-0.155
44511,136.03866845,-47.09773702,3.75,1.174
44565,136.19986683,-57.85257334,6.43,0.288
44574,136.22950138,32.37683280,6.46,0.241
44599,136.28672438,-72.60270534,4.47,0.607
44613,136.35039948,48.53031413,5.48,0.475
44626,136.40989341,-70.53849670,4.66,-0.149
44659,136.49319468,5.09231573,4.99,1.189
44665,136.53181322,-64.49984899,6.37,1.361
44700,136.63236217,38.45221539,4.56,1.037
44708,136.64179448,-55.80241151,6.10,-0.132
44717,136.67975593,59.34452016,6.44,0.045
44738,136.74974679,1.46269372,6.16,1.648
44768,136.86210527,22.98087165,6.39,0.453
44798,136.93671783,10.66819100,5.23,-0.092
44816,136.99899358,-43.43258935,2.23,1.665
44818,137.00021065,29.65423553,5.42,0.888
44824,137.01200194,-25.85853572,4.62,1.594
44825,137.01731668,32.54039889,6.47,0.375
44857,137.09791238,66.87323482,5.15,1.514
44883,137.17574809,-8.58952398,5.60,-0.057
44887,137.18138403,-26.76759814,6.15,0.170
44888,137.18550983,-16.27732088,6.48,1.100
44892,137.19720932,26.62911175,5.95,0.654
44897,137.21279364,33.88221693,5.95,0.585
44901,137.21773434,51.60464833,4.46,0.288
44923,137.26754064,-18.32854841,5.73,0.000
44936,137.29797771,-12.35770604,5.76,0.937
44946,137.33972349,22.04544558,5.16,0.970
44961,137.39820557,-8.78764775,5.47,1.002
44979,137.43748516,-49.42438336,6.48,0.170
44984,137.44343394,11.56437717,6.48,0.355
45001,137.48504203,-30.36540124,5.59,0.179
45002,137.48776988,-52.08286063,6.19,1.023
45033,137.58691099,21.99641538,6.04,0.890
45038,137.59810630,67.13401804,4.80,0.489
45058,137.66166261,30.96313887,6.04,1.373
45075,137.72942033,63.51363270,4.67,0.381
45080,137.74202204,-58.96689577,3.43,-0.190
45085,137.76832899,-44.86790173,4.99,0.222
45097,137.80271683,80.82890959,6.37,0.385
45101,137.81966709,-62.31697715,3.96,-0.180
45122,137.88909540,-46.58391088,5.78,-0.218
45127,137.92054786,-39.25884476,6.05,-0.108
45150,137.98181141,5.46862864,6.34,0.328
45158,137.99473448,-19.74762765,5.72,0.977
45166,138.05152194,-76.66302857,6.13,1.090
45167,138.05367084,3.86697810,6.14,-0.010
45170,138.07311988,14.99603707,6.49,0.731
45184,138.10851337,-7.10982725,6.10,0.232
45189,138.12717963,-43.61326199,5.56,-0.107
45214,138.21086086,-60.91676894,6.36,-0.044
45219,138.23179649,-59.41392852,5.54,0.846
45238,138.29989786,-69.71720773,1.67,0.070
45242,138.32776827,-42.27328978,6.27,1.250
45249,138.33979507,-29.66436935,6.38,1.600
45259,138.35758963,-38.61647137,6.31,0.018
45270,138.39355741,-47.33840744,5.92,-0.051
45272,138.40525591,21.28320554,6.48,0.046
45290,138.45086324,43.21782455,5.30,-0.130
45305,138.51287459,-14.69484178,6.46,0.958
45314,138.53420889,-44.14582202,5.85,-0.113
45328,138.57496111,-55.56962953,5.26,0.980
45333,138.58558579,61.42331762,5.18,0.605
45336,138.59107912,2.31428030,3.89,-0.060
45344,138.60201980,-43.22749270,5.24,-0.137
45386,138.73820379,-37.60239609,5.85,0.827
45410,138.80771998,14.94150673,5.36,1.319
45412,138.80936076,34.63351605,5.98,0.839
45413,138.81097783,-45.55549832,6.25,-0.070
45418,138.82349592,-58.38837690,6.02,-0.101
45421,138.83927536,84.18101329,6.30,0.339
45424,138.85395120,-15.02490806,6.32,0.013
45437,138.89464000,-57.57774197,6.32,1.037
45439,138.90295253,-38.56994234,4.92,1.084
45448,138.93783179,-37.41314409,4.63,0.473
45455,138.95742525,56.74140659,5.28,1.568
45461,138.96908418,72.94632615,5.93,0.179
45481,139.01678882,-44.89872338,6.02,0.269
45493,139.04719847,54.02185739,4.80,0.199
45496,139.05030102,-57.54147354,4.34,1.602
45505,139.09598050,-44.26573459,5.12,1.636
45526,139.17236416,-8.74475948,5.49,-0.081
45527,139.17390190,-6.35314449,5.24,1.172
45543,139.23770415,-11.10311156,6.45,1.172
45544,139.23781764,-39.40153886,5.31,1.166
45556,139.27252781,-59.27522929,2.21,0.189
45559,139.28217379,-14.57406890,5.83,1.049
45571,139.32177181,-68.68964167,5.38,0.415
45581,139.35489485,-74.89431283,5.28,0.021
45585,139.36487353,-74.73459076,5.86,-0.024
45590,139.37990677,46.81722811,5.96,0.063
45603,139.42619163,-54.49482873,6.33,1.403
45614,139.46397961,11.50114579,6.40,0.095
45615,139.46523464,-67.05086834,6.14,1.254
45631,139.52446206,-51.05085914,5.26,-0.062
45661,139.60795608,35.36407958,5.94,0.177
45675,139.67648516,-51.56065139,5.83,0.474
45688,139.71101495,36.80259678,3.82,0.066
45742,139.88531199,-55.18647115,6.28,-0.099
45743,139.88805816,-15.83466291,5.79,1.285
45751,139.94325884,-11.97485258,4.77,0.927
45754,139.94972582,-34.10333939,6.40,-0.087
45764,139.98207935,74.01660152,6.42,1.050
45811,140.12090854,-9.55569462,4.80,0.913
45814,140.12362620,-37.58168794,6.04,1.396
45836,140.18234117,51.26606590,6.14,0.436
45854,140.23124260,-15.61782617,6.30,0.468
45856,140.23671804,-62.40463244,4.79,0.926
45858,140.24738488,38.18826163,6.12,0.380
45860,140.26375544,34.39256184,3.14,1.550
45888,140.34834725,45.37010092,6.40,1.305
45896,140.36325992,32.90215118,6.16,1.097
45902,140.37329518,-25.96543878,4.71,1.633
45915,140.43037113,56.69921955,5.79,1.511
45920,140.45851013,-55.51468559,5.61,0.190
45924,140.46244702,-42.19486035,5.56,1.637
45941,140.52840967,-55.01066799,2.47,-0.141
45962,140.59996870,-46.04744483,5.74,0.903
46026,140.80104443,-28.83387303,4.71,0.892
46045,140.85569468,-48.28694218,6.27,-0.144
46049,140.86383900,-60.30231386,6.30,1.477
46058,140.88240137,25.18283996,6.41,0.856
46067,140.91564669,-46.90875054,6.21,-0.093
46075,140.93692686,-37.75689999,6.47,0.193
46093,140.99722637,-51.73708047,6.05,0.528
46101,141.02289486,-61.64890244,5.99,1.060
46107,141.03843596,-80.78687606,5.34,0.454
46114,141.06785720,-39.42550255,6.05,0.193
46143,141.15451813,-70.07577926,6.45,1.275
46146,141.16357964,26.18232410,4.47,1.222
46168,141.23200551,51.57389610,6.30,0.774
46194,141.28273332,-43.97660259,6.31,1.526
46221,141.35014778,-5.11739372,5.60,1.523
46225,141.36347638,-61.95047605,5.77,0.137
46232,141.38542031,16.58558758,6.31,0.968
46247,141.43404425,63.94093941,6.24,1.465
46283,141.57482518,-53.37890899,5.09,-0.102
46288,141.59295367,-1.46407823,6.01,1.313
46297,141.61857964,-40.50170650,6.19,0.251
46328,141.68372472,-64.92970083,6.05,0.147
46329,141.68708611,-28.78769598,6.12,-0.089
46358,141.77628651,-71.60189510,5.46,1.079
46371,141.82669014,-22.34378260,4.72,1.154
46390,141.89684698,-8.65860253,1.99,1.440
46404,141.94491870,-6.07118721,5.38,0.642
46407,141.95435153,-71.78110154,6.33,0.413
46410,141.96496370,75.09834096,6.20,0.115
46454,142.11416993,9.05677773,5.40,0.605
46457,142.12157061,8.18829842,5.72,1.045
46460,142.12727921,-66.70187737,5.90,0.012
46471,142.16662216,45.60148310,5.40,0.993
46482,142.19626823,-62.27313432,5.91,1.102
46504,142.25958243,-1.25691297,6.27,0.274
46509,142.28707376,-2.76896393,4.59,0.411
46511,142.30267590,-20.74912751,5.66,1.587
46515,142.31133187,-35.95133548,4.51,1.408
46517,142.31738924,-38.40354161,6.15,0.216
46529,142.35184152,-2.20517184,6.14,0.222
46543,142.38506717,-4.24663641,6.25,0.838
46566,142.44888314,55.74523304,6.50,0.394
46569,142.45780834,-23.34534247,6.26,1.559
46578,142.47710045,-26.58961559,5.49,1.345
46594,142.52129237,-51.51716414,5.45,-0.078
46618,142.59368039,-15.57735181,5.86,1.193
46620,142.59758877,-58.36183956,5.88,1.676
46651,142.67500055,-40.46676938,3.60,0.371
46652,142.68007801,33.65571065,5.87,1.032
46657,142.69207663,-31.88922182,5.75,0.066
46701,142.80549519,-57.03437682,3.16,1.538
46733,142.88211727,63.06186073,3.65,0.360
46734,142.88399535,-31.87183135,5.91,0.258
46735,142.88504290,35.10327265,5.39,1.543
46736,142.88769189,-35.71475041,5.86,1.287
46737,142.88759457,-66.71902659,6.27,1.348
46741,142.90113654,-73.08091272,5.46,1.556
46744,142.91244989,-10.55201293,6.13,0.261
46750,142.93011700,22.96797056,4.32,1.541
46768,142.98212043,-10.37034150,6.12,1.183
46771,142.98641170,11.29982653,4.99,1.046
46774,142.98990553,9.71576670,5.07,1.364
46776,142.99553372,-1.18466379,4.54,0.109
46810,143.07660971,-28.62776953,6.43,0.358
46811,143.08032576,-40.64933489,5.35,0.897
46813,143.08503617,-19.40030353,5.74,0.135
46840,143.17247611,1.86415137,6.11,0.614
46853,143.21430974,51.67730022,3.17,0.475
46859,143.23239248,-13.51680367,5.95,1.501
46869,143.25822091,-8.50537400,6.12,0.974
46874,143.28200181,-39.12907351,6.43,0.337
46879,143.29686998,45.51375791,6.49,1.141
46880,143.30191619,-21.11572236,5.02,1.023
46891,143.32621104,28.36793958,6.50,0.128
46893,143.33293988,-7.19020437,6.25,1.170
46897,143.35854726,-22.86388350,5.92,0.023
46904,143.37651221,36.48694953,6.19,1.264
46914,143.43557959,-49.00507186,5.12,-0.114
46928,143.47240397,-80.94125808,5.07,-0.139
46938,143.49642197,23.45391880,6.26,1.453
46950,143.53663903,-51.25526648,5.01,-0.180
46952,143.55575799,36.39755774,4.54,0.914
46974,143.61104266,-59.22975334,4.08,-0.013
46977,143.62024899,69.83034278,4.54,0.781
46982,143.63603489,-5.91494806,5.56,1.159
47006,143.70597160,52.05147688,4.47,0.027
47013,143.72302530,72.20567923,5.77,0.530
47029,143.76595846,39.62149337,4.81,0.992
47039,143.79926488,-35.82375001,6.48,0.417
47070,143.89083996,-19.58339424,6.33,0.069
47080,143.91459292,35.81013347,5.40,0.770
47096,143.97035040,14.37958800,6.32,0.027
47119,144.02815355,74.31880547,6.46,-0.083
47145,144.10585949,-48.75117933,6.18,0.277
47168,144.17855027,31.16173433,5.57,1.594
47172,144.19287458,-52.94367025,6.18,1.051
47175,144.20641702,-49.35502581,4.34,0.173
47187,144.25086356,-25.29675945,5.68,1.116
47189,144.26075135,16.43795180,5.73,1.223
47193,144.27202941,81.32638208,4.28,1.488
47199,144.29121374,-32.17864643,5.62,1.023
47204,144.30271898,-53.66850826,5.44,0.137
47205,144.30278012,6.83580200,5.00,1.051
47224,144.36833630,-36.09599409,5.96,1.118
47231,144.40629044,60.21368191,6.41,0.921
47242,144.44139912,-3.17064195,6.45,0.986
47249,144.46460464,-9.42444649,6.40,-0.040
47260,144.48418129,73.08039444,6.39,0.352
47267,144.50605592,-43.19094447,5.51,0.985
47300,144.59073275,40.23979335,5.28,0.223
47310,144.61370114,4.64929286,4.68,1.310
47391,144.83749386,-61.32806002,4.51,-0.070
47401,144.86614459,67.27223037,5.96,1.528
47422,144.93802597,-62.94292349,6.40,-0.084
47427,144.94754434,-10.57027057,6.31,-0.029
47431,144.96400779,-1.14281015,3.90,1.313
47452,145.07651372,-14.33229221,5.07,-0.149
47454,145.08362077,-10.76918467,6.37,0.083
47479,145.17731003,-57.98355305,5.30,0.195
47498,145.25910511,-57.25954239,5.80,1.083
47508,145.28763669,9.89230800,3.52,0.516
47521,145.31971345,55.86649103,6.50,1.150
47522,145.32086423,-23.59151405,4.76,-0.117
47544,145.39631661,31.27781719,5.90,1.579
47550,145.41035251,25.91287609,6.26,1.251
47559,145.44969741,-55.21376170,5.99,-0.119
47570,145.50142855,39.75785117,5.61,0.951
47591,145.55402434,-66.91482025,6.33,0.075
47592,145.56006988,-23.91556899,4.93,0.534
47594,145.56176479,69.23753736,5.72,1.131
47627,145.67230055,-35.50170944,6.39,-0.053
47631,145.67808103,35.09337092,6.12,0.386
47633,145.67955549,48.43099992,6.36,0.010
47654,145.73828058,72.25261830,5.15,1.029
47664,145.77902315,54.36370294,6.50,0.121
47694,145.86494961,-51.22813606,6.15,-0.098
47701,145.88858324,29.97447335,5.64,0.111
47717,145.92597679,-53.89128223,5.56,-0.042
47723,145.93293593,14.02169206,5.36,1.610
47758,146.05039686,-27.76947109,4.78,0.516
47779,146.12501661,18.86349245,6.49,1.158
47791,146.15228784,64.98411256,6.18,0.419
47854,146.31171365,-62.50790316,3.69,1.010
47868,146.34169601,-30.20275044,6.45,-0.137
47884,146.37910540,78.13470868,6.25,1.353
47893,146.41924525,-57.18604136,6.47,-0.108
47908,146.46280429,23.77425466,2.97,0.808
47913,146.48211435,-58.79382791,6.22,0.461
47943,146.54185087,6.70855585,5.80,1.639
47956,146.58596518,-76.77611986,5.43,0.901
47959,146.59719951,11.81004306,5.67,1.489
47960,146.59837945,1.78558610,5.65,0.342
47963,146.62654282,-44.75506030,5.58,-0.176
47965,146.63193451,57.12807021,5.09,1.594
48002,146.77550679,-65.07200680,2.92,0.273
48017,146.82518366,79.13668051,6.09,0.303
48023,146.84247719,23.64768627,6.49,1.093
48029,146.85818814,11.56816552,6.44,0.255
48113,147.14738081,46.02100807,5.08,0.619
48119,147.16665627,-56.41189023,6.05,0.937
48191,147.36701467,-37.18676531,5.95,1.245
48218,147.45872677,21.17942249,6.10,0.257
48219,147.46395084,-36.26846279,6.36,1.008
48224,147.48808628,-45.73273575,5.09,-0.098
48266,147.59826740,65.59322658,6.27,0.290
48273,147.62533810,4.34365043,6.24,0.479
48287,147.67473640,-46.93392260,5.72,1.085
48310,147.73159411,-62.74511640,5.56,1.316
48319,147.74732429,59.03873553,3.78,0.291
48320,147.75328970,-80.06105865,6.47,0.074
48324,147.75826917,13.06623898,6.45,1.624
48339,147.80027537,-59.42577425,5.79,1.354
48341,147.80846702,-4.24334958,6.01,0.171
48348,147.83216782,-46.19387149,5.62,1.166
48351,147.84006703,-6.18192809,6.42,0.577
48356,147.86955730,-14.84660315,4.11,0.918
48374,147.91944867,-46.54762042,4.58,1.172
48375,147.92173372,-11.34050677,6.48,1.610
48390,147.97099175,24.39536942,5.29,0.229
48396,147.99806023,-16.53477527,6.08,1.035
48402,148.02648325,54.06433236,4.55,0.038
48413,148.04993559,0.07560995,6.34,0.934
48414,148.05067978,2.45413065,6.02,-0.040
48437,148.12681031,-8.10503034,5.07,0.038
48455,148.19090535,26.00695149,3.88,1.222
48468,148.24178242,-27.33217176,6.28,0.622
48469,148.25038425,-55.37320828,6.50,-0.145
48519,148.42885498,5.95857330,5.90,1.662
48527,148.45874341,-51.14671326,5.95,-0.152
48559,148.55133009,-25.93234458,4.87,1.199
48561,148.57355933,-45.28351642,5.72,-0.114
48584,148.63255985,-22.48745647,6.23,0.052
48613,148.71346160,-50.24395889,5.71,0.006
48615,148.71753612,-19.00935988,4.94,1.559
48638,148.76398949,61.11612309,6.29,1.036
48682,148.92917735,49.81984279,5.27,0.086
48706,149.02222380,-40.82454569,6.39,1.612
48715,149.04055097,-71.38930014,6.30,-0.056
48730,149.09122750,-51.33615835,6.39,-0.162
48734,149.10823479,8.93315735,5.85,1.129
48748,149.14789188,-33.41849626,5.83,1.202
48763,149.19517588,-26.54967176,6.27,0.219
48774,149.21559015,-54.56779042,3.52,-0.067
48776,149.22538272,-27.47515413,6.32,0.173
48782,149.24920171,-69.10180389,6.18,-0.100
48799,149.29558718,-52.63878277,6.13,-0.115
48802,149.30671096,57.41819578,5.97,0.895
48833,149.42105850,41.05563358,5.11,0.481
48835,149.42748967,-48.41407477,6.06,-0.127
48839,149.43293012,-1.94175022,6.43,0.700
48861,149.48685832,45.41429759,6.34,1.096
48876,149.53179602,8.31397889,6.05,1.357
48883,149.55573249,12.44480030,5.26,-0.035
48893,149.59488065,72.87950922,5.86,1.155
48895,149.60849442,27.75899952,6.48,0.362
48926,149.71781467,-35.89097265,5.23,0.300
48943,149.77626825,-23.95077038,6.11,-0.101
48982,149.90089279,29.64523256,5.75,1.059
49005,149.96535978,56.81180742,5.50,1.487
49029,150.05336089,8.04422312,4.68,1.589
49052,150.14385433,-56.94610844,6.50,0.979
49065,150.18245134,-82.21467008,5.53,0.035
49081,150.25273580,31.92367205,5.37,0.676
49092,150.29994192,-56.09655919,6.42,-0.013
49137,150.41962155,-53.36411467,6.20,-0.137
49160,150.49187005,-57.34978909,6.20,1.108
49164,150.50040100,-60.42089020,5.93,0.263
49220,150.70395978,21.94925787,5.68,-0.178
49223,150.70588337,-62.15666677,6.41,1.688
49233,150.74975768,-60.17867463,6.18,0.175
49259,150.83575255,-46.63619126,6.11,0.041
49281,150.89215674,-61.88403980,6.14,-0.032
49293,150.92077742,-9.57379182,6.09,1.671
49321,151.01171591,-18.10140604,6.30,-0.060
49329,151.03513502,3.20105474,6.43,0.398
49339,151.08725684,-24.28553452,5.70,0.303
49343,151.09734812,-39.97585809,6.42,1.311
49363,151.15134501,53.89171627,5.71,0.507
49394,151.25764661,-51.31362038,6.23,-0.054
49402,151.28112504,-13.06462598,4.60,-0.087
49408,151.29325806,52.37130203,6.31,0.135
49418,151.31366489,-36.38438146,6.27,1.112
49445,151.42049219,15.75750613,6.36,0.387
49477,151.53004523,-52.18793896,6.50,0.997
49485,151.54671622,-47.36999485,5.06,0.880
49530,151.69760336,5.61149315,6.20,0.939
49569,151.78957968,-17.14173300,5.59,1.490
49583,151.83313456,16.76266443,3.48,-0.031
49593,151.85733981,35.24469332,4.49,0.190
49619,151.89881661,-48.26082049,6.40,-0.150
49637,151.97612834,9.99750785,4.39,1.448
49641,151.98450128,-0.37163673,4.48,-0.032
49642,151.98595746,-62.22141647,6.45,-0.095
49645,152.00687415,-37.33344475,6.34,0.980
49658,152.06619793,31.60405276,6.23,0.469
49669,152.09296110,11.96720706,1.36,-0.087
49688,152.14329548,83.91837251,6.31,1.549
49689,152.14760107,-15.61193917,6.25,-0.007
49698,152.17811802,-65.81543788,5.26,0.973
49712,152.23433292,-51.81126063,4.85,-0.120
49764,152.37569970,-68.68277895,5.80,0.015
49769,152.38236748,-35.85677069,6.14,0.615
49802,152.48536218,-12.09530464,6.24,0.184
49809,152.52452658,-12.81592328,5.30,0.368
49812,152.53142041,-8.40817035,5.91,0.026
49841,152.64698939,-12.35408295,3.61,1.007
49844,152.65715756,-41.71524685,5.98,1.239
49865,152.73275506,-8.41846171,5.64,1.304
49870,152.74570570,40.66160810,6.34,1.277
49893,152.80324264,37.40190044,5.86,1.282
49900,152.82402137,-7.31662602,6.23,0.026
49926,152.89775106,-58.82776190,6.07,1.647
49929,152.90921394,13.35511401,6.43,0.468
49934,152.94358379,-58.06054371,5.70,-0.118
49967,153.01187915,-28.60595582,6.28,0.019
49994,153.09551287,-52.16324210,6.16,1.168
50013,153.15817434,-19.15304036,6.45,0.494
50027,153.20151956,4.61467985,5.77,1.178
50044,153.25477818,-59.91808811,6.07,-0.072
50066,153.33102473,-27.02889108,6.23,0.316
50067,153.33825036,-61.65882921,6.42,-0.111
50069,153.34286848,-56.58669743,6.48,1.450
50070,153.34518600,-51.23297082,5.27,0.257
50075,153.35304148,-33.03172224,6.38,0.592
50078,153.36664163,-51.75578798,5.78,0.136
50083,153.37763588,-66.37281136,5.15,0.217
50099,153.43424113,-70.03790334,3.29,-0.074
50103,153.44134842,-40.34605581,5.91,1.204
50109,153.45710445,27.13581907,6.05,0.844
50122,153.48565683,-40.31077456,6.33,0.940
50142,153.53733650,-23.81394601,6.36,1.639
50174,153.62395092,21.16805758,6.02,0.573
50191,153.68398022,-42.12194167,3.85,0.051
50218,153.77640929,31.46806570,6.47,0.858
50222,153.78194625,59.98553940,6.18,1.621
50232,153.81932910,-54.97420710,6.16,-0.155
50234,153.83696668,-36.51771686,6.17,1.058
50241,153.88152637,-43.11236912,5.59,1.520
50287,154.01337728,-59.90341066,6.22,0.194
50292,154.03749171,-11.20341865,6.08,1.096
50303,154.06013222,29.31050137,5.49,0.020
50316,154.11701131,28.68247927,6.46,0.635
50319,154.13453997,23.50309519,5.95,0.655
50332,154.16723093,-51.20463574,6.20,1.435
50333,154.16973949,13.72833434,5.42,1.650
50335,154.17257060,23.41731066,3.43,0.307
50336,154.17398571,25.37070547,5.84,1.206
50371,154.27073249,-61.33230426,3.39,1.541
50372,154.27413109,42.91436491,3.45,0.029
50384,154.31057712,23.10621974,5.81,0.500
50391,154.33409059,-46.83494192,6.48,0.329
50414,154.40750909,-8.06891444,5.25,0.336
50448,154.50844418,65.10835102,5.74,0.163
50456,154.53162634,-28.99200024,5.52,0.277
50480,154.61768332,-41.66849002,5.97,-0.063
50485,154.63673251,43.04844498,6.48,0.925
50492,154.65772440,-36.80457208,6.31,1.282
50493,154.65795075,-56.11039337,5.80,0.481
50509,154.74469655,46.76077762,6.42,1.190
50516,154.75294274,24.71213807,6.42,1.388
50520,154.77113106,-64.67625789,5.66,0.042
50536,154.82028757,-12.52813173,6.01,0.258
50546,154.86161775,48.39676215,6.00,1.022
50552,154.88476944,-5.10614803,6.38,0.894
50555,154.90312561,-55.02930472,4.59,1.600
50562,154.92512649,-65.13723840,6.35,1.556
50564,154.93403308,19.47091417,4.78,0.452
50583,154.99314355,19.84148873,2.01,1.128
50584,154.99784061,-9.05900417,6.31,0.338
50606,155.06163569,53.77939087,6.45,0.580
50609,155.06964665,-47.69909032,5.66,1.667
50635,155.12978886,54.21683891,6.01,1.128
50676,155.22831683,-56.04322039,4.50,-0.102
50685,155.26391804,68.74765110,5.88,0.241
50693,155.28316252,-17.98495898,6.50,0.402
50728,155.36943395,-23.71083441,6.47,0.193
50755,155.45959645,14.97577324,6.16,0.018
50785,155.54342548,-58.26557206,6.34,0.884
50786,155.54400871,41.22952996,5.73,0.531
50790,155.55390829,-19.86657067,6.12,0.035
50799,155.58160318,-41.64996021,4.82,1.095
50801,155.58225241,41.49951638,3.06,1.603
50847,155.74227211,-66.90149839,4.97,-0.128
50851,155.75186380,6.54264351,6.06,1.119
50860,155.77636562,33.90814466,5.89,0.147
50868,155.80475334,-30.16226300,6.25,0.304
50885,155.86032717,-4.07403481,5.93,-0.048
50887,155.86820848,-0.90224418,6.45,0.918
50888,155.87206731,-38.00983938,5.34,0.251
50893,155.88606897,-3.64285440,6.39,1.601
50903,155.91927084,-41.95318883,6.24,0.884
50904,155.92399834,29.61585557,6.36,1.090
50916,155.96096500,-57.95393309,6.34,1.517
50933,156.03269271,65.56642303,4.94,-0.052
50935,156.03584749,33.71853073,5.52,1.186
50939,156.05490314,2.36801812,6.33,0.991
50954,156.09877632,-74.03161190,3.99,0.369
50976,156.18546762,-73.97173214,6.18,0.071
50993,156.24757450,-58.57630274,5.93,0.315
51008,156.31331299,8.78484459,5.61,1.630
51014,156.32172657,-42.46740411,6.18,1.006
51046,156.43446333,-7.05982902,5.60,1.528
51047,156.43717690,35.42543008,6.49,1.089
51056,156.47839283,33.79612024,4.72,0.260
51069,156.52261134,-16.83629043,3.83,1.456
51077,156.54096316,-42.73849369,6.13,1.129
51117,156.65381007,-0.98805535,6.33,1.443
51140,156.70383779,-54.87730218,5.58,1.556
51161,156.75202169,19.36453781,6.15,1.141
51172,156.78792133,-31.06777887,4.28,1.429
51192,156.85196232,-57.63880469,4.65,0.474
51194,156.85534777,-65.70466390,6.00,0.091
51200,156.86683875,41.60103526,6.00,0.166
51213,156.91246063,9.76239616,6.01,-0.043
51232,156.96970902,-58.73940319,3.81,0.317
51233,156.97083204,36.70721174,4.20,0.908
51245,157.00873267,-49.40580081,6.10,1.506
51248,157.01617599,48.78490120,6.42,0.610
51265,157.07608603,-63.16456517,6.42,-0.039
51290,157.15216540,45.21221150,6.37,1.330
51302,157.18316806,-3.74238482,6.05,0.059
51313,157.21906555,-64.17227778,5.27,1.856
51327,157.26561206,-65.17624389,6.42,1.675
51362,157.36959259,-2.73907802,5.19,-0.050
51364,157.37072204,-29.66383248,5.58,1.420
51376,157.39741059,-30.60706508,5.57,-0.041
51384,157.42275189,84.25200905,5.52,0.244
51401,157.47681725,65.62623353,6.32,1.141
51420,157.52686747,38.92513177,5.79,0.087
51425,157.53661085,-66.98465404,6.19,-0.004
51437,157.57283183,-0.63702597,5.08,-0.138
51438,157.58386587,-71.99279296,4.72,0.042
51448,157.61077210,64.25768940,6.07,0.178
51459,157.65658239,55.98053629,4.82,0.541
51461,157.66352695,-61.35647446,6.41,1.650
51490,157.74484960,-7.63754981,6.20,1.377
51491,157.74932379,-13.58846957,5.59,-0.028
51495,157.75858126,-73.22149033,4.94,1.677
51502,157.76943261,82.55858756,5.25,0.399
51523,157.84092521,-53.71548368,4.89,0.500
51551,157.95282678,-28.23710325,6.04,0.501
51556,157.96406552,32.37955435,5.90,0.114
51560,157.98599004,-45.06965983,6.04,-0.096
51561,157.98931704,-45.06671030,5.76,-0.194
51576,158.00609749,-61.68533255,3.30,-0.089
51585,158.04905741,14.13726962,5.43,1.696
51610,158.14004240,-44.61850771,5.91,0.920
51623,158.19920504,-58.66674498,5.98,0.290
51624,158.20279933,9.30658558,3.84,-0.148
51635,158.23691737,-47.00335263,5.02,1.045
51658,158.30786815,40.42555990,4.72,0.222
51676,158.35578622,-58.19014910,6.09,0.325
51685,158.37879635,34.98869458,5.57,0.029
51718,158.50368537,-23.74516468,5.08,1.596
51732,158.55296523,-60.98762926,6.25,1.399
51775,158.70006123,6.95374893,5.07,0.921
51795,158.74041469,-23.17624756,6.10,0.496
51802,158.75899566,8.65042553,5.67,0.059
51808,158.77283604,75.71294767,4.86,0.957
51814,158.79038688,57.08263671,5.16,0.349
51816,158.79338677,-43.66458735,6.09,0.940
51821,158.80354467,-39.56258870,5.50,3.015
51835,158.85316397,-76.30898564,6.29,1.205
51839,158.86710909,-78.60778577,4.11,1.580
51849,158.89707431,-57.55763590,4.45,1.604
51852,158.91193267,-18.56897791,6.49,0.199
51883,159.00815359,80.49462893,6.48,0.963
51885,159.01878241,-26.67547884,6.29,0.475
51905,159.06941182,-16.34432573,6.01,1.638
51912,159.08549318,-59.56439245,5.08,1.172
51914,159.08925621,36.32692666,6.29,0.436
51933,159.13492888,-12.23012111,5.71,0.528
51979,159.30718553,-27.41263430,4.87,1.626
51984,159.31713795,-53.85526005,6.43,-0.150
51986,159.32559015,-48.22562015,3.84,0.300
52004,159.36278286,-58.73333948,5.47,0.500
52009,159.38863537,-13.38454290,4.89,2.800
52032,159.46776878,34.07862282,6.42,1.364
52043,159.51102078,-57.25630921,5.89,-0.128
52085,159.64563744,-16.87657185,4.91,0.922
52098,159.68005294,31.97623753,4.68,0.823
52102,159.68748435,-59.18299713,4.69,1.562
52103,159.68907542,-59.26242014,6.50,-0.098
52112,159.70964041,-42.75344359,6.10,0.661
52113,159.71005286,-12.44361775,6.04,-0.007
52127,159.74841063,-58.81685384,5.96,1.692
52136,159.77356447,53.66830017,5.55,1.270
52139,159.78180228,37.91000015,5.84,0.595
52150,159.81623948,-74.49338376,6.08,1.683
52154,159.82663768,-55.60326857,4.29,1.025
52160,159.84513246,-64.11178826,6.33,-0.072
52221,160.04766406,-65.10020900,5.51,-0.158
52273,160.21474644,-35.74171795,6.36,0.917
52308,160.32298226,-59.67691599,6.35,0.088
52316,160.35077855,-1.74149071,6.25,0.880
52338,160.45107735,68.44349962,5.74,1.315
52340,160.46466057,-79.78328811,5.97,-0.071
52353,160.48563182,65.71627973,5.12,1.207
52366,160.54694753,31.69699764,6.02,1.617
52370,160.55883334,-64.46642641,4.76,-0.139
52391,160.63072022,-13.97451451,6.24,1.540
52405,160.66902684,-59.21575905,5.36,0.213
52407,160.67994746,-32.71567343,5.63,0.006
52419,160.73917189,-64.39445006,2.74,-0.220
52422,160.75784148,26.32557740,5.51,0.160
52425,160.76683287,69.07621399,5.01,1.406
52452,160.83716589,4.74766950,5.77,1.168
52457,160.85398267,23.18840452,5.08,0.042
52468,160.88454015,-60.56661947,4.58,1.700
52469,160.88704747,46.20387703,5.18,0.324
52478,160.93056533,57.19920295,5.79,-0.038
52487,160.96330237,-64.24904192,5.74,0.012
52488,160.96774132,-60.11778307,6.45,-0.017
52502,161.02881032,-63.96107161,4.80,-0.134
52513,161.06061252,19.75883381,6.27,0.196
52520,161.08342163,-70.85972119,6.25,0.208
52526,161.09546102,-59.99332048,6.32,-0.310
52535,161.11234045,-72.44349773,6.26,0.510
52537,161.13473092,-70.85525497,6.43,0.227
52577,161.26678874,67.41138405,5.95,2.382
52584,161.28940207,2.48797032,6.27,1.212
52595,161.31797417,-80.46959695,5.46,0.957
52633,161.44584694,-80.54018778,4.45,-0.188
52638,161.46622544,30.68231343,5.36,-0.050
52660,161.52366949,6.37318315,6.38,1.121
52678,161.56898752,-64.51455943,5.33,-0.096
52679,161.57110506,-60.60287220,6.26,0.038
52685,161.59366822,57.36591457,6.34,1.568
52686,161.60227135,18.89152299,5.50,1.134
52689,161.60532259,14.19464484,5.49,0.908
52701,161.62328400,-64.26324160,5.23,-0.077
52709,161.65475893,-43.19267285,6.29,0.202
52727,161.69240913,-49.42025537,2.69,0.901
52730,161.70031865,-69.20978624,6.34,0.180
52736,161.71341275,-64.38347434,4.87,-0.149
52737,161.71689616,-17.29687379,5.44,0.112
52742,161.73946741,-56.75719221,5.14,-0.080
52785,161.87750812,-69.43773291,6.35,-0.085
52797,161.90998531,-57.46741091,6.29,1.673
52806,161.93465471,-59.87525721,6.47,-0.121
52815,161.97303963,-64.26284209,6.46,0.008
52827,162.02252944,-59.91916266,5.98,0.274
52841,162.05879911,-31.68785012,5.87,0.028
52863,162.16898296,-1.95889567,5.92,1.608
52877,162.20779000,65.13249148,6.40,-0.022
52882,162.23845021,29.41605724,6.15,1.144
52911,162.31429178,10.54520211,5.32,0.035
52922,162.35182191,-59.32379277,5.85,0.008
52929,162.36999668,63.81002872,6.42,1.287
52943,162.40620179,-16.19364835,3.11,1.232
52948,162.43120269,-9.85269497,5.85,1.074
52959,162.47386097,27.97394802,6.05,0.399
52965,162.48757429,-34.05818289,5.61,0.038
52980,162.57523422,-8.89776272,5.80,0.156
53035,162.77253537,-3.09266719,5.95,1.475
53043,162.79587316,56.58225004,5.66,1.132
53064,162.84884839,59.32011925,5.57,1.160
53100,162.94531342,-57.27231479,6.29,0.226
53141,163.05705310,1.02497275,6.37,0.087
53151,163.11929867,-79.55943690,6.36,1.460
53154,163.12852238,-57.24040555,5.26,0.130
53157,163.13357506,52.50360505,6.44,1.114
53167,163.15038338,-0.20165656,6.31,1.503
53229,163.32793791,34.21487113,3.79,1.040
53231,163.33819744,-58.89345341,6.26,-0.104
53240,163.35400967,-2.25520885,6.12,0.913
53252,163.37304867,-20.13873126,5.23,0.480
53253,163.37356736,-58.85317080,3.78,0.945
53257,163.37794438,69.85388101,5.91,1.010
53259,163.38709840,-15.44582473,6.34,1.176
53260,163.38918582,-56.42050086,6.45,1.392
53261,163.39354800,54.58512839,5.12,1.355
53272,163.42532245,-70.72033664,5.99,-0.020
53273,163.43213446,-2.12920503,5.45,0.966
53295,163.49475762,43.18995600,4.66,-0.039
53316,163.57407115,-13.75803566,5.65,0.832
53334,163.62334783,-61.82662225,5.95,1.736
53355,163.67570132,25.49072234,6.19,0.291
53377,163.74241439,34.03479771,5.73,1.032
53379,163.75418407,-42.25109806,6.08,-0.061
53387,163.79821738,-20.66496307,6.45,1.098
53394,163.82175099,-60.51700334,5.93,1.065
53411,163.86337088,-43.02052812,6.40,0.068
53417,163.90332353,24.74971832,4.30,0.016
53423,163.92665470,0.73692240,5.91,0.425
53426,163.93493512,33.50692868,5.02,1.101
53449,164.00612440,6.18537083,5.91,1.256
53465,164.06049400,42.00815502,6.03,1.123
53472,164.07021981,22.35168252,6.17,1.549
53492,164.14344959,25.50024371,6.36,1.036
53502,164.17937983,-37.13776550,4.60,1.006
53530,164.28269699,-50.76501766,5.90,0.173
53546,164.31575215,-75.09976150,6.16,1.531
53556,164.33407941,-69.03805519,6.48,0.000
53589,164.45078209,-59.73219037,6.36,0.840
53699,164.80725302,-33.73759504,5.70,0.374
53701,164.80837899,-61.32073939,6.16,-0.064
53702,164.80736504,-84.59389297,6.19,0.100
53706,164.82447756,51.88235877,6.22,1.352
53721,164.86655706,40.43025685,5.03,0.624
53723,164.87886586,-16.35370137,5.88,1.600
53726,164.88661430,36.09309993,5.99,1.595
53740,164.94360292,-18.29878342,4.08,1.079
53761,164.98677170,77.77017427,6.18,0.966
53762,164.99740918,-43.80711051,5.81,-0.064
53771,165.03449364,-51.81779962,6.15,0.188
53773,165.03859980,-42.22585865,4.37,0.116
53778,165.04872344,-14.08336831,5.86,1.501
53781,165.06126766,45.52627652,5.47,1.466
53791,165.08615152,42.91172391,6.03,0.584
53798,165.10647820,51.50210142,6.41,1.007
53807,165.14020255,3.61749404,4.84,1.144
53811,165.15103682,-53.11183121,6.44,1.280
53818,165.16992977,-31.83936854,6.06,0.527
53824,165.18667670,6.10144936,4.98,0.166
53838,165.21008032,39.21209217,5.06,0.255
53849,165.23912113,-15.79268185,6.35,1.172
53860,165.27358119,63.42111001,6.38,0.169
53907,165.45697703,-2.48458482,4.73,1.593
53910,165.46031999,56.38242679,2.34,0.033
53940,165.55771331,-41.11414526,6.48,1.474
53954,165.58239669,20.17984193,4.42,0.053
53963,165.60188907,-26.83150542,6.21,0.307
54027,165.81058588,-0.75234450,6.12,0.269
54029,165.81199837,-11.30346957,5.51,0.938
54030,165.81690138,-31.96084919,6.44,1.616
54038,165.86410412,70.03074024,6.44,1.280
54048,165.90223291,-13.43492019,6.34,0.860
54049,165.90246771,-0.00083295,5.95,1.218
54061,165.93195289,61.75103320,1.81,1.061
54082,166.00095127,-57.95533121,6.16,-0.167
54136,166.13010890,38.24136481,6.01,0.165
54137,166.13000481,-47.67910348,5.67,0.256
54173,166.22580794,-35.80467818,5.43,0.021
54182,166.25428061,7.33600733,4.62,0.332
54185,166.26712898,-49.39229904,6.11,-0.019
54204,166.33294757,-27.29361236,4.92,0.369
54214,166.39164556,-11.08890064,6.09,0.301
54255,166.48987494,-27.28785339,5.69,-0.067
54264,166.52391937,-51.21292014,6.28,0.943
54289,166.60105127,-64.83997211,6.39,0.114
54291,166.61464322,-50.95672526,6.31,1.156
54294,166.62203386,-58.67502160,6.07,1.210
54301,166.63511623,-62.42411328,4.62,0.988
54319,166.68345319,17.73736382,6.40,1.555
54327,166.70787073,-70.87793034,5.58,-0.070
54336,166.72586366,1.95552542,5.52,0.955
54360,166.81954551,-42.63868131,5.15,0.029
54380,166.89221505,-48.63998209,6.44,1.486
54388,166.91543817,23.32376220,6.48,0.164
54430,167.06573512,-29.97248641,6.47,0.029
54461,167.14166004,-61.94717476,5.11,0.195
54463,167.14745809,-58.97503690,3.93,1.225
54477,167.18333063,-28.08067053,5.43,0.069
54487,167.20454419,24.65846458,5.70,0.081
54522,167.32950037,36.30937897,5.71,1.400
54537,167.41041963,43.20773599,5.89,1.564
54539,167.41586845,44.49848682,3.00,1.144
54540,167.41577570,67.21020841,6.07,0.225
54561,167.47247300,-32.36752862,5.79,0.027
54673,167.87308655,-71.43618898,6.34,1.373
54682,167.91453864,-22.82584719,4.46,0.025
54688,167.93231687,14.40015294,6.30,0.209
54703,167.99100049,-26.80611371,6.43,0.924
54708,168.01475244,-58.42335559,6.24,1.495
54718,168.04250564,-46.26676106,6.27,0.155
54721,168.04558025,68.27186982,6.40,0.127
54725,168.06162591,-32.43379299,6.35,1.683
54742,168.12655101,-18.49986246,6.11,-0.004
54745,168.13479495,35.81408028,6.41,0.600
54746,168.13773828,-49.10099614,5.37,0.175
54749,168.14500061,-21.74933930,6.39,1.381
54751,168.15005395,-60.31762504,4.59,0.541
54767,168.18836538,-64.16976981,5.22,-0.082
54783,168.23631809,-49.73608991,6.12,1.055
54811,168.31118918,-44.37221614,5.77,1.661
54829,168.37826033,-59.61931809,5.74,-0.106
54840,168.41414038,-53.23181261,5.75,1.309
54842,168.41705077,41.08883655,6.33,1.150
54849,168.43980008,-0.06950193,5.40,-0.020
54863,168.50764182,8.06069550,5.79,1.128
54872,168.52708898,20.52371682,2.56,0.128
54879,168.56002157,15.42957019,3.33,-0.003
54929,168.72550214,-43.73370302,6.22,1.606
54951,168.80095415,23.09550224,4.56,1.657
55003,168.92812102,-57.35588244,6.42,0.098
55016,168.96624936,13.30757811,5.31,1.189
55068,169.11593070,-45.88001229,6.30,0.403
55084,169.16542031,-3.65160104,4.45,0.210
55086,169.17437341,49.47625028,5.88,1.102
55106,169.24240596,-7.13468897,6.11,0.211
55130,169.30003503,-38.01436689,6.24,0.105
55133,169.30968614,-41.93432582,6.46,0.015
55137,169.32250147,2.01055585,5.18,1.511
55140,169.32934825,-67.82351541,6.06,1.753
55164,169.41192914,-34.73734802,6.44,0.408
55219,169.61973665,33.09430567,3.49,1.400
55225,169.64330762,-79.66865112,6.35,0.266
55249,169.72899669,1.65039473,5.90,1.040
55266,169.78292083,38.18555675,4.76,0.113
55280,169.81847530,-64.58249071,5.99,0.471
55282,169.83519815,-14.77854140,3.56,1.112
55308,169.90219335,-75.14245203,6.26,-0.016
55332,169.96146509,-72.95829099,6.46,0.004
55350,170.01715161,-71.99433735,6.41,0.019
55412,170.22405955,67.10073389,6.20,1.018
55425,170.25169486,-54.49101930,3.90,-0.157
55434,170.28414306,6.02932171,4.05,-0.058
55485,170.45537000,57.07485726,6.43,0.161
55497,170.48706755,-77.60836875,6.43,0.202
55528,170.59629284,-44.64592458,6.10,0.926
55560,170.70660064,43.48270299,4.99,0.998
55564,170.71351891,64.33051284,6.02,0.085
55581,170.78388176,-56.77935463,5.82,-0.004
55588,170.80284646,-36.16476935,5.00,1.464
55595,170.82479568,0.13204988,6.05,1.464
55597,170.83916782,-64.95471433,5.09,-0.061
55598,170.84118303,-18.77997340,5.08,0.439
55642,170.98105130,10.52950862,4.00,0.423
55645,170.98564834,-57.88043734,6.50,1.504
55650,171.00969638,1.40776545,5.39,0.938
55657,171.04636355,-72.25660787,5.55,0.017
55667,171.09189196,-42.66910201,6.13,-0.175
55687,171.15246271,-10.85932331,4.81,1.556
55705,171.22051587,-17.68400965,4.06,0.216
55716,171.24552556,11.43029179,5.80,1.376
55756,171.37272200,-36.06306236,5.21,0.979
55763,171.38790532,-37.74757549,5.87,1.503
55765,171.40155647,16.45653870,5.58,0.390
55779,171.42977593,-63.97247496,5.18,0.495
55791,171.45856015,3.86010978,6.35,0.345
55797,171.48795635,55.85045922,5.73,0.988
55821,171.60649421,33.45060766,6.33,0.454
55831,171.64757397,-61.11516697,5.22,-0.077
55846,171.68883963,3.01310203,6.49,0.778
55849,171.69693753,-53.15991503,5.80,0.517
55874,171.78965240,-12.35674920,5.93,0.490
55941,171.97379236,-1.69994578,6.23,1.037
55945,171.98433339,2.85626541,4.95,1.000
55953,171.99446531,-35.32884936,6.44,1.614
55979,172.07672005,-72.47397701,6.09,0.101
56000,172.14616551,-42.67420277,5.14,-0.028
56034,172.26717462,39.33697448,5.30,0.019
56035,172.26901255,61.77836788,5.83,0.382
56050,172.31306584,-63.55393753,6.45,0.320
56078,172.41089999,-24.46401116,5.77,0.067
56080,172.42435637,15.41326947,5.74,1.371
56083,172.43151700,56.73757310,6.29,0.157
56127,172.57872236,-3.00350053,4.77,1.529
56135,172.60343797,46.65753309,6.30,1.265
56146,172.62096155,18.40980153,5.54,1.056
56148,172.62971407,43.17324213,5.94,0.524
56170,172.72062252,47.92891774,6.40,0.879
56201,172.81268707,-61.27846302,6.28,0.473
56211,172.85091870,69.33107594,3.82,1.613
56242,172.93727137,14.36450503,6.27,0.570
56243,172.94195189,-59.44206107,5.07,1.026
56245,172.94813145,-20.77647182,6.24,0.537
56250,172.95333258,-59.51564769,5.12,0.432
56253,172.96055629,81.12725707,6.12,0.264
56280,173.06834950,-29.26102254,4.93,0.540
56287,173.08331792,-66.96182352,5.89,1.136
56290,173.08641605,61.08252044,5.46,0.515
56293,173.09701368,-26.74680520,6.15,1.670
56318,173.19806955,-7.82752333,5.94,1.380
56319,173.20034039,-40.43619379,5.64,1.578
56332,173.22554373,-31.08722570,5.13,1.581
56343,173.25048102,-31.85762516,3.54,0.947
56364,173.31176289,-16.28038073,6.05,0.590
56388,173.40144440,2.49903357,6.49,1.601
56391,173.40499826,-40.58663740,5.39,0.117
56410,173.48451595,36.81561423,6.38,1.057
56445,173.59145789,3.06016548,5.76,0.480
56452,173.62286277,-32.83133965,5.96,0.811
56473,173.67704789,16.79691495,5.95,-0.156
56480,173.69023525,-54.26409123,4.62,-0.077
56497,173.73687806,-49.13649014,5.50,1.041
56500,173.74543629,-4.36129152,6.43,1.167
56508,173.76564131,20.44154534,6.45,1.010
56510,173.77044930,54.78541888,5.63,1.032
56518,173.80534431,-47.37257977,5.64,1.682
56550,173.92639801,-61.28787033,6.23,0.131
56561,173.94535319,-63.01984158,3.11,-0.044
56573,173.98160491,-47.64164272,5.26,0.257
56583,174.01165125,69.32295251,5.19,0.974
56601,174.07480801,27.78135085,5.80,0.248
56606,174.09318893,-61.05243308,5.84,-0.102
56620,174.14560379,-33.57005728,5.71,1.020
56632,174.16967991,-37.23718656,6.30,0.062
56633,174.17047243,-9.80224683,4.70,-0.073
56647,174.23721090,-0.82374868,4.30,0.983
56656,174.25218591,-61.28344222,5.14,1.105
56657,174.25507133,-32.98818394,6.32,0.439
56675,174.31514768,-75.89654386,5.64,0.362
56700,174.39162786,-47.74730936,5.46,1.230
56716,174.42632313,77.59569891,6.49,1.610
56727,174.45157639,-67.62037903,5.94,1.013
56731,174.47085194,50.61821070,6.14,1.068
56754,174.53039693,-61.82656332,5.15,-0.040
56756,174.54096297,8.88379173,6.18,1.081
56769,174.58484224,-63.37274719,6.46,0.043
56770,174.58570798,43.62542859,5.56,0.348
56775,174.60028412,-2.43590128,6.22,1.119
56779,174.61503182,8.13429851,5.24,1.499
56784,174.63467622,33.62582922,6.29,1.325
56789,174.63963721,46.83420919,6.09,0.401
56802,174.66673637,-13.20194292,5.48,0.520
56809,174.68708696,45.10841554,6.29,0.566
56816,174.70473972,64.34696553,6.49,0.154
56830,174.75184154,-24.72109294,6.40,0.821
56862,174.87330432,-65.39776594,5.01,0.804
56899,174.95972649,-16.62022945,6.17,1.579
56901,174.96300616,-14.46852948,6.21,-0.007
56922,175.05328812,-34.74465977,4.70,-0.070
56944,175.11429015,57.97040442,6.35,-0.092
56961,175.15418011,-62.56810194,6.32,0.029
56970,175.17700623,-53.96860677,5.95,1.670
56975,175.19611376,21.35272958,5.26,0.984
56986,175.22347484,-62.09010138,4.93,1.111
56996,175.25544841,-83.09993689,6.32,1.080
56997,175.26256384,34.20163549,5.31,0.723
57001,175.28499765,-29.19627393,6.44,0.651
57013,175.33245880,-43.09566688,5.54,0.044
57029,175.39274676,31.74605794,5.73,0.440
57045,175.43123808,55.17201108,6.28,1.491
57047,175.43311897,-32.49940360,5.20,1.475
57079,175.51470262,-20.29416752,6.21,0.949
57092,175.56216189,-75.22731710,6.48,0.528
57111,175.61817278,66.74490614,5.32,1.267
57137,175.72888838,-79.30638929,6.38,0.894
57165,175.86328021,-37.19015528,5.98,1.449
57175,175.87996844,-62.48939579,5.00,0.784
57211,175.97017282,-62.87827998,6.10,0.063
57214,175.97966887,-6.67716207,6.05,0.960
57240,176.05484602,25.21832748,6.02,1.533
57283,176.19073179,-18.35067436,4.71,0.958
57322,176.30264943,-49.06984298,6.26,1.174
57328,176.32099986,8.25811933,4.84,0.174
57363,176.40174608,-66.72876272,3.63,0.160
57371,176.43320334,-45.69013378,5.28,-0.118
57380,176.46482927,6.52937639,4.04,1.501
57399,176.51255835,47.77940596,3.69,1.181
57439,176.62842737,-61.17839852,4.11,0.895
57443,176.62946664,-40.50035391,4.89,0.664
57477,176.73176038,55.62819013,5.27,1.276
57497,176.77937515,-35.90686201,6.16,0.952
57507,176.81586744,-30.28651020,6.48,0.681
57512,176.82975502,-57.69649852,5.42,1.664
57562,176.97875158,8.24589485,5.31,0.038
57565,176.99639971,20.21893139,4.50,0.547
57581,177.06056259,-66.81491035,4.75,1.522
57587,177.09786352,-10.31310458,6.24,0.585
57606,177.16128540,14.28420986,5.90,0.303
57613,177.18784426,-26.74977722,5.10,1.594
57629,177.25534131,-0.31866969,6.15,0.518
57632,177.26490656,14.57206032,2.14,0.090
57646,177.31161861,16.24288176,6.05,0.278
57669,177.42110152,-63.78847827,4.30,-0.149
57670,177.42381241,34.93175799,5.73,0.467
57696,177.48589142,-70.22579056,4.98,1.360
57732,177.58168239,-15.86366663,6.13,0.947
57741,177.61365513,-62.64938114,5.68,0.233
57749,177.65492518,-27.27793610,6.48,0.980
57757,177.67382733,1.76471793,3.59,0.518
57779,177.73058870,12.27903727,6.37,0.294
57791,177.75929723,-5.33333191,5.62,1.058
57803,177.78621542,-45.17347045,4.47,1.283
57805,177.78962673,33.37501333,6.25,0.345
57819,177.84123966,-12.18781120,6.34,0.410
57841,177.92337377,-30.83480862,5.85,0.554
57851,177.96343775,-65.20591037,4.89,-0.123
57870,178.04283106,-56.98774142,5.56,0.069
57936,178.22716875,-33.90812431,4.29,-0.100
57939,178.24487003,37.71867881,6.42,0.754
57971,178.36170690,-35.06664526,6.17,0.089
58001,178.45769772,53.69476008,2.41,0.044
58002,178.45948851,0.55211436,6.31,0.207
58041,178.54792108,-57.41019818,6.05,0.050
58057,178.60755915,-37.74893485,6.46,0.528
58082,178.67724782,-25.71388748,5.26,0.883
58085,178.68599618,-66.37619845,6.38,0.406
58103,178.75004723,-63.27918021,5.89,0.210
58110,178.76305651,8.44394309,5.58,0.937
58119,178.80856578,36.75637790,6.47,1.581
58158,178.91721519,-28.47710282,5.93,1.499
58159,178.91889025,15.64681778,5.53,0.116
58177,178.97821281,-39.68951701,6.13,1.010
58181,178.99339944,56.59855974,5.83,1.101
58188,179.00397320,-17.15082863,5.17,-0.022
58242,179.18298173,-47.07237954,6.26,0.407
58259,179.22181578,61.54921341,6.22,0.955
58272,179.26560711,-33.31546137,6.20,-0.044
58326,179.41669934,-62.44874839,5.59,-0.152
58369,179.52989114,32.27390708,6.42,0.331
58379,179.56343546,-56.31731019,5.44,-0.062
58427,179.69858625,-64.33956043,5.59,0.174
58436,179.72655936,-25.90885745,6.42,0.038
58445,179.76390602,0.53068001,6.18,1.257
58450,179.78904386,-10.47589591,6.49,1.450
58452,179.79450174,-45.83222050,6.36,-0.081
58453,179.79526174,-51.69676091,6.04,1.277
58460,179.82307348,33.16700381,5.95,1.153
58469,179.85674355,-62.83094770,6.34,0.317
58484,179.90655602,-78.22183894,4.88,-0.054
58510,179.98713487,3.65519684,5.36,-0.001
58512,179.98906911,34.03474766,6.49,0.243
58545,180.07751328,80.85318602,6.21,1.610
58574,180.17592837,-21.83750068,6.28,1.220
58576,180.18521444,-10.44601399,5.54,0.760
58587,180.21316494,-19.65898222,5.28,-0.192
58590,180.21829228,6.61432243,4.65,0.122
58603,180.25724270,-1.76816598,6.32,1.204
58642,180.37163747,-57.50377740,6.16,-0.004
58654,180.41447124,36.04208556,5.59,1.019
58684,180.52828039,43.04560048,5.22,0.283
58697,180.58434943,-85.63175710,6.05,1.290
58706,180.61862874,-71.48898152,6.41,1.163
58720,180.65705242,-69.19228781,5.89,-0.080
58741,180.71525220,-7.68362279,6.24,1.492
58758,180.75625427,-63.31293012,4.32,0.280
58803,180.91487728,-42.43405656,5.15,0.417
58809,180.93517670,5.55775004,6.39,0.476
58810,180.93544451,-74.21409655,6.44,1.198
58858,181.06915879,21.45915255,5.89,0.248
58859,181.06959998,-51.47251780,6.48,-0.046
58867,181.08006469,-63.16571096,4.72,-0.081
58874,181.11713353,85.58713217,6.27,0.560
58884,181.16202138,-68.32891229,5.34,-0.012
58901,181.18854387,-59.25328683,6.30,-0.034
58905,181.19362424,-76.51906090,5.04,1.491
58921,181.23840012,-60.96825207,5.95,1.691
58948,181.30224822,8.73298544,4.12,0.967
58952,181.31299084,76.90573364,5.78,1.029
58989,181.41541786,62.93312018,6.14,1.178
59003,181.47341426,-65.54687882,6.30,0.152
59008,181.48610851,-35.69392562,6.23,-0.073
59010,181.49922714,-3.13159079,6.37,0.997
59021,181.52164675,-32.96123122,6.49,0.623
59046,181.58302210,-68.65140477,6.23,1.237
59050,181.59587791,-65.70945316,5.95,0.613
59072,181.72041450,-64.61373010,4.14,0.353
59151,181.95781238,-75.36701895,5.17,1.278
59173,182.02177064,-50.66127833,4.46,-0.163
59184,182.06130175,-48.69248740,5.34,-0.010
59196,182.08958257,-50.72242559,2.58,-0.128
59199,182.10340415,-24.72887552,4.02,0.334
59200,182.10305239,-60.84712785,6.22,1.733
59229,182.22416765,-44.32598898,5.75,0.240
59232,182.22745306,-41.23160462,5.51,-0.097
59285,182.42212449,1.89788932,5.95,1.120
59291,182.44613647,74.66136811,6.34,0.511
59307,182.51062185,-34.70474164,6.16,0.030
59309,182.51424147,5.80700798,5.72,0.352
59316,182.53116941,-22.61976647,3.02,1.326
59352,182.63178555,16.80927082,6.40,0.070
59353,182.64090139,-37.87034895,6.07,0.190
59364,182.69206657,27.28150517,6.01,0.123
59384,182.74993897,81.70983258,6.00,1.618
59389,182.75508520,-68.26096638,6.48,1.352
59394,182.76599762,-23.60242256,5.45,0.055
59396,182.77127715,-61.27742478,6.08,0.398
59439,182.88118546,-51.35933338,6.23,0.816
59449,182.91296303,-52.36846029,3.97,-0.156
59458,182.93710662,57.05440824,6.34,1.505
59468,182.96323476,25.87028036,5.66,1.401
59489,183.00423657,28.53631278,6.47,0.428
59501,183.03870978,20.54206383,5.60,0.961
59504,183.04975767,77.61624147,5.14,0.358
59517,183.09158267,-62.95077315,5.91,0.253
59551,183.19591108,-70.15178729,6.05,1.780
59588,183.30392626,-34.12527241,6.34,1.449
59607,183.35431963,-38.92918780,5.77,-0.144
59608,183.35807694,10.26234107,5.85,0.262
59622,183.40335653,-33.79291874,6.34,0.071
59647,183.48526116,-78.57393461,6.34,1.234
59654,183.51123953,-45.72391939,5.31,1.400
59678,183.57052473,-64.40851872,6.20,0.075
59708,183.68087357,53.43462633,6.18,1.061
59728,183.74826316,-20.84421980,5.82,1.052
59742,183.77666643,-29.23725648,6.50,1.086
59746,183.78538163,70.20000795,5.72,1.179
59747,183.78631548,-58.74892785,2.79,-0.193
59750,183.79399044,-10.31240037,6.11,0.470
59767,183.83448432,87.70011546,6.27,0.346
59774,183.85650051,57.03261690,3.32,0.077
59785,183.87687167,-41.91327830,6.24,1.002
59796,183.92287721,72.55119651,6.29,1.145
59803,183.95154259,-17.54192947,2.58,-0.107
59819,184.00077619,14.89907059,5.09,0.068
59831,184.03145627,40.66018059,5.69,1.586
59847,184.08557527,23.94540896,4.93,0.957
59851,184.09921700,-72.61449962,6.21,-0.006
59856,184.12556927,33.06152670,4.99,1.140
59879,184.21390948,86.43581870,6.33,0.437
59895,184.26388583,-16.69373575,6.05,0.113
59898,184.27629556,-65.69295827,6.06,0.021
59920,184.37333228,53.19133076,5.80,1.330
59923,184.37739686,28.93718877,5.71,0.160
59929,184.39282008,-67.96073570,4.06,1.603
59941,184.43441763,15.14469958,6.36,1.384
59950,184.44693861,-36.09397944,6.15,0.008
60000,184.58676739,-79.31223982,4.24,-0.123
60009,184.60936896,-64.00307078,4.06,-0.168
60018,184.63175153,30.24904743,6.23,0.310
60030,184.66798999,-0.78718410,5.90,0.168
60044,184.70826319,75.16056077,5.47,0.054
60059,184.74898597,-55.14300207,5.01,1.600
60066,184.75843807,26.00834926,6.44,0.180
60087,184.82996938,23.03467310,6.26,0.177
60098,184.87302943,28.15691644,6.38,0.523
60122,184.95295953,48.98414850,5.28,1.623
60129,184.97648721,-0.66680331,3.89,0.026
60157,185.04486704,-22.17570028,5.94,0.824
60168,185.07396894,26.00187522,6.16,0.306
60170,185.08198562,26.61948257,5.52,1.091
60172,185.08742032,3.31257412,4.97,1.172
60183,185.11759507,-65.84265643,6.20,-0.041
60189,185.14017317,-22.21590122,5.20,-0.090
60197,185.17240107,27.05454536,6.32,0.394
60202,185.17927482,17.79286817,4.72,1.010
60210,185.20298102,15.54098761,6.47,1.025
60212,185.21201069,57.86411810,5.54,1.452
60221,185.23213642,-13.56572406,5.14,1.048
60260,185.34003859,-60.40114670,3.59,1.389
60305,185.48437059,47.18220225,6.33,1.115
60308,185.48928020,-56.37438547,5.91,1.533
60320,185.53057887,-67.52210533,5.15,0.195
60327,185.54511852,24.77386599,6.21,-0.012
60329,185.55012704,-68.30731574,5.73,1.038
60351,185.62630079,25.84616027,4.78,0.515
60353,185.63349510,5.30544437,6.46,0.567
60379,185.70596323,-57.67613186,5.38,-0.098
60417,185.80787042,-67.63154633,6.36,0.887
60418,185.81402375,-4.97450257,6.47,1.189
60421,185.82861320,-11.81211723,6.48,1.640
60425,185.83994174,-24.84066877,5.66,1.153
60449,185.89758302,-35.41267743,5.32,-0.066
60454,185.90309347,-39.30236026,6.39,0.285
60463,185.93643251,-38.91138084,5.79,-0.064
60467,185.94588382,42.54274356,6.03,0.366
60468,185.94928361,-30.33541512,6.39,1.572
60485,186.00622766,51.56225676,4.76,0.877
60514,186.07717582,26.09860576,5.17,0.082
60525,186.11168170,25.58240408,6.41,0.276
60549,186.18632698,-41.38428948,6.24,1.169
60584,186.26336830,56.77782798,5.82,1.622
60589,186.27651058,63.80278129,6.31,0.919
60591,186.28549305,-42.51431226,6.10,0.652
60595,186.29902391,-11.61059019,5.95,0.043
60599,186.31295474,23.92620187,6.03,1.094
60601,186.32305088,-65.76985309,6.29,0.965
60603,186.32671175,-27.74900214,6.09,1.272
60610,186.34056213,-35.18641672,5.71,-0.066
60638,186.40931312,-86.15061278,6.32,1.065
60646,186.46224376,39.01861603,5.01,0.955
60697,186.60026679,27.26823745,4.92,0.277
60699,186.60079452,71.92982709,6.33,1.028
60710,186.63232972,-51.45063539,4.82,-0.141
60718,186.64956584,-63.09909166,0.77,-0.243
60729,186.70059116,-48.91319073,6.25,0.674
60735,186.71537614,-32.83012078,5.56,0.007
60742,186.73446813,28.26842290,4.35,1.128
60746,186.74706880,26.82569917,4.98,0.088
60771,186.85344738,-63.78898627,6.02,0.052
60780,186.87015168,-58.31644546,6.35,1.612
60781,186.87024708,-58.99175634,5.38,1.543
60795,186.89626721,55.71272447,5.68,1.582
60804,186.92534120,8.61034404,6.36,0.935
60809,186.95602786,-16.63184366,6.30,0.868
60813,186.96478408,-4.61527688,6.23,0.430
60823,187.00992483,-50.23063496,3.91,-0.192
60851,187.08025912,-64.34098944,6.05,0.022
60855,187.09360135,-39.04117207,5.45,-0.073
60861,187.10702116,-61.79484194,6.21,1.253
60870,187.13997529,-56.40781628,6.15,0.920
60904,187.22793616,25.91285158,5.29,-0.056
60941,187.36267581,24.10892524,5.47,0.445
60957,187.43016297,20.89610891,5.68,0.093
60965,187.46606420,-16.51543255,2.94,-0.012
60969,187.47583446,-56.52494028,5.78,1.572
60978,187.48885262,58.40574231,5.37,0.205
60979,187.49119643,-41.73590066,6.00,1.515
60988,187.51178690,51.53563141,6.21,0.536
60992,187.51774691,58.76777347,6.07,0.988
60994,187.51989473,-13.39318402,6.37,0.591
60998,187.52773994,69.20112359,5.01,1.621
61015,187.57269048,-23.69641863,5.63,1.670
61053,187.70890064,53.07660813,6.20,0.568
61071,187.75233513,24.56716768,5.47,0.056
61084,187.79149709,-57.11321169,1.59,1.600
61103,187.83923240,7.60430903,6.05,1.523
61134,187.91134354,-5.05259195,6.19,1.041
61136,187.91804071,-59.42392246,5.49,0.622
61158,187.98381286,-63.50583787,5.96,0.263
61172,188.01828409,-32.53376080,6.46,0.172
61174,188.01761238,-16.19600753,4.30,0.388
61181,188.04156822,-73.00105593,5.88,1.078
61199,188.11672818,-72.13298844,3.84,-0.157
61208,188.13669395,-21.21211564,6.41,1.110
61212,188.14999363,-13.85910505,5.74,0.376
61246,188.26199591,10.29567116,6.29,0.953
61270,188.34270600,-19.79254872,6.26,0.304
61281,188.37060139,69.78823768,3.85,-0.116
61295,188.39258313,24.28298410,6.28,0.114
61296,188.39274515,-12.83020280,5.58,0.861
61309,188.41216417,33.24758364,5.42,1.011
61317,188.43560252,41.35747975,4.24,0.588
61318,188.44478604,-9.45207741,5.48,-0.035
61320,188.44755865,33.38466847,6.24,1.051
61328,188.49628037,-49.90981019,6.38,0.428
61359,188.59681092,-23.39675917,2.65,0.893
61379,188.67664301,-44.67301780,5.76,0.683
61384,188.68338897,70.02176987,4.95,1.312
61394,188.71283963,22.62925895,4.80,0.012
61404,188.72685546,-67.75689436,6.11,1.514
61418,188.78233209,18.37705781,5.03,1.152
61420,188.78403184,21.88138390,5.86,1.242
61443,188.87271235,-61.84157600,6.22,0.731
61468,188.93971510,-41.02194474,5.12,0.224
61496,188.99497368,-20.52747639,6.20,0.340
61498,189.00429823,-39.86950517,5.78,0.003
61557,189.19417775,-50.33539437,6.40,0.026
61558,189.19731092,-5.83189840,5.88,0.072
61571,189.24305134,17.08953595,5.70,1.436
61585,189.29590999,-69.13556382,2.69,-0.176
61621,189.42616117,-27.13888769,5.41,0.334
61622,189.42568082,-48.54130384,3.85,0.049
61637,189.51840103,3.28244412,6.33,0.000
61658,189.59335693,1.85466210,5.68,1.592
61688,189.68588064,-18.25010005,6.00,0.310
61692,189.69282247,40.87466237,6.35,0.204
61703,189.71816333,-67.19304844,6.22,0.007
61719,189.75908775,22.65949663,6.39,1.096
61720,189.76441026,-30.42238710,5.86,1.207
61724,189.78045524,21.06255941,5.49,0.978
61738,189.81072508,-75.37059392,6.46,0.098
61740,189.81152882,-7.99556433,4.66,1.240
61748,189.82025335,35.95195900,6.39,0.095
61789,189.96887275,-39.98730250,4.63,-0.082
61796,189.98271684,-66.51113807,6.26,-0.050
61910,190.31646990,-13.01390113,5.17,0.432
61916,190.34577184,-46.14558151,5.84,1.475
61932,190.37932752,-48.95988844,2.20,-0.023
61936,190.39129389,62.71303886,6.02,0.051
61937,190.39330074,10.42627000,6.22,0.192
61941,190.41517626,-1.44937487,2.74,0.368
61951,190.45580621,-19.75909199,6.02,0.397
61960,190.47106888,10.23562538,4.88,0.076
61966,190.48570106,-59.68581953,4.91,-0.044
61968,190.48798996,6.80661706,5.57,0.002
61981,190.52094391,-69.40755367,6.31,0.750
62012,190.64771642,-48.81310872,4.66,1.075
62026,190.70733197,-55.94700120,6.06,-0.023
62027,190.70944006,-63.05862443,5.27,0.195
62046,190.76720168,61.15542066,6.39,1.268
62058,190.78824797,-56.17622414,5.99,-0.074
62081,190.85942813,-40.17784942,6.43,0.242
62084,190.86800056,-58.90274219,6.41,1.092
62103,190.90854230,-1.57699586,5.91,0.850
62128,190.99445461,-36.34915264,6.38,-0.060
62131,191.00221141,-28.32395681,5.46,1.346
62170,191.10838822,80.62102424,6.33,0.160
62172,191.11291735,44.10300374,6.34,0.469
62207,191.24752141,39.27891628,5.95,0.557
62212,191.25856325,-68.83075081,6.16,0.688
62223,191.28261241,45.44025619,5.42,2.994
62267,191.40440814,7.67332578,5.22,0.322
62268,191.40854807,-60.98131821,4.69,1.049
62322,191.57002677,-68.10811913,3.04,-0.178
62325,191.59393546,9.53968362,5.65,0.989
62327,191.59464379,-56.48881520,4.62,-0.150
62356,191.66150388,16.57769139,5.12,1.346
62360,191.69261956,-33.31548270,5.87,1.326
62376,191.75960945,5.95037341,6.31,-0.013
62394,191.80684194,11.95808784,6.11,0.122
62402,191.82896234,62.78115465,5.88,0.215
62421,191.88926365,-6.30175157,6.27,0.538
62423,191.89309904,66.79030428,5.43,1.567
62434,191.93026305,-59.68876362,1.25,-0.238
62443,191.96421727,3.57271605,6.42,1.596
62448,191.97352446,-24.85165864,6.43,-0.058
62478,192.05972988,13.55301810,6.47,0.015
62500,192.10940847,-27.59738410,5.65,0.947
62512,192.16443179,60.31982229,5.83,0.467
62516,192.17417947,48.46683818,6.25,0.195
62523,192.19603504,24.84022590,6.29,0.703
62541,192.22588987,14.12258380,5.71,0.024
62561,192.27782925,83.41783215,5.92,0.015
62572,192.30690555,83.41290084,5.38,0.033
62576,192.32271347,27.55237893,5.76,0.051
62600,192.40848795,48.74003004,6.50,1.135
62608,192.43737256,-71.98625969,5.55,1.154
62641,192.54475209,37.51693752,5.87,0.170
62653,192.57206665,22.86340801,6.43,1.002
62655,192.58118827,-48.45954332,6.26,0.046
62683,192.67152704,-33.99930252,4.90,-0.031
62703,192.74115564,-52.78742442,5.70,0.127
62732,192.82489801,-60.32978876,5.71,0.344
62743,192.84552903,-10.33821935,6.48,1.030
62757,192.90370518,3.05678782,6.02,1.288
62763,192.92467322,27.54071249,4.93,0.681
62786,192.98720661,-39.68043070,5.99,-0.098
62788,192.99123113,-26.73827461,6.14,0.232
62799,193.02263548,-48.09428613,6.31,0.040
62807,193.05107184,17.07394330,6.32,1.622
62821,193.10245952,-53.82993061,6.26,1.106
62825,193.11457089,16.12249547,6.29,0.173
62861,193.26735810,-54.95247272,5.91,1.309
62867,193.27877606,-48.94331472,4.33,1.344
62875,193.29648708,-3.55309818,6.11,0.493
62886,193.32393435,21.24494280,4.89,0.904
62894,193.34122882,-60.32848863,5.75,0.295
62896,193.35916313,-40.17887163,4.25,0.224
62904,193.38378129,19.48106139,6.42,0.805
62915,193.40884517,-4.22466160,6.45,1.094
62931,193.45383292,-60.37624450,5.89,0.200
62933,193.45713608,12.41841556,6.25,0.282
62956,193.50728928,55.95982116,1.76,-0.022
62972,193.55452151,33.53447965,6.25,0.207
62983,193.57774768,-11.64857000,6.00,0.068
62985,193.58818053,-9.53899440,4.77,1.590
63003,193.64843683,-57.17792409,4.03,-0.180
63005,193.65369363,-57.16867044,5.08,-0.089
63007,193.66325877,-59.14670123,4.62,-0.153
63024,193.73550521,47.19672191,5.75,1.451
63031,193.74504475,-85.12336863,5.45,0.991
63033,193.74380562,-44.15196780,5.89,0.633
63066,193.83096436,-42.91573222,5.46,1.668
63076,193.86895263,65.43847359,5.23,0.303
63090,193.90086578,3.39747026,3.39,1.571
63109,193.97184615,-15.32702471,6.18,-0.001
63117,193.98805953,-56.83580619,5.34,0.010
63121,194.00188427,38.31491242,5.61,0.337
63125,194.00694736,38.31837980,2.89,-0.115
63143,194.07318496,54.09948923,5.84,0.204
63165,194.13204023,-72.18521185,5.93,1.115
63204,194.24259219,-54.58734772,6.48,-0.042
63210,194.26813759,-51.19875207,5.17,-0.066
63211,194.28247988,46.17678923,6.11,1.012
63220,194.30280513,-12.06694746,6.33,1.491
63243,194.38803664,-22.75349947,6.31,1.069
63297,194.57854185,64.92553359,6.44,1.150
63340,194.69722361,75.47250849,6.00,1.030
63355,194.73100938,17.40944558,4.76,1.568
63414,194.91465526,-3.81192582,5.79,0.203
63432,194.97946112,66.59727196,5.37,1.282
63462,195.06862833,30.78502125,4.88,1.165
63490,195.13607137,-33.50526703,6.01,0.386
63494,195.14977993,-3.36848778,5.99,1.119
63497,195.16129921,18.37300945,6.20,0.466
63503,195.18208282,56.36633783,4.93,0.368
63533,195.29006110,17.12314667,5.97,0.971
63584,195.44552880,63.61022513,6.01,0.427
63608,195.54415463,10.95915037,2.85,0.934
63613,195.56776386,-71.54885522,3.61,1.190
63647,195.66842535,59.71630586,6.50,0.055
63688,195.77224962,-71.47572908,5.93,0.002
63724,195.88877523,-49.52726359,4.83,0.029
63738,195.94214718,-20.58349715,5.58,0.554
63820,196.20097949,-41.19632179,6.24,1.649
63822,196.20726666,73.02497584,6.43,0.218
63849,196.27774529,-47.11690982,6.44,0.414
63883,196.37824045,-52.11566010,6.43,1.690
63901,196.43514992,35.79889865,5.20,-0.059
63916,196.46778037,45.26854974,5.64,1.135
63945,196.56960100,-48.46328926,4.71,-0.148
63948,196.58849943,21.15339688,6.00,0.393
63950,196.59417918,22.61618682,5.53,1.461
63952,196.59534724,62.04186857,6.15,0.997
63972,196.64617462,-41.58844273,5.59,1.050
64003,196.72605922,-35.86203319,5.63,0.050
64004,196.72766365,-49.90624607,4.27,-0.182
64022,196.79470733,27.62474093,4.80,1.482
64033,196.85123488,-59.86050970,5.98,0.435
64053,196.90951823,-53.45976424,5.70,-0.061
64077,196.97347476,27.55595759,6.20,1.363
64078,196.97421837,-10.74040808,5.15,1.138
64094,197.02979779,-65.30602283,5.44,-0.033
64108,197.08503453,-78.44603045,6.43,0.008
64117,197.11593778,-67.79676248,6.34,1.710
64122,197.13527764,-8.98438514,5.57,1.178
64166,197.26362639,-23.11806973,4.94,1.048
64179,197.30181613,10.02246830,5.79,1.025
64181,197.30932824,-9.53809812,6.32,1.017
64212,197.41102301,37.42314600,6.01,1.169
64217,197.42512915,38.53388557,6.25,-0.098
64224,197.43866437,-10.32932661,5.95,1.490
64226,197.44936466,16.84861149,5.91,1.450
64238,197.48746449,-5.53900959,4.38,-0.008
64241,197.49698594,17.52943143,4.32,0.455
64246,197.51339861,38.49898127,5.91,0.294
64320,197.74346718,-52.56689701,6.05,-0.079
64332,197.78700265,-42.23289129,5.78,0.521
64348,197.84673181,-43.36855307,5.24,1.049
64375,197.91332350,-26.55172186,6.49,0.193
64390,197.96433787,-69.94201668,5.92,0.415
64394,197.96830610,27.87818312,4.23,0.572
64395,197.97112144,-63.30299176,6.32,0.426
64407,198.01476264,-16.19860153,5.04,0.460
64408,198.01326850,-37.80302179,4.85,0.693
64417,198.03503865,24.25802744,6.31,1.006
64425,198.07331699,-59.92057895,4.58,-0.073
64437,198.10597026,80.47130920,6.25,0.955
64445,198.13717226,11.55609605,5.76,1.499
64466,198.20334548,-66.22674699,5.91,0.048
64472,198.21182433,-42.69972052,6.19,1.057
64478,198.23215239,-59.81660468,6.18,0.592
64496,198.30168441,18.72700788,6.10,1.201
64515,198.34729859,-50.69982887,5.90,-0.011
64520,198.36181461,-18.82640630,6.26,0.088
64530,198.39976628,36.88758187,6.50,1.616
64540,198.42892358,40.15288533,4.94,1.061
64557,198.49033305,-43.13910665,6.16,1.366
64577,198.54539617,-19.93094659,5.31,0.862
64580,198.55036527,-58.68393657,5.91,1.084
64583,198.56310217,-59.10323522,4.90,0.489
64587,198.57221676,-78.44745396,5.84,1.040
64607,198.63034859,11.33165633,5.64,1.514
64623,198.68027747,-48.95702250,5.84,1.061
64651,198.78940859,-36.37140957,6.17,0.968
64661,198.81225236,-67.89458914,4.79,-0.078
64682,198.85665809,-69.67928362,6.37,1.210
64692,198.88313472,40.85519935,5.77,0.198
64725,198.99488060,-19.94310297,5.21,1.011
64751,199.05952797,19.05173417,6.46,0.972
64774,199.11930545,68.40800065,6.20,-0.052
64779,199.13441748,19.78528924,6.43,0.274
64790,199.18711943,-65.13825873,6.06,0.431
64792,199.19381485,9.42415651,5.19,0.585
64797,199.21271793,17.01718242,6.49,0.926
64803,199.22139531,-31.50619645,5.10,0.959
64820,199.30421831,-66.78343804,4.86,1.480
64822,199.30799895,-43.97947958,5.82,0.187
64823,199.31511763,13.67575121,5.33,1.304
64838,199.37438840,-0.67606461,6.36,0.260
64844,199.38558588,40.57260759,4.72,0.306
64852,199.40117790,5.46986933,4.78,1.638
64906,199.56045992,49.68206239,5.14,-0.049
64924,199.60131085,-18.31119618,4.74,0.709
64927,199.61553346,34.09830367,5.81,1.366
64933,199.64527648,-51.28577567,6.18,-0.001
64951,199.70115096,-79.97601697,6.34,-0.027
64962,199.73040326,-23.17151233,2.99,0.920
64979,199.76771426,35.12797809,6.01,0.277
64994,199.82909525,-72.03560274,6.04,1.341
65072,200.07896443,40.15054794,5.60,1.204
65108,200.14594742,-59.77278057,6.20,0.410
65109,200.14924004,-36.71229493,2.75,0.068
65112,200.15760353,-52.74782498,5.47,-0.125
65119,200.17320421,2.94228958,6.26,0.102
65129,200.20141301,-55.80068826,6.00,0.236
65144,200.24041545,-46.88000771,5.76,1.106
65183,200.37403946,-19.48929371,6.21,0.098
65198,200.42351235,2.08724324,5.69,0.045
65230,200.51634072,43.90337884,6.34,0.255
65241,200.54037208,5.15476433,5.89,0.109
65247,200.56785650,-52.18295639,5.81,0.072
65271,200.65807108,-60.98839300,4.52,-0.141
65288,200.71880488,-47.94322097,6.18,0.181
65289,200.71911293,-72.14671164,6.06,0.049
65301,200.75464431,-17.73527370,5.36,0.987
65303,200.76083342,-48.56279133,6.37,-0.077
65311,200.78596375,-33.18987835,6.17,1.653
65323,200.82872415,-4.92442737,5.88,1.431
65372,200.96714527,-49.82281085,6.48,0.959
65376,200.97470700,37.03392046,6.10,1.637
65378,200.98142880,54.92536175,2.23,0.057
65381,200.98784125,-20.92458674,6.44,1.101
65387,201.00201188,-64.53566793,4.52,0.822
65417,201.12721225,12.43183235,6.44,1.062
65420,201.13845338,-5.16401020,5.76,0.415
65466,201.27782704,23.85441857,5.75,0.090
65468,201.27965886,-74.88781838,5.04,1.110
65474,201.29824701,-11.16132203,0.98,-0.235
65477,201.30640816,54.98795767,3.99,0.169
65479,201.30802830,-64.48514427,5.32,0.411
65522,201.45958840,-70.62724814,5.65,-0.018
65530,201.49940927,63.26127474,6.50,0.739
65535,201.53236130,-39.75510736,5.11,1.181
65536,201.53361196,72.39147590,5.82,1.652
65545,201.54755830,-1.19247104,5.97,0.183
65550,201.56917611,46.02805514,5.88,0.985
65581,201.67986526,-12.70766416,5.27,1.477
65593,201.73381813,-41.49756217,5.69,1.477
65595,201.73668280,78.64386920,5.74,0.769
65606,201.77661062,-49.14370898,6.31,0.003
65621,201.81108666,-40.16266464,6.40,0.974
65630,201.83607159,-49.38129148,6.27,-0.123
65639,201.86318324,-15.97357823,4.76,1.096
65678,201.99845674,52.74558843,6.34,0.259
65682,202.00783714,-26.40223524,6.49,1.608
65721,202.10753905,13.77878731,4.97,0.714
65723,202.10934085,40.72964578,6.49,0.927
65728,202.11286336,59.94578679,5.40,-0.010
65754,202.19095581,50.71856882,6.42,0.404
65755,202.19495785,-69.62715219,6.17,-0.014
65783,202.28292173,-64.67579447,6.09,0.117
65790,202.30416835,10.81830976,5.65,1.052
65796,202.31215048,-1.36442768,6.42,1.122
65810,202.35522543,-51.16513397,5.04,0.059
65835,202.42825124,-23.28133108,6.40,1.317
65862,202.50033687,7.17885328,6.18,1.471
65892,202.60718409,-6.47026462,6.10,0.341
65936,202.76106938,-39.40730717,3.90,1.186
65951,202.81569522,42.10615344,6.07,1.075
65969,202.88820050,-28.11274040,6.48,0.090
66006,202.99118799,-6.25581614,4.68,1.606
66015,203.01169534,-18.72887979,6.01,0.196
66019,203.02255809,-38.39884434,6.14,1.031
66060,203.14361264,-29.56526299,6.45,0.438
66065,203.14957695,-28.69276831,5.69,0.037
66086,203.20089538,24.34674261,6.11,0.969
66091,203.21517405,-15.36301166,5.52,1.228
66098,203.24197067,-10.16499993,5.21,0.964
66152,203.39946618,-65.63269014,6.36,-0.014
66198,203.53044103,55.34843362,5.60,-0.014
66200,203.53304560,3.65896665,4.92,0.029
66223,203.59110809,38.78926520,6.37,0.241
66234,203.61358066,49.01597263,4.68,0.132
66236,203.62067519,-48.27216212,6.32,-0.052
66247,203.66854064,-13.21432370,5.92,0.020
66249,203.67330011,-0.59582018,3.38,0.114
66251,203.67813012,76.54671045,6.46,1.573
66254,203.68156830,-33.31085403,6.46,1.250
66257,203.69920134,37.18241487,4.91,0.404
66320,203.88040075,-5.39619120,5.70,0.950
66326,203.88926957,10.20496160,6.48,1.043
66385,204.16623678,49.48664829,6.48,1.175
66400,204.20187031,-26.49519801,5.73,0.220
66405,204.21071400,-34.46783872,6.48,1.026
66417,204.24617920,24.61329748,5.72,1.593
66427,204.27504351,-44.14320351,5.96,0.936
66435,204.29578548,71.24225187,5.50,1.219
66438,204.30160477,-61.69185588,5.63,0.493
66454,204.34780642,-46.42787917,5.91,-0.110
66458,204.36511796,36.29489816,4.82,0.239
66521,204.53177653,-58.41464644,6.41,1.113
66522,204.53286796,14.30192586,6.49,0.274
66563,204.67528292,-29.56086741,5.81,0.431
66574,204.69048591,-70.44482946,6.11,1.415
66575,204.70396386,-57.62271715,6.00,1.138
66594,204.75951651,18.26532273,6.46,1.217
66607,204.79998686,-75.68378815,6.32,-0.003
66613,204.81212304,51.80421315,6.49,1.378
66634,204.87686652,52.92120839,5.46,0.113
66640,204.89423728,10.74626874,5.57,0.348
66645,204.92017972,-39.74758680,6.29,1.597
66656,204.95229020,-40.05170854,5.61,1.301
66657,204.97191001,-53.46639378,2.29,-0.171
66666,204.99919734,-49.94995564,5.74,1.496
66681,205.04461458,-64.57655314,5.79,0.401
66690,205.06490984,31.01203620,6.21,0.963
66700,205.08910018,57.20760633,6.28,0.111
66704,205.09680427,50.51941286,6.31,0.537
66725,205.16282109,28.06516463,6.22,1.311
66727,205.16862222,19.95571946,5.73,0.017
66738,205.18447166,54.68163385,4.63,1.630
66753,205.23116443,-85.78604339,5.56,0.183
66763,205.25978175,22.49576770,5.63,1.009
66798,205.37455173,64.82241123,5.85,0.073
66803,205.40323586,-8.70298428,5.03,1.623
66821,205.43654531,-54.55942517,4.99,-0.055
66849,205.50453038,-58.78707818,5.38,-0.029
66860,205.55316794,8.38839417,6.16,0.418
66878,205.59622868,82.75240765,5.92,0.993
66892,205.62002607,41.67428188,6.30,0.879
66903,205.66334481,78.06443702,5.91,1.000
66907,205.68095975,34.98902127,5.98,0.857
66923,205.72763830,-50.79023629,6.43,1.671
66924,205.72926046,-41.40104330,5.96,1.019
66925,205.73379181,-56.76797125,6.00,-0.096
66936,205.76546779,3.53790254,5.35,1.091
66984,205.91702227,-42.06752151,5.96,-0.075
66992,205.93818460,22.70042302,6.12,1.447
67005,205.97823722,52.06441341,6.02,0.017
67036,206.06667148,-51.01245425,6.44,-0.106
67057,206.12427878,-16.17907241,5.55,0.805
67071,206.19027060,-25.50093324,6.21,1.374
67103,206.30505248,55.87934908,6.47,0.486
67104,206.30598019,10.32530537,6.42,1.226
67139,206.39611788,-15.76746690,6.18,0.046
67143,206.40371311,-26.11600947,5.81,0.023
67153,206.42185517,-33.04372133,4.23,0.390
67172,206.48466354,-12.42652777,5.50,0.898
67194,206.55643908,41.08874609,5.88,0.211
67199,206.56045792,-54.68336812,6.42,0.116
67210,206.57942520,38.50362557,5.92,0.948
67231,206.64856701,54.43267937,5.68,-0.039
67234,206.66407543,-51.43276572,4.64,0.955
67239,206.68051281,25.70223621,5.97,0.523
67244,206.73479883,-36.25193268,5.15,-0.007
67246,206.73800936,6.35037507,6.33,0.630
67250,206.74906154,38.54269716,5.51,1.036
67261,206.79526515,-62.58971443,6.40,0.650
67271,206.80584964,-9.70945531,6.04,1.418
67275,206.81559553,17.45690604,4.50,0.508
67288,206.85579936,-17.85983898,5.41,1.623
67292,206.86516082,-50.24929064,5.92,0.279
67301,206.88515682,49.31326506,1.85,-0.099
67304,206.91058648,-50.32068238,5.46,1.351
67384,207.16139965,31.19020636,5.61,1.032
67457,207.36133803,-34.45077587,4.19,1.520
67459,207.36933786,15.79790490,4.05,1.520
67464,207.37615454,-41.68770924,3.41,-0.225
67472,207.40412075,-42.47373178,3.47,-0.170
67480,207.42847143,21.26410554,4.92,1.432
67483,207.43719360,36.63282317,6.43,0.256
67485,207.43960426,61.48931304,5.97,0.974
67494,207.46784793,-18.13416784,4.96,1.059
67523,207.52711863,-29.08132123,6.19,-0.009
67537,207.58082308,-39.90085542,6.43,0.992
67545,207.60282876,5.49722353,6.00,0.899
67548,207.61559793,58.53945774,6.45,0.094
67589,207.74632991,68.31530039,6.39,1.179
67605,207.78839876,34.66439928,5.89,1.635
67620,207.83470020,-24.39036759,6.43,0.703
67627,207.85808156,64.72327175,4.58,1.572
67648,207.90206704,-36.43327916,6.34,0.484
67663,207.94673726,-46.89866634,5.77,-0.153
67664,207.94762556,-69.40125831,5.73,1.704
67665,207.94781273,34.44424040,4.76,1.611
67669,207.95666818,-32.99408951,4.32,-0.146
67696,208.00406457,-31.61920729,6.11,0.478
67703,208.02025807,-52.81152998,5.26,-0.084
67714,208.07669152,12.16513532,6.10,0.042
67778,208.28515223,40.33797704,6.48,1.550
67782,208.29284253,28.64813144,5.91,0.202
67786,208.30224583,-31.92761234,4.75,-0.111
67787,208.30387768,17.93286824,5.71,0.845
67819,208.38650432,-35.66424831,5.53,0.444
67836,208.42956174,-53.37332288,5.87,0.009
67848,208.46255863,53.72867698,5.70,-0.032
67851,208.46692231,-35.31436141,6.17,1.009
67861,208.48850068,-47.12816406,5.83,-0.053
67890,208.56933120,-28.56959005,6.05,1.129
67927,208.67116138,18.39771704,2.68,0.580
67929,208.67561164,-1.50312472,5.16,1.093
67942,208.70462976,-67.65209986,5.74,1.490
67953,208.74250823,-8.05885201,6.19,0.530
67973,208.80059001,-52.16082189,5.66,-0.072
68002,208.88494064,-47.28837511,2.55,-0.176
68009,208.91197697,-82.66619021,5.95,1.411
68030,208.95830638,14.05650304,6.16,0.518
68065,209.04358067,32.03259851,6.31,0.401
68079,209.08239879,-46.59294832,5.82,1.140
68080,209.08319085,-54.13241976,6.14,0.071
68092,209.11615413,1.05058146,5.90,0.217
68101,209.13726652,-54.70466479,6.00,0.780
68103,209.14242131,27.49208236,5.02,1.441
68177,209.36552256,-23.02262991,6.14,1.426
68184,209.38357285,61.49286147,6.49,1.040
68191,209.41201502,-63.68669583,4.71,1.075
68224,209.49531419,-25.99807907,6.42,1.274
68245,209.56777521,-42.10075343,3.83,-0.224
68269,209.62977484,-24.97224873,5.20,-0.086
68270,209.63016633,-65.80066485,6.20,1.043
68276,209.66217838,21.69621876,5.76,-0.002
68279,209.66628020,14.64927486,6.01,1.430
68282,209.66978489,-44.80358412,3.87,-0.208
68333,209.82284474,-50.36964668,5.92,0.957
68380,209.95533117,-3.54978797,6.36,0.486
68390,210.00050476,-25.01040286,5.77,0.480
68413,210.07246206,-61.48102826,6.49,0.333
68431,210.13671697,-78.58998127,6.09,0.007
68455,210.21852583,-66.26891031,5.96,0.352
68478,210.29366963,27.38659378,6.23,0.193
68493,210.32941137,-40.22194323,6.12,1.265
68498,210.33512183,8.89490635,5.98,0.089
68516,210.40337670,17.66839107,6.36,1.215
68520,210.41163881,1.54453185,4.23,0.121
68523,210.43122999,-45.60342079,4.34,0.598
68537,210.46104481,68.67867465,6.34,1.412
68567,210.55078754,45.75345734,6.28,1.353
68581,210.59492286,-27.42977295,5.47,1.331
68594,210.63269154,9.68609566,6.18,0.853
68637,210.74899415,50.97180925,6.16,0.026
68641,210.75717986,-31.68403550,6.18,0.480
68643,210.76695126,-17.36701254,6.32,1.380
68670,210.86043900,-56.21343380,5.93,1.207
68673,210.86444984,-41.42334466,6.08,-0.112
68682,210.88479779,10.78677898,6.27,0.733
68687,210.90319240,7.54617040,6.25,0.927
68702,210.95585201,-60.37303931,0.61,-0.231
68705,210.97120644,-22.42160213,6.30,0.452
68707,210.98231891,4.90097323,6.24,0.406
68739,211.06066557,-5.38141625,6.39,1.321
68756,211.09729071,64.37585051,3.67,-0.049
68763,211.11241915,-14.97170790,6.35,1.081
68776,211.15594638,2.29753148,6.28,1.022
68815,211.33282525,-76.79675222,5.69,1.239
68842,211.44365551,-54.66936249,6.20,0.225
68862,211.51152954,-41.17963292,4.36,-0.198
68872,211.54544390,-43.09170229,6.18,0.986
68895,211.59290444,-26.68236110,3.25,1.091
68902,211.60482016,-59.71590534,6.39,0.079
68933,211.67061857,-36.36995445,2.06,1.011
68940,211.67843084,-9.31351525,5.46,0.347
68956,211.73485652,74.59378137,6.43,0.160
69011,211.92002781,-48.70402598,6.43,0.001
69012,211.92302175,-49.86760753,6.45,0.660
69038,211.98231678,43.85445247,5.13,1.493
69065,212.05957430,-63.20795034,6.39,1.013
69068,212.07209419,49.45816711,5.26,1.637
69090,212.11319231,-74.85028516,6.02,0.581
69107,212.19186003,59.33764877,6.47,1.023
69112,212.21219538,77.54751428,4.80,1.368
69113,212.21619513,-43.47077881,6.19,-0.056
69122,212.23438443,-59.27671173,6.34,0.031
69127,212.25247452,-10.33454628,6.45,1.003
69174,212.39596571,-51.50467205,5.96,-0.053
69191,212.47839773,-53.43894590,4.74,0.938
69226,212.59972344,25.09167693,4.82,0.541
69241,212.62875434,-70.30546456,6.07,1.718
69269,212.71035755,-16.30203004,4.93,1.684
69298,212.75783219,-69.71931771,6.07,0.190
69316,212.81300514,32.29589239,6.14,1.258
69340,212.88001334,1.36239873,6.42,0.479
69373,213.01670892,69.43254834,5.18,1.595
69389,213.06585136,2.40943269,4.99,-0.118
69398,213.10236149,-24.36335233,6.35,1.351
69415,213.19176791,-27.26118635,5.07,1.130
69427,213.22394074,-10.27370180,4.18,1.323
69458,213.30523483,-26.61230943,6.23,1.071
69462,213.31836756,-53.66567449,5.53,1.438
69483,213.37086581,51.78996497,4.53,0.233
69491,213.41593735,-54.62562723,6.09,0.051
69493,213.41995832,-0.84546252,5.89,0.489
69536,213.52158226,12.95944396,5.53,0.537
69564,213.58878455,-5.94771727,6.36,0.593
69569,213.59811475,41.51875721,6.23,1.071
69585,213.64835981,13.97545074,6.45,1.348
69592,213.67067913,21.87339242,6.38,0.194
69598,213.67775456,-41.83749497,5.61,0.929
69612,213.71187160,10.10061034,5.29,1.007
69614,213.72091146,3.33587779,6.41,1.600
69618,213.73807573,-57.08612636,5.03,-0.074
69623,213.75521966,-29.28190359,6.10,0.040
69655,213.83878697,-53.50994060,6.40,1.576
69658,213.85035467,-18.20068980,5.53,0.001
69671,213.91118703,-45.00075560,6.31,0.596
69701,214.00362402,-6.00054666,4.07,0.511
69704,214.00997145,45.56626766,6.50,1.041
69713,214.04137239,51.36723132,4.75,0.236
69727,214.08909049,-6.62154366,6.44,0.275
69732,214.09591139,46.08830542,4.18,0.087
69735,214.10114285,39.74471061,6.38,0.376
69747,214.12568890,-3.19630499,6.15,-0.007
69751,214.13684642,20.12184841,6.25,0.504
69763,214.16131468,-66.58789366,5.72,-0.095
69773,214.20306353,-8.88447285,6.47,1.212
69778,214.22978831,-77.66422158,6.48,1.375
69792,214.26578905,-18.58569962,6.22,0.985
69818,214.33808133,51.30737259,6.19,0.070
69829,214.36854952,15.26337973,5.84,1.678
69862,214.45499638,48.00200368,6.32,0.466
69879,214.49924842,35.50950532,4.80,1.057
69881,214.50302734,-7.54238788,6.47,0.723
69896,214.55790024,-81.00776040,4.89,0.243
69929,214.65939931,-18.71596761,5.86,0.013
69958,214.73295140,54.86375303,6.47,0.183
69965,214.75372951,-25.81542581,5.87,0.518
69974,214.77746494,-13.37109491,4.52,0.128
69977,214.77982367,-27.14114723,6.35,1.591
69989,214.81783458,13.00429893,5.41,0.385
69995,214.84949719,-37.00290667,5.93,0.082
69996,214.85092485,-46.05809312,3.55,-0.184
70012,214.88533246,-2.26551820,5.14,1.023
70022,214.92062871,0.38433350,6.18,0.201
70027,214.93847992,16.30694777,4.84,1.228
70029,214.94890906,38.79405181,6.33,0.053
70035,214.96459799,-61.27297180,5.22,0.281
70038,214.97166891,-6.74616701,6.42,0.915
70051,215.03610703,30.42912812,6.45,0.156
70054,215.04042629,-43.05884340,5.55,0.907
70069,215.08142896,-56.38649746,4.30,0.082
70090,215.13929846,-37.88529479,4.05,-0.030
70104,215.17742387,-45.18706031,4.78,0.310
70236,215.55833866,29.36992008,6.50,1.440
70243,215.58216170,-34.78679232,5.57,-0.088
70248,215.59650011,-80.10894534,5.06,-0.108
70264,215.65445633,-58.45911695,4.76,0.795
70270,215.66130970,-48.31985670,6.10,-0.130
70300,215.75932876,-39.51181900,4.41,-0.185
70306,215.77406205,-27.75401742,4.78,1.300
70310,215.77842498,25.33817305,6.22,0.411
70319,215.81368648,1.24156896,6.25,0.639
70320,215.81397153,-47.41696004,6.41,1.257
70325,215.83438849,-50.77225175,6.03,1.360
70327,215.84456528,8.44661713,4.86,0.010
70336,215.85677550,-11.71404259,6.22,0.990
70363,215.95242304,-53.17623291,5.99,1.099
70384,216.00365247,8.24396950,5.94,0.066
70385,216.00825422,27.41317717,6.39,1.609
70400,216.04726938,5.82013058,5.10,0.124
70414,216.07611797,8.08459499,6.19,1.208
70418,216.09196380,-82.84824998,6.42,-0.001
70451,216.17005312,-44.31113404,6.43,1.047
70452,216.17021793,-11.66970292,6.49,0.417
70469,216.20260954,-24.80631048,5.34,0.962
70492,216.27636089,-68.19533309,5.56,0.435
70497,216.29915180,51.85074357,4.04,0.497
70501,216.32330487,-13.35316295,6.49,1.223
70517,216.37146776,38.39305325,6.28,1.225
70528,216.41558673,-66.17292181,6.36,0.128
70538,216.44903841,-26.85224153,6.48,0.941
70574,216.53426610,-45.22142404,4.56,-0.147
70576,216.54505337,-45.37927638,4.33,0.434
70580,216.55601715,-42.31859691,6.33,1.215
70602,216.61401836,19.22689980,5.40,0.231
70626,216.70780875,-39.87398868,6.36,-0.088
70638,216.73014215,-83.66788445,4.31,1.300
70657,216.77952868,-65.82164651,5.87,1.502
70663,216.80071281,-46.13425412,5.83,0.311
70680,216.85161670,-6.12033198,6.18,0.093
70692,216.88142952,75.69599290,4.25,1.431
70753,217.04344444,-29.49163763,4.97,-0.074
70755,217.05057524,-2.22795719,4.81,0.693
70762,217.06850052,36.19702782,6.22,1.174
70791,217.15755227,49.84485149,5.58,0.864
70794,217.17384358,-6.90053627,5.42,1.490
70798,217.18123595,-59.19754848,6.46,0.111
70809,217.21628074,-47.99208574,6.40,-0.112
70873,217.40336901,41.79591108,6.36,0.702
70874,217.40418398,-76.72908267,6.06,1.180
70892,217.45696145,31.79118824,6.06,-0.013
70894,217.46049471,0.82892900,5.96,0.159
70915,217.53595350,-45.32135551,5.51,-0.087
70931,217.58727980,-49.51901808,5.38,0.056
70949,217.68912181,4.77228589,6.01,1.421
70952,217.69195909,63.18578770,6.10,0.428
70966,217.73590577,-40.84512164,6.39,1.441
70987,217.79516728,-38.86970844,5.99,1.060
71002,217.81850707,-67.71719693,5.84,1.006
71040,217.92838060,60.22563567,6.26,0.243
71053,217.95745802,30.37143717,3.57,1.298
71075,218.01946630,38.30825261,3.04,0.191
71094,218.08427540,26.67728448,6.00,0.230
71111,218.12889827,55.39800985,5.74,1.529
71115,218.13559265,22.26005887,5.91,0.391
71121,218.15440166,-50.45715741,4.44,-0.177
71154,218.29021251,-30.71506857,6.07,1.030
71168,218.33445836,36.95902318,6.39,0.521
71182,218.37486466,-52.67952225,5.86,1.085
71184,218.38489899,-54.99862770,5.86,0.482
71196,218.40955764,79.66042717,6.27,1.315
71243,218.54877998,32.53447670,6.32,0.450
71251,218.56639105,57.06525841,6.46,0.526
71277,218.66041688,36.62606381,6.02,1.379
71280,218.66508564,49.36835423,5.74,1.560
71284,218.67007099,29.74512993,4.47,0.364
71295,218.71137107,-20.43938115,6.49,0.139
71333,218.82101684,-60.01564369,6.39,1.256
71352,218.87676586,-42.15782447,2.33,-0.157
71353,218.88117124,-41.51743653,5.88,-0.085
71406,219.02863610,23.25035929,6.39,1.063
71419,219.07929375,-46.24545129,5.55,1.489
71429,219.10042985,-39.59740732,6.13,1.048
71453,219.18388861,-40.21157998,5.74,-0.112
71469,219.24906688,-12.30534876,6.20,0.464
71494,219.30173825,-53.06078773,6.49,1.447
71500,219.33397089,-46.13343907,5.39,0.927
71510,219.36861578,2.27723774,6.45,0.560
71530,219.44273294,-67.93201186,6.03,0.506
71536,219.47177584,-49.42582826,4.05,-0.152
71568,219.55245384,43.64213015,5.74,1.481
71571,219.55828052,18.29837944,5.90,1.099
71573,219.56342725,54.02333948,5.83,0.007
71581,219.58069918,-38.79418425,6.04,1.422
71618,219.70927445,44.40450023,5.39,0.030
71639,219.79519357,-46.58448053,6.06,0.508
71658,219.85197531,-49.05531949,6.37,0.440
71681,219.89617026,-60.83715604,1.35,0.900
71729,220.09114370,21.97586801,6.13,0.434
71746,220.13649904,-56.44076077,6.30,1.173
71759,220.17663604,13.53432528,5.93,0.238
71762,220.18152847,16.41832429,4.49,-0.002
71783,220.25579461,-36.13485830,5.67,-0.081
71795,220.28729920,13.72830024,3.78,0.044
71832,220.41146043,8.16176401,4.86,0.992
71837,220.43133548,11.66066243,5.55,0.941
71853,220.46349000,-30.93315625,6.38,-0.083
71857,220.47597429,21.12355143,6.40,0.928
71860,220.48231508,-47.38820014,2.30,-0.154
71861,220.48324951,-58.61582953,6.21,0.454
71865,220.48996231,-37.79349851,4.01,-0.157
71870,220.49877838,-77.01145163,6.34,-0.027
71876,220.51353905,61.26191571,6.24,0.409
71908,220.62674745,-64.97513849,3.18,0.256
71957,220.76509742,-5.65820663,3.87,0.385
71974,220.80646511,-24.99775316,5.70,0.006
71995,220.85568013,26.52785023,4.80,1.672
72000,220.86725150,-62.96667111,6.39,-0.086
72010,220.91433341,-35.17365526,4.06,1.356
72012,220.93514285,40.45925391,5.72,1.398
72097,221.23114245,-58.47749202,6.10,1.013
72104,221.24667614,-35.19182562,4.92,0.013
72105,221.24674043,27.07422244,2.35,0.966
72121,221.29566430,-55.60164034,6.10,-0.066
72122,221.29877950,-1.41752902,6.06,1.608
72124,221.30713404,32.78834566,6.27,1.610
72125,221.31025043,16.96427976,4.60,0.972
72131,221.32223583,-62.87564802,5.36,0.308
72135,221.32844528,-51.31492731,6.44,1.591
72139,221.33575468,18.88495557,6.15,0.841
72154,221.37585537,0.71727078,5.68,-0.021
72194,221.49065004,-15.45954072,6.33,1.194
72197,221.50033306,-25.44318067,5.15,0.315
72208,221.52477447,15.13178786,5.78,1.335
72210,221.52820330,-23.15301769,5.80,0.980
72217,221.54533567,-21.17596649,6.43,0.603
72220,221.56218374,1.89288544,3.73,-0.005
72250,221.62080664,-47.44111582,5.74,0.066
72290,221.75538948,-52.38351785,5.22,0.984
72296,221.77124083,-38.29063861,5.90,1.336
72308,221.80244227,-52.20525637,6.07,0.084
72310,221.80687251,-21.32487109,6.05,1.649
72323,221.84397880,-25.62426687,5.61,-0.043
72338,221.88373162,-43.55680583,6.30,1.068
72357,221.93668811,-26.08750032,5.23,0.938
72370,221.96545315,-79.04475070,3.83,1.433
72373,221.97896178,-12.84000677,6.34,1.097
72378,221.98982299,-26.64615475,5.76,-0.007
72412,222.09726903,24.36687610,6.15,0.506
72432,222.15853236,-36.63469697,5.89,1.369
72438,222.18562584,-66.59356320,5.91,-0.106
72449,222.22539407,-0.84765483,6.15,-0.025
72469,222.27809642,37.81117930,6.15,0.389
72471,222.27940306,-56.66782916,6.21,1.107
72487,222.32778860,46.11620543,5.76,0.482
72488,222.32810468,-24.25147056,5.68,1.275
72489,222.32938051,-14.14902182,5.32,0.066
72508,222.38492349,51.37450308,6.49,0.401
72518,222.40435690,-68.93619031,6.50,-0.101
72524,222.42205614,48.72080378,5.68,0.501
72552,222.49332864,28.61583166,5.80,0.046
72567,222.56587988,23.91184418,5.86,0.576
72571,222.57212471,-27.96037084,4.42,1.366
72573,222.58509448,82.51194418,5.63,0.671
72582,222.62352767,37.27204659,5.47,1.030
72603,222.67158850,-15.99723680,5.15,0.401
72607,222.67636006,74.15550491,2.07,1.465
72622,222.71963807,-16.04177818,2.75,0.147
72629,222.75039552,-0.25749063,6.18,1.397
72631,222.75446368,-2.29915046,4.93,0.988
72659,222.84741061,19.10046004,4.54,0.720
72664,222.86015253,59.29398542,5.48,1.369
72670,222.87514704,-77.17596999,6.44,-0.024
72683,222.90959733,-43.57535897,4.32,-0.154
72702,222.96377427,-18.35532496,6.27,1.094
72772,223.13791868,-30.57725339,6.30,0.605
72773,223.14690411,-63.80982740,5.91,0.660
72800,223.21280686,-37.80316007,5.02,-0.155
72833,223.30655741,-73.19007118,5.59,0.820
72846,223.34728327,15.70516710,6.41,0.569
72848,223.34902659,19.15279846,6.00,0.841
72929,223.58387153,-24.64220203,5.27,1.336
72934,223.59530331,-11.89834766,5.78,0.982
72959,223.65797775,-33.30057489,5.85,1.429
72965,223.67742322,-65.99109529,6.09,-0.061
72983,223.72514682,-69.86095629,6.38,-0.059
73036,223.89400205,-60.11416416,5.18,1.161
73049,223.93628386,-33.85578497,5.32,0.046
73068,223.99413718,32.30006275,6.12,0.109
73087,224.05512632,14.44626567,5.90,-0.031
73095,224.07188193,-52.80954787,5.38,0.142
73100,224.09600051,49.62844897,5.63,0.533
73107,224.12861041,-32.63678416,6.06,1.413
73111,224.13355699,-47.87919780,5.62,-0.035
73116,224.14895060,-39.41602330,6.36,0.061
73118,224.15973874,-62.36441733,6.39,-0.055
73129,224.18327713,-62.78101625,5.08,-0.023
73133,224.19213254,-11.40970065,5.48,1.491
73156,224.26497492,21.55541902,6.50,0.015
73165,224.29583149,-4.34646201,4.47,0.318
73166,224.29865735,16.38812776,5.72,0.951
73171,224.30711909,-29.15767850,6.28,-0.011
73184,224.36666506,-21.41547505,5.72,1.024
73193,224.38854677,-0.16761171,5.51,1.131
73199,224.39586336,65.93246020,4.63,1.590
73223,224.47076658,-76.66265545,5.37,1.442
73241,224.53666811,-48.86301137,6.34,0.708
73273,224.63302849,-43.13396008,2.68,-0.184
73279,224.65220097,-39.90717238,6.17,1.216
73284,224.66356114,-27.65731391,5.65,0.262
73309,224.71992768,-4.98925635,6.08,0.509
73310,224.72325257,-11.14401377,5.88,1.274
73334,224.79035436,-42.10419383,3.13,-0.208
73341,224.80802251,-37.88123445,6.45,-0.080
73350,224.84631414,4.56776122,5.91,1.615
73354,224.86330921,-43.15983279,6.10,0.597
73369,224.90394679,39.26533338,5.64,0.336
73394,224.98233198,-75.03266903,6.20,-0.038
73415,225.04709586,-77.16055017,5.92,1.052
73454,225.16132665,47.27744141,6.35,-0.099
73464,225.21782009,22.04558862,6.29,1.179
73473,225.24311921,-8.51894314,4.91,0.000
73493,225.30456864,-38.05839819,5.88,1.246
73497,225.33261122,-2.75492652,5.52,1.692
73507,225.36289180,60.20445323,5.91,0.107
73536,225.45382982,-0.14029520,5.71,1.509
73540,225.46165236,-83.22764618,5.65,0.962
73555,225.48650975,40.39056569,3.49,0.956
73559,225.49200635,-34.35887463,6.21,0.242
73566,225.52681118,-28.06061106,5.83,0.164
73568,225.52711814,25.00813834,4.80,1.506
73571,225.53572200,-7.57529884,6.38,0.180
73620,225.72515557,2.09130274,4.39,1.026
73624,225.74698265,-32.64329383,5.45,-0.127
73634,225.77522944,35.20579548,5.52,1.023
73695,225.94710009,47.65406011,4.83,0.647
73706,225.99069078,65.91971368,6.22,0.055
73714,226.01756480,-25.28196464,3.25,1.674
73745,226.11142384,26.94764882,4.52,1.240
73764,226.17874103,-40.86133017,6.29,1.389
73771,226.19550613,-83.03831141,5.65,1.273
73776,226.20077677,-64.03135005,5.16,0.935
73807,226.27952355,-47.05124517,3.91,-0.144
73826,226.32985804,-41.06723583,5.13,1.011
73841,226.35764399,48.15097252,5.59,-0.005
73850,226.39127295,-30.55086429,6.48,0.489
73881,226.51006223,-48.88339118,6.48,-0.137
73901,226.55805468,-36.26459894,6.27,1.658
73909,226.56965189,54.55631811,5.24,0.958
73927,226.61309422,-22.03183000,6.13,1.040
73937,226.63832178,-30.91848265,5.97,-0.076
73941,226.64643673,36.45606259,6.35,0.537
73945,226.65665094,-16.25681782,5.19,1.589
73953,226.70441851,-16.48436124,6.41,0.162
73966,226.73321393,-52.02977960,6.40,-0.109
73996,226.82527458,24.86919552,4.93,0.429
74000,226.83487107,18.44182513,6.03,0.073
74006,226.85813740,-49.08861230,5.77,0.920
74026,226.91801461,5.49803537,6.16,0.921
74044,226.98396360,-61.12867311,6.49,0.432
74047,226.98651048,-65.27544943,6.18,1.470
74066,227.05051900,-40.58392988,5.75,-0.113
74083,227.08140613,50.05495467,6.33,1.050
74087,227.09908784,26.30115255,5.67,1.240
74096,227.14818205,25.10863507,5.82,1.233
74100,227.16332188,-42.86792148,5.85,-0.123
74117,227.21089670,-45.27985752,4.07,-0.162
74121,227.22296625,13.23524218,6.16,0.967
74181,227.35633859,-63.64293022,6.25,0.059
74184,227.37463952,-67.08413313,5.76,0.675
74224,227.53052031,-38.79251125,5.98,0.867
74239,227.57762902,-26.33262119,5.75,1.045
74272,227.68512291,67.78103497,6.18,0.143
74273,227.68643291,-61.42232009,6.29,0.623
74296,227.78672678,-84.78781204,5.88,-0.031
74305,227.81658484,-55.34603240,5.45,1.118
74336,227.89501359,-45.27745891,6.44,1.039
74376,227.98364862,-48.73781871,3.88,-0.029
74380,227.99032525,-48.74368674,5.70,0.144
74386,228.01776005,18.97603118,5.90,1.414
74391,228.05004802,-19.10648194,6.49,1.507
74392,228.05537543,-19.79171054,4.54,-0.071
74395,228.07122900,-52.09924722,3.41,0.918
74418,228.13001598,-48.21899186,6.32,1.115
74421,228.14157842,-72.77059913,6.02,-0.002
74441,228.19654869,10.70230466,6.50,1.274
74449,228.20661659,-44.50041361,4.83,-0.177
74470,228.25425783,-61.74377991,6.27,1.901
74479,228.28192447,-36.09142527,6.09,-0.081
74490,228.32254725,-24.00832205,6.47,-0.026
74493,228.32995250,-19.64757240,6.07,0.124
74500,228.36944837,-25.30934692,6.47,0.691
74505,228.38279251,22.98339866,6.31,0.064
74514,228.39825865,38.26470008,6.19,1.218
74539,228.47213597,-26.19356953,5.84,1.139
74552,228.49659691,-61.34297712,6.36,-0.041
74561,228.52518177,31.78784478,5.98,1.552
74571,228.54296086,42.17140945,6.12,1.635
74582,228.57989727,-70.07947569,5.75,3.271
74596,228.62149336,29.16429476,5.28,0.062
74600,228.64065970,-17.76857220,6.18,-0.015
74604,228.65549679,-31.51912119,4.91,0.374
74605,228.65974563,67.34672247,5.15,0.550
74623,228.71081960,-5.50255481,6.28,1.473
74649,228.79730419,4.93936176,5.32,1.092
74666,228.87567917,33.31483347,3.46,0.961
74689,228.95448869,0.37213871,5.62,0.181
74690,228.96127459,50.93845636,6.47,0.854
74695,228.97318927,6.46483979,6.47,1.308
74696,228.97360792,-48.07366118,5.96,0.210
74707,229.01676479,-41.49115502,5.15,0.564
74716,229.04358875,-43.48499677,6.05,-0.128
74732,229.09588045,-22.39941638,5.52,1.357
74750,229.15288591,-60.90399654,5.74,-0.057
74769,229.21578936,-47.86454437,6.46,0.927
74775,229.22902493,-46.20235510,6.44,0.514
74778,229.23706622,-60.95725471,5.04,-0.077
74785,229.25172845,-9.38291740,2.61,-0.071
74793,229.27453570,71.82390121,5.02,1.369
74824,229.37853924,-58.80120806,4.07,0.088
74837,229.41204414,-63.61046557,4.85,1.260
74857,229.45766251,-30.14867319,4.35,1.100
74875,229.53924337,-41.06115879,6.30,0.176
74895,229.59432762,0.93940944,6.50,1.600
74896,229.60210309,20.57277776,5.68,0.972
74901,229.60885898,-0.46123414,5.88,1.507
74911,229.63342085,-47.87527178,4.27,-0.086
74929,229.67209230,-31.20934708,6.18,1.205
74941,229.70476286,-60.49633440,5.43,-0.089
74946,229.72742565,-68.67954501,2.87,0.014
74950,229.73489436,-40.78822169,5.59,-0.099
74975,229.82832387,1.76540768,5.04,0.540
75000,229.87519929,32.51490352,6.33,0.234
75003,229.88216631,-37.09716090,6.19,0.959
75043,230.02146460,51.95851498,5.65,0.122
75049,230.03565951,29.61620896,5.51,1.015
75091,230.16895782,-67.48152601,6.27,-0.090
75093,230.17366961,44.43437566,6.14,0.369
75097,230.18214784,71.83401605,3.00,0.058
75101,230.19591656,-2.41333058,6.34,1.062
75110,230.22365654,-18.15865758,6.16,1.024
75118,230.25573681,-15.54834173,6.14,0.393
75119,230.25831675,0.71533669,5.35,1.191
75125,230.27866521,24.95802003,6.36,1.257
75127,230.28170919,-5.82485335,5.54,1.047
75141,230.34300711,-40.64751791,3.22,-0.227
75164,230.39709180,-40.74948186,6.21,0.068
75177,230.45154169,-36.26137639,3.57,1.534
75178,230.45239658,32.93369467,5.38,-0.051
75181,230.45062501,-48.31762762,5.65,0.639
75206,230.53446223,-47.92779187,4.99,0.515
75230,230.59682981,12.56752063,6.29,-0.008
75256,230.65524028,62.04707594,5.99,-0.033
75257,230.65571566,39.58146272,5.56,1.626
75260,230.66006358,63.34143917,5.72,1.315
75264,230.67029542,-44.68962207,3.37,-0.191
75272,230.68837121,-29.34193468,6.50,1.011
75294,230.75743427,-15.13403655,6.46,1.603
75304,230.78895891,-36.85848860,4.54,-0.155
75308,230.79376610,-60.65717607,5.65,0.489
75312,230.80129685,30.28781220,4.99,0.577
75323,230.84435831,-59.32078728,4.48,0.169
75324,230.85408319,-46.14041539,6.49,0.945
75342,230.93212884,-1.02238368,6.11,0.264
75352,230.96766276,-12.36950145,5.72,1.039
75369,231.02131784,45.27103106,6.07,1.212
75379,231.04953961,-10.32226578,4.92,0.453
75411,231.12261592,37.37716675,4.31,0.309
75439,231.18753835,-39.71026857,5.36,-0.093
75458,231.23239471,58.96606559,3.29,1.166
75501,231.33424168,-38.73362055,4.60,0.000
75530,231.44748616,15.42803613,5.16,1.650
75535,231.47195923,19.48070690,6.26,0.618
75565,231.56134380,-68.30916685,5.89,1.000
75572,231.57243338,34.33599626,5.46,1.410
75587,231.63412587,54.02029409,6.44,0.079
75647,231.82553879,-36.76755989,5.46,-0.150
75665,231.88784772,-64.53150379,5.71,1.646
75674,231.91197222,25.10162620,6.01,1.654
75695,231.95721171,29.10570271,3.66,0.319
75696,231.96426286,60.67021675,5.90,1.441
75730,232.06420080,-16.71648418,5.64,1.545
75736,232.07956009,-88.13301049,6.49,0.303
75742,232.11337715,-51.59793410,6.10,1.067
75761,232.15932129,1.84208120,5.15,0.245
75770,232.18496611,47.20151397,6.15,0.100
75788,232.23675865,55.19493728,6.45,0.079
75790,232.24441738,-28.86689140,6.43,0.608
75810,232.30048202,16.39561848,6.38,0.955
75818,232.33030118,-38.63499898,6.44,0.351
75822,232.33789388,62.09952938,6.32,1.369
75828,232.35112132,-46.73270421,5.26,1.731
75915,232.58870759,-41.91902752,6.23,-0.005
75919,232.59486379,31.28593161,6.45,0.205
75939,232.65105360,-20.72855306,6.20,0.192
75944,232.66834221,-16.60946440,5.82,1.056
75959,232.70491931,-71.65413636,6.39,-0.112
75973,232.73233051,40.83304674,5.04,1.589
75974,232.73235229,64.20869349,5.74,0.976
76006,232.84294777,36.61659866,6.39,0.529
76008,232.85387206,77.34935188,5.00,1.545
76013,232.87842252,-73.38959090,5.40,-0.146
76033,232.93086290,-20.16492206,6.28,0.220
76041,232.94575727,40.89933250,4.98,0.086
76048,232.95928468,-32.88111233,6.49,0.065
76063,233.01744295,-38.62254302,6.23,0.212
76069,233.04031278,16.05616882,6.22,-0.038
76106,233.15292216,-19.67045969,5.50,0.197
76126,233.23008838,-16.85284434,5.53,-0.148
76127,233.23242724,31.35913344,4.14,-0.127
76133,233.24140750,-1.18639936,5.50,1.092
76143,233.28964699,-24.49043257,6.26,0.330
76165,233.35135350,-40.49085178,6.40,1.016
76198,233.46960603,17.13735911,6.49,0.341
76207,233.50711487,-40.06643242,5.82,1.695
76219,233.54458663,-10.06452866,4.61,1.000
76234,233.58688407,-39.34921034,6.36,-0.017
76243,233.61047272,-9.18341606,5.16,-0.090
76259,233.65550210,-28.04698322,5.13,1.306
76267,233.67195048,26.71469302,2.22,0.032
76276,233.70061304,10.53886686,3.80,0.268
76297,233.78519974,-41.16675700,2.80,-0.216
76307,233.81216083,39.01006717,5.14,1.650
76311,233.81749673,53.92214366,5.97,1.184
76333,233.88157906,-14.78953681,3.91,1.007
76337,233.88845908,17.65555517,6.10,0.975
76366,233.95497512,38.37392639,6.30,1.306
76371,233.97186738,-44.95838909,4.55,-0.175
76372,233.97236593,11.26565576,6.04,1.125
76376,233.98766354,54.63056667,5.77,0.051
76395,234.04734575,-33.09280598,6.26,-0.070
76397,234.05041580,-44.39682312,5.44,1.497
76424,234.12182931,16.11908473,5.93,0.354
76425,234.12324829,10.01017604,5.26,0.925
76440,234.18009374,-66.31703754,4.11,1.161
76456,234.22261641,29.99118230,6.46,0.433
76470,234.25604093,-28.13507945,3.60,1.361
76503,234.36874488,-26.27986402,6.19,-0.013
76509,234.38336373,54.50873314,5.85,1.098
76519,234.41303496,69.28334390,5.65,1.371
76532,234.45016080,-23.14169782,5.79,1.074
76534,234.45665521,40.35343290,5.25,0.886
76552,234.51335576,-42.56734797,4.34,1.412
76567,234.56587293,-28.20666618,6.32,1.176
76568,234.56761052,46.79775126,5.76,0.353
76569,234.56784142,-21.01632655,5.82,1.077
76594,234.64248369,50.42328353,5.84,0.847
76600,234.66403964,-29.77775386,3.66,-0.177
76603,234.66700730,-8.79149008,6.45,0.505
76608,234.67574962,-39.12773402,6.05,0.204
76617,234.70354967,34.67503941,6.12,1.039
76618,234.70613394,-52.37269466,5.43,0.005
76628,234.72733058,-19.30189199,5.36,0.883
76651,234.78965930,57.92442629,6.45,1.102
76664,234.82665074,-77.91800402,6.19,1.207
76666,234.83904390,-23.15022415,6.33,0.023
76669,234.84446952,36.63581181,4.64,-0.103
76705,234.94157853,-34.41192603,4.66,0.964
76716,234.98560042,-59.90833817,5.95,0.505
76733,235.04310999,12.05293356,6.22,0.968
76736,235.04814564,-70.22788282,6.45,0.077
76739,235.06469502,-31.21377094,6.35,1.418
76742,235.07039743,-23.81807829,4.97,1.302
76750,235.08888668,-73.44668497,5.64,-0.040
76809,235.24261902,-47.73609090,6.21,1.621
76810,235.24625327,16.02458817,6.00,0.908
76829,235.29740578,-44.66120503,4.64,0.413
76852,235.38773012,19.67040059,4.51,0.062
76866,235.44756448,12.84752763,5.34,0.033
76877,235.47784835,-76.08195925,5.95,-0.034
76878,235.47797158,18.46403679,5.80,0.207
76880,235.48665872,-19.67882804,4.75,1.574
76935,235.65511526,-49.48955353,6.02,1.315
76939,235.65964730,-37.42493556,5.23,0.987
76945,235.67091721,-34.71040721,4.75,-0.151
76952,235.68568764,26.29563742,3.81,0.020
76957,235.71149928,52.36090260,5.48,-0.042
76985,235.79387826,13.66766652,6.48,0.873
76996,235.82053928,-84.46527293,5.57,0.118
77007,235.85358000,-15.04323027,6.30,1.124
77042,235.98031526,-60.28721719,6.46,1.020
77048,235.99708548,32.51580692,5.57,1.076
77052,236.00758190,2.51517329,5.86,0.684
77055,236.01466385,77.79449293,4.29,0.038
77060,236.01833122,-15.67283378,5.41,0.238
77070,236.06697851,6.42562699,2.63,1.167
77086,236.09447621,-41.81908870,5.93,-0.007
77111,236.17554690,17.26422633,6.15,0.002
77138,236.24819088,-50.78546352,6.41,0.163
77163,236.34784913,5.44731480,5.57,0.035
77186,236.41461670,0.89103904,6.32,1.195
77227,236.52348786,-1.80419278,5.39,-0.035
77233,236.54690158,15.42182561,3.65,0.073
77235,236.55354996,-28.06148122,6.49,0.332
77257,236.61088855,7.35307319,4.42,0.604
77272,236.64482815,55.47479080,5.94,1.404
77277,236.66668890,62.59955706,5.19,0.062
77286,236.68423547,-34.68245371,5.61,-0.117
77287,236.68926774,-6.12035514,6.24,1.169
77336,236.82216304,14.11534830,5.71,0.094
77350,236.85632833,-40.19421010,6.41,0.880
77358,236.87125204,-37.91631209,6.01,0.715
77370,236.90802758,55.37662695,5.85,0.249
77390,236.97106727,-65.44229133,5.54,0.231
77397,237.00747397,31.73561522,6.41,1.517
77412,237.05544341,13.78907797,5.98,1.272
77442,237.14339541,28.15674892,5.89,0.608
77450,237.18490342,18.14156366,4.09,1.616
77454,237.21007189,-52.43825605,6.05,1.385
77464,237.23665667,-3.81851309,5.53,0.120
77512,237.39852576,26.06839434,4.59,0.794
77516,237.40503496,-3.43020774,3.54,-0.036
77541,237.48956804,-48.91240761,5.86,0.068
77562,237.52951595,-53.20977030,5.78,-0.076
77574,237.56797412,-45.40171406,6.11,0.299
77578,237.57311229,2.19650915,5.21,1.019
77622,237.70402545,4.47773018,3.71,0.147
77634,237.73974002,-33.62716543,3.97,-0.045
77635,237.74477002,-25.75129544,4.63,-0.072
77645,237.77835295,-55.05553281,5.74,0.017
77655,237.80804817,35.65738198,4.79,0.996
77660,237.81497246,-3.09049656,5.09,0.135
77661,237.81628738,20.97791921,4.74,1.534
77678,237.88091307,-47.06080055,6.00,1.152
77689,237.90998575,-14.13358425,6.20,1.010
77729,238.05332415,-29.88655191,6.39,0.991
77738,238.06898748,55.82671307,5.81,0.972
77760,238.16892286,42.45151803,4.60,0.563
77782,238.23381499,17.40314981,6.29,1.238
77801,238.30040552,13.19662294,6.07,0.598
77811,238.33357736,-20.16704023,5.04,-0.014
77817,238.34554339,-62.60658294,6.22,1.467
77835,238.39529307,16.07493264,6.21,0.413
77840,238.40299620,-25.32714192,4.59,-0.073
77853,238.45640848,-16.72929352,4.13,1.003
77858,238.47464386,-24.53315725,5.38,-0.011
77859,238.48276610,-23.97809446,5.41,-0.033
77900,238.62545359,-27.33863864,6.15,-0.069
77902,238.64421562,20.31096824,5.45,1.588
77907,238.65771031,43.13856713,5.35,1.645
77909,238.66470881,-25.24374125,5.87,-0.065
77910,238.66781348,8.58033731,6.28,0.171
77927,238.71931395,-60.74365068,6.14,0.121
77939,238.75151630,-19.38292565,5.95,-0.013
77952,238.78567608,-63.43072662,2.83,0.315
77982,238.87332974,-68.60300140,5.11,1.108
77984,238.87533288,-26.26599348,5.63,0.141
77985,238.87723182,-31.08364386,6.21,1.371
77986,238.87746678,42.56619310,5.73,-0.102
77990,238.88485665,-60.17764722,5.78,0.355
77995,238.91605312,18.62074539,6.26,-0.089
78012,238.94827874,37.94695788,5.43,0.352
78017,238.95675743,58.91177441,6.31,-0.028
78045,239.02464218,-60.48247726,5.76,0.087
78046,239.02849485,-39.86436412,6.04,0.130
78058,239.05845768,-31.78588227,6.29,0.462
78059,239.06012816,-14.39940214,6.32,0.485
78072,239.11326153,15.66161688,3.85,0.478
78078,239.13905898,-14.82943845,6.11,0.243
78104,239.22115205,-29.21407322,3.87,-0.199
78105,239.22290935,-33.96613398,5.14,0.129
78106,239.22549780,-33.96428074,5.59,0.072
78117,239.26607022,-48.16218623,6.31,0.381
78132,239.31071625,14.41448012,5.54,1.141
78142,239.33885603,-36.18534387,5.78,1.095
78153,239.37427058,39.69508584,6.30,1.110
78159,239.39688262,26.87787990,4.14,1.231
78168,239.41859712,-20.98307996,5.84,0.012
78180,239.44767142,54.74976237,4.96,0.269
78207,239.54737034,-14.27935849,4.95,-0.080
78236,239.62831901,-37.50387776,6.31,1.006
78246,239.64527909,-24.83148822,5.43,-0.092
78265,239.71297035,-26.11410529,2.89,-0.180
78276,239.74047384,36.64377347,5.61,1.529
78279,239.74227757,-65.03758551,5.74,-0.066
78286,239.76831557,49.88104307,6.04,0.289
78323,239.87610968,-41.74443615,4.99,0.988
78355,239.97559146,-54.02091074,6.10,-0.016
78360,239.97972423,-78.02727728,6.40,0.387
78384,240.03053401,-38.39670656,3.42,-0.206
78400,240.08163140,-16.53335050,5.47,0.517
78401,240.08335942,-22.62170993,2.29,-0.117
78436,240.19846931,-8.41135327,5.53,0.043
78442,240.21305704,4.42736314,5.82,1.003
78445,240.22379119,-40.43548035,6.21,0.010
78459,240.26108988,33.30350930,5.39,0.612
78469,240.27694766,-54.57789914,6.12,0.264
78476,240.29464629,-63.77653775,6.42,0.567
78481,240.30965720,17.81839727,5.10,0.992
78486,240.33147842,-31.88913682,6.33,1.454
78493,240.36068726,29.85106144,4.98,-0.050
78527,240.47227393,58.56525152,4.01,0.528
78540,240.51864722,-51.12077080,6.38,-0.003
78542,240.52315992,52.91591721,5.93,1.498
78554,240.57371658,22.80445386,4.82,0.066
78575,240.66425932,-29.13579980,6.07,1.304
78592,240.69957561,46.03670491,4.72,-0.094
78603,240.71871703,-62.54158961,6.25,-0.015
78632,240.78894032,59.41073804,6.19,1.576
78639,240.80373746,-49.22969549,4.65,0.902
78649,240.83068614,36.63178700,5.79,0.586
78650,240.83592905,-25.86524023,4.96,1.234
78655,240.85078899,-38.60254059,4.90,-0.146
78661,240.88063042,76.79393894,5.73,0.051
78662,240.88371506,-57.77506392,4.63,0.252
78665,240.89316192,-32.00053847,6.00,0.470
78685,240.94037898,4.98683382,6.07,0.960
78699,240.97792968,-24.72631232,6.22,1.386
78710,241.02581907,-59.17618243,6.40,1.366
78726,241.07424352,-33.21371819,6.10,0.338
78731,241.08883916,-53.71037510,6.46,0.006
78747,241.15340077,-37.86295066,5.91,0.409
78820,241.35929462,-19.80545336,2.56,-0.065
78821,241.36064081,-19.80186007,4.90,-0.024
78840,241.40807721,8.09624767,6.27,0.084
78849,241.43564648,-6.29112893,6.35,0.413
78868,241.48257360,-72.40089807,5.70,1.169
78870,241.49921809,-6.13975379,6.39,1.034
78877,241.52657175,-23.60631525,5.90,-0.071
78893,241.58198561,67.81013363,5.44,-0.019
78914,241.62265863,-45.17318517,4.73,0.230
78918,241.64810321,-36.80228846,4.22,-0.184
78933,241.70177456,-20.66919247,3.93,-0.046
78955,241.76404057,-14.07129159,6.32,0.660
78970,241.81755420,-36.75567607,5.72,0.298
78985,241.84240518,21.82261462,6.15,1.365
78989,241.85035073,-56.19095622,6.16,0.565
78990,241.85136420,-20.86876420,4.31,0.831
79005,241.90173206,-12.74541033,5.75,0.018
79007,241.90641092,9.89174292,5.63,0.200
79031,241.96620417,-24.46234932,6.32,-0.038
79043,242.01885653,17.04698022,5.00,0.931
79045,242.02065483,17.05438160,6.25,1.140
79050,242.03160775,-26.32667888,5.35,1.643
79072,242.11697935,8.53430980,5.69,1.575
79086,242.15213537,8.61317555,6.47,1.418
79098,242.18216954,-23.68541585,5.86,0.020
79101,242.19240795,44.93490599,4.23,-0.045
79102,242.19429406,17.20563763,6.13,-0.003
79119,242.24291258,36.49094417,4.73,1.015
79120,242.24533115,3.45447473,5.93,1.471
79125,242.26204217,57.93788296,6.33,0.032
79137,242.29672854,6.37869508,5.93,0.988
79153,242.32728698,-57.93431797,5.57,-0.024
79164,242.35822276,55.82897485,6.43,1.076
79173,242.38225534,-32.64901180,6.18,0.790
79195,242.46049234,-3.46672920,5.39,1.446
79199,242.46912194,-33.54580488,5.50,-0.075
79203,242.48029520,-18.34062016,6.43,0.447
79208,242.49657248,-62.96715454,6.50,0.231
79280,242.70635509,75.87756285,5.48,-0.093
79302,242.75862402,-29.41622030,5.09,1.131
79320,242.82377510,-41.11980324,5.86,0.273
79332,242.86974028,16.66569256,6.09,0.020
79349,242.90848202,23.49480143,5.74,1.519
79350,242.91499774,33.34276422,6.30,1.228
79357,242.94833015,42.37456882,5.89,1.464
79358,242.95022732,36.42509439,5.62,1.352
79374,242.99889379,-19.46070821,4.00,0.076
79375,242.99995237,-10.06425307,4.93,0.087
79385,243.02726723,39.05552381,6.39,1.262
79387,243.03048126,-8.54757591,5.43,0.118
79399,243.06683170,-28.41730511,5.67,0.012
79404,243.07585385,-27.92637196,4.58,-0.172
79414,243.10566555,67.14417591,6.21,0.993
79420,243.13373890,75.21068126,6.36,1.283
79441,243.18946120,26.67058278,6.48,0.391
79463,243.23576442,-4.22080879,6.26,0.133
79488,243.31428933,5.02108648,5.46,1.472
79490,243.32070759,-53.67117141,6.03,1.965
79497,243.34456747,-55.54094742,5.78,0.365
79509,243.36970393,-54.63046753,4.95,1.017
79522,243.41081891,-1.47513281,6.45,0.997
79530,243.43957379,-24.42209246,6.40,0.043
79540,243.46210399,-11.83774676,5.24,1.394
79581,243.55669522,5.90184622,6.30,1.148
79593,243.58641439,-3.69432297,2.73,1.584
79596,243.59318878,-33.01108784,5.91,1.021
79599,243.62034777,-21.10763585,6.41,0.002
79601,243.63934964,73.39489158,6.02,0.063
79605,243.66351877,-18.53564910,6.32,1.085
79607,243.67022334,33.85861287,5.23,0.599
79622,243.72262470,-25.47697573,6.06,0.027
79653,243.81381535,-47.37202131,5.13,-0.114
79661,243.84982102,-42.89942192,6.14,1.114
79664,243.85946153,-63.68568176,3.86,1.105
79666,243.86931313,18.80808660,5.72,1.126
79672,243.90529277,-8.36944168,5.49,0.652
79686,243.94717775,27.42208144,6.14,1.334
79689,243.95749098,-57.91234970,5.61,0.137
79692,243.96456280,-14.84911510,6.09,0.098
79754,244.18032631,-53.81110927,5.45,1.696
79757,244.18661396,29.15026076,5.80,0.063
79781,244.23042337,-3.95334860,6.18,0.326
79787,244.24553505,-53.69623382,6.40,0.793
79788,244.24665965,-20.10408789,6.40,1.270
79790,244.25388950,-50.06812187,4.97,0.788
79797,244.27255228,-67.94128543,5.95,0.159
79804,244.31394402,59.75502329,5.37,1.551
79812,244.33715388,-53.08638554,6.30,0.273
79822,244.37619927,75.75533045,4.95,0.393
79834,244.43065472,1.49671367,6.50,1.128
79867,244.54070456,68.55454492,6.39,1.343
79881,244.57457668,-28.61402047,4.80,0.008
79882,244.58037087,-4.69251067,3.23,0.966
79938,244.75175031,-14.87282537,5.97,1.475
79945,244.78217422,-20.21807185,6.29,1.066
79953,244.79672300,49.03815923,5.93,1.369
79963,244.82352371,-42.67396507,5.44,0.099
79980,244.88641112,-30.90671595,5.53,0.466
79992,244.93515331,46.31336639,3.91,-0.151
80000,244.96009378,-50.15550766,4.01,1.080
80008,244.97976149,39.70858437,5.48,0.410
80021,245.01781583,21.13261049,6.04,0.938
80047,245.08668995,-78.69574502,4.68,1.680
80054,245.10521092,-55.13970611,5.76,0.970
80057,245.11191165,-78.66749596,5.27,1.413
80066,245.13590335,-39.43034437,6.11,-0.079
80079,245.15908631,-24.16932002,4.55,0.758
80112,245.29715015,-25.59279641,2.90,0.299
80161,245.45296320,69.10939138,5.26,1.115
80170,245.48005997,19.15313028,3.74,0.299
80179,245.51812082,1.02903908,4.82,0.338
80181,245.52426649,30.89199596,4.86,0.970
80197,245.58927230,33.79905176,5.20,1.631
80208,245.61664599,-49.57235445,5.32,-0.047
80212,245.62111283,-43.91205108,5.89,1.121
80214,245.62174444,33.70347845,5.40,1.523
80227,245.66210594,-2.07987013,6.24,0.058
80247,245.73541247,32.33301270,6.41,0.083
80309,245.94647297,61.69646128,5.67,0.956
80324,245.98632304,-33.19939596,6.45,0.013
80331,245.99785870,61.51421312,2.73,0.910
80337,246.00537432,-39.19298028,5.37,0.625
80343,246.02576647,-20.03732689,4.48,0.996
80351,246.04512471,6.94820724,5.83,0.018
80375,246.10557864,55.20509584,5.75,0.001
80390,246.13231258,-37.56604406,5.42,-0.104
80399,246.16571952,-29.70466306,5.40,0.625
80421,246.22564538,-45.34949859,6.32,0.187
80455,246.34219259,-63.12521687,6.14,0.029
80460,246.35069888,37.39407916,5.53,0.174
80463,246.35397192,14.03326957,4.57,0.002
80473,246.39632325,-23.44717850,4.57,0.227
80480,246.42993290,78.96385386,5.55,0.249
80514,246.54744172,11.40749288,6.11,1.065
80558,246.70864526,2.34794382,6.06,0.919
80569,246.75597864,-18.45625099,4.22,0.217
80582,246.79598315,-47.55478604,4.46,-0.070
80610,246.88446195,2.87063350,6.35,1.638
80620,246.93106828,-7.59792904,5.24,1.721
80628,246.95078039,-8.37173118,4.62,0.185
80645,246.98893484,-64.05794176,5.28,0.383
80650,246.99589024,68.76813711,4.94,-0.051
80672,247.06028618,-37.17988144,5.79,1.104
80675,247.06316169,-58.59979504,5.67,0.008
80682,247.08807317,67.04399967,6.45,1.517
80686,247.11726481,-70.08440088,4.90,0.555
80693,247.14158895,0.66500201,5.41,1.461
80704,247.16061566,41.88167726,4.83,1.289
80708,247.17631597,0.05485507,6.46,1.378
80710,247.18102043,51.40773815,6.31,1.052
80719,247.20397884,-8.12884265,6.49,0.410
80763,247.35192046,-26.43200249,1.06,1.865
80782,247.42636486,-46.24322863,5.35,0.488
80788,247.43841580,-57.75632305,6.09,1.459
80793,247.44551354,-14.55087910,5.66,0.823
80809,247.52514832,48.96109028,6.44,0.026
80815,247.55198210,-25.11522381,4.79,-0.116
80816,247.55499986,21.48961328,2.78,0.947
80840,247.62507348,-7.51445119,6.46,0.371
80843,247.63978530,20.47918805,5.24,1.274
80850,247.66167116,77.44651416,6.35,0.995
80874,247.70566450,-61.63350312,5.19,1.236
80883,247.72842880,1.98392313,3.82,0.022
80888,247.76159617,35.22506611,6.25,1.640
80894,247.78486581,-16.61273261,4.29,0.924
80898,247.80596362,22.19545777,5.76,1.605
80910,247.84521132,-26.53764312,6.07,1.085
80911,247.84555554,-34.70436598,4.24,-0.168
80920,247.86761761,72.61233829,6.27,1.291
80945,247.92403593,-41.81714466,5.31,0.299
80953,247.94678370,45.59828098,5.61,0.125
80975,248.03416357,-21.46638977,4.45,0.130
80991,248.10700062,60.82332314,5.92,0.039
81007,248.14868862,5.52122034,5.63,-0.044
81008,248.15121699,11.48804151,4.84,1.495
81065,248.36284780,-78.89714775,3.86,0.923
81122,248.52091948,-44.04531483,4.86,0.045
81126,248.52575889,42.43704100,4.20,-0.013
81141,248.58058375,-70.98809744,5.50,1.235
81198,248.78227988,-45.24436615,6.43,1.346
81231,248.85953460,17.05734201,6.42,0.062
81252,248.93674449,-65.49539896,5.50,0.949
81266,248.97064054,-28.21601625,2.82,-0.206
81289,249.04667654,46.61333310,5.83,1.044
81290,249.04758462,52.90004826,5.53,-0.060
81292,249.05716717,52.92442209,5.07,-0.027
81300,249.08937191,-2.32458363,5.77,0.827
81304,249.09363099,-35.25532602,4.18,1.535
81305,249.09401037,-42.85886140,5.46,0.338
81337,249.17891769,15.49745504,6.36,-0.055
81358,249.22913688,63.07282391,6.17,1.527
81377,249.28974079,-10.56708997,2.54,0.038
81404,249.39066409,5.27752561,6.48,1.150
81425,249.45004543,13.68703477,6.30,0.433
81428,249.46972697,78.91866670,6.33,1.141
81437,249.50194035,56.01553977,5.28,1.055
81440,249.50647521,-6.53801431,6.05,0.165
81472,249.60954960,-43.39842591,5.83,-0.053
81497,249.68685544,48.92834255,4.86,1.562
81499,249.69886299,-8.61861005,6.44,1.806
81507,249.71959958,-60.99040177,6.16,-0.073
81523,249.77177737,-37.21737010,5.93,-0.035
81580,249.91303937,-9.55458937,6.33,0.492
81632,250.14382465,-20.40864931,6.25,1.077
81641,250.16119545,4.21978883,5.77,-0.004
81650,250.18500083,-51.47826016,6.30,0.321
81657,250.21034833,-60.44644209,6.17,0.488
81659,250.21391965,12.39504329,6.08,0.046
81660,250.22966402,64.58904622,4.84,1.212
81663,250.23503864,-8.30962808,6.47,1.147
81670,250.25242430,24.85870475,6.07,1.316
81687,250.29810059,-1.00031163,6.25,0.313
81691,250.31972404,1.24544435,6.40,1.019
81693,250.32150123,31.60272561,2.81,0.650
81702,250.33506197,-48.76295660,5.57,0.169
81710,250.34628426,-68.29612306,5.89,-0.078
81724,250.39326259,-17.74216686,4.91,1.095
81728,250.40074445,-24.46796237,6.07,0.214
81729,250.40291252,26.91688049,5.92,0.402
81733,250.41760437,-49.65155241,5.62,-0.043
81734,250.42700502,1.18123129,5.74,0.336
81741,250.43939225,-33.14575921,5.84,0.653
81754,250.47371480,-19.92437683,5.55,0.436
81800,250.61588405,49.93644092,6.48,0.541
81803,250.62120999,-37.07935319,6.47,0.776
81823,250.70174319,-62.55393075,6.23,1.524
81833,250.72402184,38.92225448,3.48,0.916
81840,250.74358096,55.69011881,6.18,0.088
81847,250.76485772,-46.07029278,6.22,0.821
81852,250.76940133,-77.51743472,4.23,1.060
81854,250.77620399,77.51397279,5.99,0.430
81873,250.84223826,-67.43238631,6.02,0.037
81891,250.91134681,-32.10594473,6.46,-0.076
81903,250.94033111,-41.11920423,6.21,0.143
81904,250.94831902,-38.15634603,6.05,-0.054
81911,250.96536520,34.03880323,6.02,0.321
81914,250.97532417,-41.11334386,6.14,-0.078
81966,251.16559744,-53.15231311,5.96,1.230
81972,251.17747189,-40.83967511,5.64,-0.093
81992,251.25078997,-28.50965735,5.99,0.103
82012,251.29914625,43.21716938,6.07,1.415
82020,251.32424053,56.78185727,4.84,0.375
82028,251.34383238,15.74528881,5.60,1.637
82037,251.37364391,1.02016147,6.02,-0.012
82073,251.45788048,8.58261625,5.15,1.535
82080,251.49268245,82.03726206,4.21,0.897
82091,251.52655344,-46.53199648,6.47,0.087
82110,251.58843747,-58.50359469,5.74,-0.101
82129,251.66663028,-67.10969070,5.10,-0.080
82135,251.69982573,-39.37696194,5.48,0.975
82162,251.79063904,2.06452644,6.07,0.140
82171,251.83190703,-58.34144117,5.55,-0.096
82172,251.83227770,42.23891803,5.86,1.504
82216,251.94341033,5.24674597,5.22,-0.001
82241,252.03701023,13.59029563,6.38,0.877
82259,252.11239451,-14.90942123,6.03,0.192
82273,252.16622864,-69.02771504,1.91,1.447
82321,252.30924348,45.98332294,4.82,0.087
82339,252.36529205,-15.66796973,6.18,0.234
82350,252.39440352,13.26114073,5.91,0.015
82355,252.41902339,43.43043688,6.18,1.257
82363,252.44648470,-59.04137792,3.77,1.562
82369,252.45845321,-10.78299985,4.64,0.478
82396,252.54088739,-34.29323171,2.29,1.144
82402,252.58075482,7.24768345,5.48,0.108
82405,252.59271270,-2.65435584,6.32,0.401
82418,252.65033728,-50.04494577,6.45,0.325
82419,252.65039332,41.89650000,6.29,1.086
82422,252.66232689,29.80653779,5.73,1.626
82426,252.67979220,32.55366795,6.16,1.014
82453,252.75013947,-37.51451182,6.10,0.124
82480,252.85386934,1.21594728,5.51,0.055
82493,252.89051052,-41.23053395,5.23,0.047
82504,252.93859152,24.65643288,5.03,1.246
82514,252.96763467,-38.04737967,3.00,-0.200
82517,252.97451276,-65.37545736,6.12,-0.028
82539,253.07375909,-67.68163329,6.33,1.289
82543,253.08019769,-41.85451399,6.36,0.264
82545,253.08393309,-38.01753566,3.56,-0.210
82554,253.11423310,-40.72315346,6.35,-0.141
82587,253.24190757,31.70167382,5.34,0.319
82611,253.32315383,47.41672553,5.99,1.325
82621,253.35508699,-20.41555487,5.86,0.685
82650,253.42677047,-43.05096825,5.95,1.643
82669,253.49522384,-41.99432669,6.28,0.462
82671,253.49886208,-42.36202495,4.70,0.444
82672,253.50149815,-57.90950697,5.91,1.592
82673,253.50196470,10.16535910,4.39,-0.088
82676,253.50765330,-41.80638905,5.46,0.176
82691,253.54192678,-41.82503966,6.07,0.126
82693,253.54419037,-1.61230444,6.25,0.283
82716,253.61225757,-42.47889089,5.84,0.626
82723,253.63147593,-49.71080045,6.49,1.466
82729,253.64585529,-42.36131277,3.62,1.393
82730,253.64872420,-6.15398210,5.23,1.100
82731,253.64983258,-30.58734052,6.34,0.214
82764,253.72987681,20.95848800,5.39,0.966
82775,253.74377151,-41.15085779,5.78,0.132
82780,253.75900862,25.73068098,6.06,0.921
82783,253.76387434,-42.09083068,6.30,0.396
82798,253.81662981,13.61991011,6.35,0.339
82802,253.84236363,18.43321261,5.35,1.407
82806,253.85286833,-63.26965901,5.99,0.059
82855,253.99063400,-33.50687352,6.29,1.747
82860,254.00704079,65.13479560,4.88,0.481
82861,254.00768283,-16.80626295,6.33,0.952
82868,254.03683568,-50.67478998,6.30,-0.016
82880,254.06973172,73.12786669,6.29,0.259
82898,254.10528307,65.03912441,6.40,0.383
82902,254.11986622,-52.28374646,5.94,-0.069
82911,254.14990948,-40.82345300,6.18,0.228
82925,254.20015313,-23.15034582,5.57,-0.018
82944,254.25437285,-71.11164429,6.46,0.260
82951,254.26658471,-19.53985634,6.27,0.084
82960,254.29656739,-33.25949226,5.48,1.606
82979,254.35833634,-10.96337330,6.15,1.000
82987,254.37935863,25.35284109,6.27,0.909
82989,254.38349859,13.88411272,6.38,0.930
83000,254.41707231,9.37503268,3.19,1.160
83007,254.42628040,24.38125987,6.35,1.089
83013,254.45907236,42.51245069,6.36,1.280
83057,254.57474809,-50.64118473,5.53,0.016
83081,254.65504861,-55.99014085,3.12,1.552
83090,254.67317051,-14.86967116,6.48,0.391
83100,254.71775602,-37.62050784,6.05,0.179
83114,254.76072426,69.18624855,6.41,0.725
83138,254.83963914,56.68859380,6.04,1.165
83150,254.89149665,-69.26816367,5.79,-0.103
83153,254.89603227,-53.16043772,4.06,1.452
83176,254.99044005,-25.09219835,5.88,1.607
83187,255.02616419,-54.59717911,5.64,0.194
83196,255.03962554,-24.98907000,5.74,0.407
83202,255.05935829,-44.98854851,6.50,0.403
83207,255.07239072,30.92640462,3.92,-0.018
83216,255.11233462,-48.64775886,5.98,0.883
83235,255.15411512,-35.93413263,5.95,1.161
83254,255.24223125,22.63209529,5.69,1.332
83255,255.24382285,-86.36429709,6.05,0.043
83262,255.26500814,-4.22264365,4.82,1.483
83269,255.27926792,-56.55507675,6.40,0.100
83289,255.32051661,60.64875407,6.16,1.006
83308,255.38771405,14.94971672,6.27,0.031
83313,255.40150446,33.56826983,5.27,0.028
83317,255.41713829,75.29749742,6.17,0.306
83321,255.44313222,-51.13102612,6.43,0.279
83323,255.44744776,-58.95824476,6.26,-0.124
83331,255.46355958,-18.88553817,6.28,1.351
83336,255.46934425,-32.14351900,5.03,-0.100
83342,255.49573148,8.45066865,6.33,0.091
83359,255.56561749,64.60073863,6.11,0.960
83365,255.57129150,31.88411999,6.41,1.134
83367,255.57790086,25.50561962,5.76,1.018
83430,255.78279839,14.09194666,4.97,1.600
83431,255.78629357,-53.23702770,5.27,0.498
83462,255.87589600,35.41404865,6.19,1.467
83478,255.91375826,13.60534631,5.91,0.010
83481,255.92367964,-47.16057139,6.07,0.072
83491,255.96225538,-38.15257189,5.91,0.409
83493,255.96941378,19.69051336,6.35,1.518
83494,255.97324001,34.79022220,6.08,0.200
83499,255.98655186,-37.84414308,6.48,0.263
83504,255.99184359,13.56741999,6.06,1.050
83535,256.10300501,-57.71216655,5.73,-0.097
83556,256.14038263,-68.27869417,6.47,1.570
83565,256.17227634,19.59910543,6.19,0.010
83567,256.18885849,-20.49470328,6.29,-0.035
83574,256.20563526,-34.12293025,4.83,0.257
83575,256.20737657,48.80395805,6.11,1.091
83593,256.27059617,43.81223858,6.45,0.099
83594,256.27236789,-45.50212706,6.28,0.074
83601,256.32008022,0.70255911,6.00,0.578
83608,256.33381676,54.47004260,4.91,0.471
83613,256.34454370,12.74082791,4.89,0.125
83635,256.38441404,-0.89207004,5.63,0.104
83650,256.45197740,-44.10504180,6.18,0.281
83677,256.54019211,9.73386825,6.38,1.458
83684,256.54917416,-21.56458314,6.29,0.128
83688,256.55437138,10.45387797,6.38,0.896
83692,256.57519598,22.08415313,5.56,1.299
83693,256.58412216,-37.22758997,5.98,0.076
83706,256.61820642,-35.45104629,6.15,0.438
83738,256.72066164,-1.65618555,6.34,0.209
83740,256.72177131,-26.51302171,6.26,-0.038
83816,256.94449727,40.51605399,6.34,0.032
83834,257.00289186,31.20618956,6.44,1.285
83838,257.00859765,35.93517360,5.41,0.309
83853,257.05687491,-1.07947579,6.06,0.074
83854,257.06189647,-17.60905169,5.98,1.011
83857,257.07114528,50.84227201,6.46,-0.017
83895,257.19664842,65.71468331,3.17,-0.120
83896,257.19807338,-30.40373008,5.93,0.276
83906,257.22716385,-3.88299134,6.35,0.697
83947,257.38853251,40.77703310,5.07,1.275
83962,257.44979300,-10.52330139,5.43,0.465
83984,257.52614847,-61.67545646,6.37,-0.049
84012,257.59453052,-15.72491023,2.43,0.059
84021,257.62763111,52.40876948,6.30,-0.025
84033,257.67634680,-44.55771908,5.06,0.867
84054,257.76318137,24.23769438,6.20,0.227
84105,257.91116720,-48.87339888,5.94,1.786
84108,257.91780396,49.74635696,6.12,0.185
84113,257.93849814,7.89476187,6.34,1.040
84143,258.03830643,-43.23918896,3.32,0.441
84150,258.06752096,-39.50694931,5.66,0.042
84151,258.06902226,-38.82253489,6.30,1.050
84158,258.08305934,-70.72108235,6.21,1.062
84175,258.10442471,-27.76212393,6.12,-0.048
84177,258.11587226,10.58516767,5.32,1.593
84183,258.13574891,62.87433736,5.54,0.216
84226,258.24399290,-32.43833214,5.95,0.071
84248,258.32448896,-67.19659096,5.87,1.070
84311,258.55587269,-56.88852642,6.08,1.728
84332,258.61522600,-39.76664962,6.42,2.282
84345,258.66191003,14.39033281,2.78,1.164
84379,258.75796073,24.83920414,3.12,0.080
84380,258.76180979,36.80916183,3.16,1.437
84401,258.83019728,-33.54842041,5.60,-0.056
84402,258.83451723,-14.58413985,5.98,1.096
84405,258.83740933,-26.60282934,4.33,0.855
84425,258.89979588,-38.59389616,5.95,0.580
84431,258.92279140,23.74276074,5.99,1.335
84445,258.96396164,-30.21073102,6.20,-0.027
84478,259.05567751,-26.54614666,6.33,1.144
84479,259.05941865,2.18620226,6.17,0.235
84489,259.09000800,-35.75029750,6.09,0.479
84496,259.12249751,60.67061457,6.32,1.090
84500,259.13214952,1.21054554,5.89,0.023
84510,259.14852848,-74.53300804,6.24,-0.004
84514,259.15285961,-0.44529728,4.72,1.119
84524,259.17811555,-6.24497532,6.08,1.100
84535,259.23525272,89.03770800,6.31,1.575
84551,259.26519011,-32.66284013,5.53,0.514
84556,259.27308836,-44.77859551,6.46,0.187
84573,259.33153304,33.10010024,4.80,-0.166
84599,259.39939276,23.09062670,6.25,1.544
84606,259.41772717,37.29149825,4.64,0.043
84626,259.50282784,-24.28690158,5.14,1.046
84631,259.52058199,17.31788648,6.00,0.015
84649,259.58030058,-16.31187705,6.28,1.691
84650,259.58545909,-32.55310685,6.36,0.109
84656,259.59696186,38.81139458,5.97,1.011
84671,259.65412656,10.86447543,5.03,1.539
84690,259.69928821,-44.12974648,5.76,-0.049
84691,259.70219651,28.82296764,5.68,0.981
84700,259.71544846,-62.87457703,6.50,1.087
84709,259.73824381,-34.98979226,5.91,1.082
84720,259.76597408,-46.63623458,5.47,0.764
84731,259.80212037,-59.69461184,5.93,1.389
84759,259.87714830,-50.06376241,6.27,0.413
84769,259.90462538,80.13639937,5.74,1.499
84780,259.94376499,2.13953937,6.43,1.487
84792,259.97229338,-17.75654346,6.03,0.040
84801,259.99814176,-5.91750873,6.31,0.850
84821,260.04097946,25.53760288,5.36,0.063
84833,260.07862989,18.05708065,5.01,1.654
84835,260.08800741,46.24077993,5.51,1.586
84855,260.14073542,48.18879090,6.36,0.427
84856,260.14295833,-19.33374607,6.50,0.578
84862,260.16486320,32.46774334,5.38,0.619
84880,260.20692137,-12.84687539,4.32,0.037
84883,260.21929251,-10.69640981,6.46,0.326
84887,260.22585839,24.49943520,5.13,0.000
84893,260.25155880,-21.11293262,4.39,0.394
84934,260.38016394,28.75810115,6.37,0.724
84938,260.38934319,16.73122855,6.35,1.608
84947,260.42317036,-24.90610294,6.36,1.399
84949,260.43173826,39.97464873,5.55,0.667
84950,260.43903528,53.42042844,5.69,1.463
84969,260.49782321,-67.77066851,4.76,1.194
84970,260.50241000,-24.99954543,3.27,-0.186
84979,260.52448335,-70.12320813,5.39,-0.042
85019,260.65819750,-35.91069905,6.42,0.541
85020,260.66340417,-37.80463699,6.33,0.682
85042,260.71370204,-2.38817592,6.28,0.680
85048,260.72812115,-37.22078640,5.91,1.075
85049,260.73009141,-58.01032712,5.86,1.075
85068,260.77966858,-56.52554721,5.76,0.994
85079,260.81698005,-47.46819665,5.21,-0.097
85084,260.83996314,-28.14283144,5.30,1.549
85112,260.92060269,37.14594630,4.15,-0.011
85139,260.99006761,8.85257053,5.77,1.251
85147,261.00448781,-62.86415340,5.69,-0.147
85149,261.00939013,38.58278248,6.48,0.716
85157,261.02744668,22.96028529,5.70,0.229
85162,261.05452928,-44.16257561,5.10,-0.052
85169,261.07831970,-60.67379907,5.76,-0.067
85181,261.11297958,36.95192918,6.25,0.884
85185,261.13140490,16.30100632,5.75,0.074
85187,261.14083258,15.60604834,6.34,-0.017
85195,261.15433129,-18.44576204,6.34,0.046
85207,261.17512820,-21.44147910,5.82,0.939
85235,261.25041078,67.30670483,6.44,0.759
85237,261.26111214,-34.69605557,6.14,0.046
85242,261.27599965,-24.24368339,6.17,1.103
85258,261.32495294,-55.52988403,2.84,1.479
85267,261.34857936,-56.37772676,3.31,-0.150
85268,261.35023002,52.79068367,6.46,0.619
85290,261.42230897,60.04839798,5.65,0.024
85302,261.47651976,16.91757758,6.09,1.528
85307,261.49115059,-1.65177687,6.44,0.457
85312,261.50018218,-50.63350974,5.19,1.055
85313,261.50361717,26.87873447,6.38,0.124
85317,261.52015409,58.65189529,6.49,0.139
85333,261.57920736,7.59565028,6.01,0.592
85340,261.59256716,-24.17530951,4.16,0.283
85355,261.62866808,4.14035962,4.34,1.480
85365,261.65783936,-5.08659579,4.53,0.385
85379,261.68434357,48.26006484,5.83,0.121
85382,261.69227372,34.69580159,5.94,-0.017
85385,261.70469724,20.08097700,5.52,-0.119
85389,261.71657533,-45.84302992,5.28,-0.058
85391,261.73040640,-25.94346244,6.42,-0.055
85393,261.73483414,-51.94881890,6.17,-0.039
85397,261.75895132,-12.51248843,6.20,0.517
85405,261.79117377,-15.85336031,6.48,1.146
85409,261.80193124,-50.63037029,5.90,0.063
85423,261.83864040,-29.86703340,4.28,0.402
85442,261.90646538,-29.72456670,5.98,0.010
85450,261.93365409,8.44203909,6.42,1.660
85470,261.99000367,-52.29716773,5.72,1.169
85474,262.00974001,-8.20837372,6.37,0.570
85480,262.03277334,-63.03624000,6.22,-0.073
85520,262.16214482,-55.16968632,5.93,1.113
85537,262.20689540,0.33062530,5.41,0.237
85543,262.23369642,-36.77828005,5.98,1.112
85549,262.25359127,-43.97391891,6.30,-0.010
85589,262.35672731,-38.51692017,6.38,0.091
85622,262.44728215,-5.91947916,6.36,0.930
85666,262.59439110,11.92401529,6.47,0.056
85667,262.59915710,-1.06292171,5.31,0.715
85670,262.60817511,52.30138713,2.79,0.954
85688,262.66753834,38.88220176,6.43,0.510
85692,262.68155691,57.87682364,6.22,1.397
85693,262.68462483,26.11064528,4.41,1.434
85696,262.69098221,-37.29581099,2.70,-0.179
85699,262.69828500,86.96804735,5.78,0.239
85715,262.73072367,31.15813862,5.63,0.960
85727,262.77463763,-60.68384819,3.60,-0.104
85749,262.83889138,2.72450684,5.57,0.844
85751,262.84701370,-56.92096415,5.99,-0.045
85755,262.85397499,-23.96264331,4.78,0.016
85760,262.86443667,-80.85913368,5.83,1.617
85783,262.93488863,-26.26970909,6.05,-0.065
85786,262.94732997,-33.70315770,6.43,1.191
85788,262.95457814,-46.03678277,6.04,0.805
85790,262.95658059,28.40749878,5.66,-0.001
85792,262.96038867,-49.87614480,2.84,-0.136
85805,262.99111970,68.13502439,5.07,1.077
85819,263.04404057,55.18424260,4.89,0.251
85822,263.05416851,86.58646042,4.35,0.021
85826,263.06200344,11.93004715,6.42,-0.013
85829,263.06677411,55.17295855,4.86,0.279
85839,263.10261236,-34.27940495,6.16,0.360
85888,263.28024163,41.24344864,5.72,1.089
85889,263.28078726,-41.17306631,5.84,0.041
85912,263.34509920,19.25667721,5.65,0.505
85922,263.37435359,-5.74480351,5.61,0.187
85923,263.38170303,57.55872092,6.15,0.602
85927,263.40216661,-37.10382115,1.62,-0.231
85930,263.41411877,16.31755321,5.68,1.002
85934,263.42824905,14.84159826,6.36,1.595
85975,263.57025560,-48.52678755,6.32,0.953
85998,263.65289466,9.58670003,5.80,0.040
86011,263.67705560,-32.58166180,5.69,0.045
86019,263.69312910,-11.24199906,5.54,0.013
86032,263.73362733,12.56003477,2.08,0.155
86036,263.74830845,61.87455394,5.23,0.602
86060,263.82708007,-22.04382185,6.47,0.011
86064,263.83293862,-53.35292844,6.09,0.025
86088,263.89582243,-59.84611474,6.26,-0.081
86092,263.91495845,-46.50568390,4.56,-0.020
86096,263.92654292,37.30159388,6.13,0.978
86098,263.92945147,-37.43987831,6.48,0.006
86118,263.99820238,20.99624157,6.11,0.184
86130,264.03375711,28.18509136,6.40,1.367
86153,264.08924970,27.56663863,6.37,1.586
86170,264.13680401,-38.63530828,4.26,1.075
86178,264.15310895,30.78517879,6.04,0.158
86182,264.15689127,48.58563453,5.35,1.142
86184,264.16642265,69.57073015,6.33,0.596
86201,264.23788371,68.75796966,4.77,0.430
86219,264.28701550,72.45579421,5.87,1.016
86228,264.32971086,-42.99782386,1.86,0.406
86246,264.36215972,-38.06636409,6.26,1.244
86248,264.36380248,-50.05970227,5.89,1.109
86254,264.37956096,24.30999148,5.76,0.114
86263,264.39667273,-15.39855727,3.54,0.262
86266,264.40085392,-15.57103812,5.94,0.357
86284,264.46130363,-8.11877079,4.58,0.132
86305,264.52298502,-54.50043372,5.25,0.195
86311,264.53517355,-42.88027455,6.09,-0.057
86313,264.53960169,-10.92626776,5.74,1.228
86352,264.68686681,-21.91265780,6.19,0.827
86373,264.74106380,13.32926157,6.12,0.567
86391,264.78543705,2.02805009,6.25,1.021
86414,264.86619338,46.00633181,3.82,-0.179
86462,264.98965927,31.20247020,6.05,1.599
86476,265.04976137,-2.15230135,6.08,1.608
86486,265.09927428,-49.41558665,4.76,0.415
86501,265.15649969,43.47066567,6.36,1.199
86506,265.17161265,31.28747821,6.30,1.075
86510,265.18542717,-67.85417212,6.48,0.999
86527,265.24394238,-32.21446427,6.01,1.673
86537,265.27285741,24.51325425,6.37,1.204
86546,265.29580087,15.17837608,6.34,0.040
86552,265.31767035,-46.92182983,5.78,-0.004
86561,265.34074301,51.81818181,6.00,1.068
86565,265.35363893,-12.87530690,4.24,0.086
86575,265.38467899,6.31315640,5.97,1.271
86614,265.48482361,72.14884347,4.57,0.434
86620,265.49210415,72.15691089,5.81,0.530
86623,265.49430835,15.95242979,5.54,0.387
86628,265.51508198,-50.51070344,6.28,1.661
86667,265.61817479,24.56405767,5.56,1.436
86670,265.62197877,-39.02998302,2.39,-0.171
86698,265.71290950,-36.94556454,5.53,1.553
86713,265.77310913,44.08431988,6.38,1.521
86716,265.77859389,-33.05128876,6.44,1.813
86725,265.82378544,-27.88398099,6.40,0.438
86731,265.83985043,24.32782154,5.73,0.683
86732,265.84175891,14.29516793,6.22,0.426
86736,265.85747282,-21.68319399,4.86,0.469
86742,265.86813797,4.56730281,2.76,1.168
86768,265.94591893,-7.07960774,6.30,0.324
86769,265.95170594,-13.50869879,6.36,0.384
86782,265.99656754,53.80171508,5.75,0.017
86796,266.03626186,-51.83405301,5.12,0.694
86809,266.07186020,14.41006672,6.18,0.211
86831,266.14205297,2.57944066,6.16,0.131
86847,266.17504125,-42.72930245,5.87,0.163
86871,266.23276494,-57.54553992,5.97,0.912
86925,266.41764406,31.50467835,6.22,0.008
86929,266.43328040,-64.72387151,3.61,1.161
86974,266.61469538,27.72067625,3.42,0.750
87042,266.78038644,-38.11216419,6.41,-0.020
87044,266.78352570,17.69701358,5.61,0.036
87045,266.78347514,47.61223903,6.47,0.095
87072,266.89010281,-27.83078848,4.53,0.600
87073,266.89617277,-40.12699753,2.99,0.509
87074,266.90324690,-14.72582391,5.93,0.009
87099,266.94000363,-22.47779075,6.18,1.446
87108,266.97316882,2.70727617,3.75,0.043
87150,267.08434336,3.80421463,6.22,0.135
87158,267.10320059,20.56544091,5.69,0.938
87163,267.11598414,-26.97494496,6.31,0.094
87174,267.15859178,-55.40174260,6.09,0.283
87192,267.19947245,19.25501658,6.13,0.024
87194,267.20477802,25.62286856,5.09,1.141
87212,267.26785817,50.78107501,5.02,0.043
87220,267.29365086,-31.70320353,4.79,-0.028
87224,267.32934750,1.96141350,6.44,1.236
87234,267.36263926,76.96288070,5.02,0.518
87261,267.46450837,-37.04330355,3.19,1.192
87264,267.47089178,-61.71470449,6.41,-0.049
87293,267.54212635,78.30653919,6.25,1.452
87294,267.54630323,-40.09043487,4.78,0.259
87308,267.59538584,29.32214306,5.51,1.071
87314,267.61830293,-53.61240615,5.68,-0.099
87335,267.68168282,11.94654823,6.19,1.247
87341,267.70159529,22.31633026,6.14,0.242
87379,267.79602574,-53.13026872,6.09,0.010
87390,267.88555638,-40.77246136,5.94,1.572
87393,267.89779830,-60.16405623,5.78,1.008
87404,267.93566835,-45.60070634,6.09,0.949
87427,267.99358621,15.32637195,6.43,0.997
87428,267.99769162,-1.23680557,6.33,1.126
87434,268.00378941,46.64357422,6.37,1.060
87445,268.01966812,39.98208914,6.01,1.341
87460,268.05692273,-34.79919658,5.88,-0.111
87472,268.08234203,-34.41684225,5.84,1.129
87491,268.14768396,1.30501357,5.91,1.573
87495,268.16126426,-6.14357743,6.18,1.250
87516,268.20509803,-34.11483283,6.05,1.241
87523,268.21909826,-41.99652236,6.19,0.523
87532,268.24002050,-35.62431442,6.03,0.342
87540,268.26474505,-10.89956225,6.17,1.110
87558,268.30910396,6.10142410,5.77,0.425
87563,268.32511583,40.00795947,5.17,1.166
87564,268.32577365,-65.48860065,6.48,1.086
87567,268.33158266,-34.73081198,6.14,-0.041
87569,268.34780142,-34.89512471,5.58,1.098
87585,268.38220612,56.87264281,3.73,1.177
87616,268.47822244,-34.75272128,6.00,-0.060
87624,268.49223516,-34.83105344,6.41,0.000
87655,268.55902980,11.13055793,6.24,0.474
87670,268.61132240,75.17130760,6.39,0.972
87671,268.61300905,-34.46672230,6.10,0.055
87706,268.72518115,-24.88709503,6.18,0.001
87722,268.78346306,-36.47564545,6.05,0.074
87728,268.79647083,72.00512678,5.43,0.340
87744,268.84856184,55.97139383,6.09,0.316
87747,268.85495395,26.04999056,5.47,0.341
87777,268.96171036,22.46422072,5.62,1.249
87782,268.97904030,-18.80215434,6.48,0.056
87808,269.06325226,37.25053918,3.86,1.350
87812,269.07667017,0.67035484,5.82,0.058
87813,269.07931436,-15.81252155,5.93,0.024
87822,269.10123473,-65.72173872,6.36,0.451
87833,269.15154113,51.48889499,2.24,1.521
87836,269.17433372,-28.06539356,5.76,0.207
87846,269.19759598,-44.34224611,4.85,1.176
87847,269.19893740,-4.08182342,5.44,1.162
87850,269.20219745,45.35085080,6.22,1.453
87865,269.23293655,-40.30564324,6.46,1.411
87866,269.23323379,6.48773000,6.28,-0.015
87875,269.26797863,0.06666488,5.95,0.110
87895,269.30969056,23.99588915,6.32,0.642
87910,269.36243365,11.04454283,6.33,0.130
87926,269.42368755,-76.17794935,6.08,1.205
87928,269.42806425,-56.89625181,6.26,-0.066
87933,269.44119041,29.24787975,3.70,0.935
87936,269.44918828,-41.71629522,4.88,1.617
87948,269.49079674,-39.13652327,6.28,0.007
87998,269.62562250,30.18927677,4.41,0.380
88012,269.66270708,-28.75908869,5.99,-0.077
88020,269.67634161,36.28779659,6.03,0.949
88030,269.71794332,45.47622047,6.48,-0.064
88038,269.73203372,-36.85837571,5.74,0.915
88048,269.75663119,-9.77363197,3.32,0.987
88060,269.77200606,-30.25302496,5.00,1.654
88101,269.90318038,-4.82112631,5.86,1.561
88116,269.94813871,-23.81613352,4.74,-0.030
88122,269.98419337,45.50137788,5.69,1.562
88125,270.00033842,-20.33954854,6.22,1.405
88127,270.01478663,80.00084124,6.11,0.521
88128,270.01423371,16.75091902,4.67,1.254
88136,270.03843468,80.00409540,5.74,0.516
88148,270.06530564,0.62948298,6.36,0.160
88149,270.06582758,4.36861526,4.79,-0.100
88172,270.11523897,19.50578559,6.42,-0.054
88175,270.12087728,-3.69026911,4.62,0.390
88190,270.15156083,33.21368189,6.01,1.516
88192,270.16131566,2.93156761,3.93,0.029
88213,270.22024566,6.26829452,6.36,-0.104
88217,270.23863058,15.09355031,6.28,0.747
88258,270.34633902,-17.15686846,6.27,1.763
88267,270.37669860,21.59578242,4.26,0.406
88274,270.39240785,-85.21482799,6.45,0.437
88277,270.39959810,33.31126567,6.18,1.549
88290,270.43832718,1.30507628,4.42,0.046
88294,270.45124338,-36.37786379,6.30,-0.016
88298,270.47658613,-22.78029782,5.72,-0.030
88331,270.59603555,20.83363158,5.25,-0.100
88346,270.62563907,22.92322960,6.22,-0.092
88380,270.71290967,-24.28246777,5.37,0.495
88404,270.77049855,-8.18034926,4.77,0.410
88415,270.78705317,48.46426912,6.26,0.037
88429,270.81067774,19.61315693,6.41,0.017
88469,270.96852033,-24.36073005,5.89,0.031
88522,271.15565485,1.91899191,6.14,-0.056
88528,271.16753666,23.94199931,6.34,0.306
88550,271.20991532,-35.90144187,5.98,1.160
88565,271.25332835,41.94628993,6.38,0.287
88567,271.25510506,-29.58008740,4.66,0.774
88599,271.36189781,-81.48656831,6.37,1.528
88601,271.36368986,2.50009948,4.03,0.860
88604,271.37557048,21.64662392,6.18,1.241
88635,271.45202872,-30.42409129,2.98,0.981
88636,271.45671308,32.23067361,5.72,1.179
88657,271.50791797,22.21887928,4.96,1.656
88670,271.53083141,-8.32395567,5.84,0.184
88671,271.53094999,-0.44612840,6.32,1.014
88675,271.53840038,-51.74390516,6.46,0.172
88684,271.56332124,-4.75125187,5.74,0.968
88694,271.59883028,-36.01978856,5.94,0.615
88714,271.65779638,-50.09147713,3.65,-0.101
88726,271.70788400,-43.42521622,4.92,0.255
88732,271.72282107,50.82282283,6.31,1.051
88745,271.75641339,30.56213958,5.05,0.528
88754,271.77622869,49.71044096,6.32,-0.020
88760,271.79730443,-21.44393769,6.22,0.102
88765,271.82650050,8.73386711,4.64,0.951
88771,271.83743427,9.56384719,3.71,0.159
88788,271.86974981,43.46189150,5.00,0.913
88794,271.88562777,28.76248850,3.84,-0.018
88815,271.95151359,-64.55017695,6.40,1.266
88816,271.95141919,-17.15415938,5.52,1.132
88817,271.95625976,26.09733957,5.79,0.127
88818,271.95650511,26.10128037,5.83,0.158
88836,272.00932674,36.40126403,5.49,1.161
88839,272.02074765,-28.45709305,4.55,0.938
88859,272.12545087,-45.76701508,6.13,-0.082
88862,272.14056590,14.28471620,6.34,0.181
88866,272.14505748,-63.66855312,4.33,0.228
88876,272.16077532,-21.44956220,6.42,0.755
88886,272.18954555,20.81455696,4.37,-0.164
88899,272.22026490,20.04523266,5.10,0.176
88929,272.29263233,30.46953083,6.36,1.194
88964,272.39122230,3.99327568,5.71,0.363
88972,272.40590190,38.45777703,6.38,0.876
88981,272.43074957,-13.93443533,6.38,1.428
89000,272.47505626,3.11982653,5.67,0.490
89006,272.48984222,-59.04018206,6.38,1.553
89008,272.49581593,36.46628393,5.57,0.915
89010,272.49984627,-32.71963550,6.39,1.025
89020,272.52422487,-30.72866608,5.53,0.979
89023,272.53636508,16.47658958,6.09,0.574
89042,272.60901275,-62.00219747,5.47,0.592
89047,272.63183454,54.28655223,5.97,0.943
89065,272.66791585,3.32425557,5.50,1.204
89086,272.73061324,-33.80006993,6.13,-0.137
89096,272.76835359,-47.51312078,6.07,1.193
89099,272.77317266,-41.35911328,5.86,0.295
89104,272.77980938,60.40953215,6.50,-0.002
89112,272.80734401,-45.95441760,4.52,1.009
89114,272.81160304,-19.84195760,6.33,0.158
89115,272.81584098,-75.89150994,5.86,1.253
89153,272.93055404,-23.70123522,4.96,1.055
89156,272.93800435,33.44705699,5.98,0.045
89172,272.97565405,31.40534967,4.96,1.643
89234,273.14188349,-73.67241705,5.86,0.464
89246,273.17756257,41.14683977,6.36,1.038
89279,273.27007829,38.77349296,6.04,-0.057
89290,273.30290464,-41.33611092,5.47,-0.155
89298,273.31902719,21.88033217,6.14,1.472
89341,273.44087411,-21.05883369,3.84,0.195
89347,273.46758631,2.39346509,6.43,1.545
89348,273.47430483,64.39728696,4.99,0.440
89369,273.56625310,-21.71316395,5.49,1.528
89370,273.56800471,-63.68968195,6.47,1.414
89439,273.80378041,-20.72826976,5.29,0.007
89440,273.80404553,-20.38797398,5.96,-0.023
89448,273.82115232,68.75580995,5.96,1.055
89470,273.87818324,-18.66157700,6.05,0.165
89474,273.88526506,45.20931782,6.30,0.641
89482,273.91157110,42.15934543,5.56,-0.111
89487,273.91923801,-63.05536625,5.58,0.944
89507,273.97270789,-44.20646066,5.45,0.962
89512,273.99137582,-3.61799215,6.35,0.201
89527,274.02321534,2.37751657,6.10,1.550
89587,274.22125595,-3.00740078,5.99,0.890
89597,274.25383038,-51.06827072,6.06,-0.046
89604,274.27839069,40.93672682,6.12,0.977
89605,274.28138278,-56.02335150,5.36,-0.050
89609,274.29845051,-17.37388635,5.81,1.569
89620,274.34896884,-28.28897492,6.36,0.536
89622,274.35036001,-28.65206487,6.18,0.184
89623,274.35067183,-9.75857789,6.29,0.382
89637,274.40102243,-34.10725780,6.03,-0.096
89642,274.40681271,-36.76168598,3.10,1.582
89674,274.50398930,-68.22925744,6.32,-0.026
89677,274.51226067,13.77703793,6.29,-0.040
89678,274.51329535,-27.04264123,4.66,1.629
89683,274.53220671,23.29690666,6.45,1.698
89684,274.53213930,18.13169063,6.24,-0.004
89726,274.66732222,-42.28839915,6.30,-0.144
89772,274.78973574,7.25976665,5.41,1.084
89773,274.79449984,24.44605934,5.30,1.508
89805,274.91720823,-63.88656225,6.17,0.584
89826,274.96545650,36.06454739,4.33,1.162
89827,274.96695739,29.66639209,6.01,1.319
89835,274.98358988,51.34782271,6.30,1.112
89851,275.03663632,-15.83169702,5.39,1.473
89861,275.07464419,21.96129679,4.92,1.594
89908,275.18929342,71.33781433,4.22,-0.093
89918,275.21692964,3.37716521,4.85,0.911
89920,275.22994853,-37.48764837,6.46,1.315
89925,275.23737456,29.85892536,5.61,0.231
89931,275.24850731,-29.82810326,2.72,1.380
89935,275.25425094,28.86995380,5.12,0.212
89937,275.26409444,72.73284302,3.55,0.489
89943,275.27978120,49.72546565,6.39,1.086
89962,275.32750318,-2.89882514,3.23,0.941
89968,275.34577818,-18.85999940,5.76,0.670
89977,275.36833705,5.43572594,6.14,-0.048
89980,275.38069585,-24.91527631,6.19,1.823
89981,275.38609675,49.12159355,5.02,1.619
90012,275.50057316,-28.42996242,6.15,0.264
90023,275.53625244,23.28517650,5.41,1.633
90037,275.57738554,-38.65689372,5.09,1.498
90052,275.64716049,12.02967984,5.99,0.056
90067,275.70433390,17.82661627,5.25,1.250
90074,275.72115312,-36.66955566,5.33,-0.121
90083,275.75878981,-10.21898337,6.32,0.130
90086,275.76220697,16.68799992,6.22,1.216
90096,275.80067769,-12.01475532,5.71,0.006
90098,275.80675509,-61.49390093,4.35,1.462
90124,275.87011093,-36.23798706,5.52,1.015
90133,275.90186840,-75.04427681,5.47,0.043
90135,275.91493522,-8.93438329,4.66,0.932
90139,275.92453998,21.76975206,3.85,1.168
90146,275.94990785,53.30083726,6.35,0.168
90156,275.97752727,58.80073609,4.98,0.082
90163,275.98866809,38.73920989,6.41,1.429
90174,276.01495021,-3.58315689,6.36,0.351
90182,276.03862855,83.17539965,6.16,0.051
90185,276.04299301,-34.38461611,1.79,-0.031
90191,276.05744020,39.50723875,5.11,0.047
90200,276.07600721,-44.11025611,5.24,-0.163
90223,276.13807504,-49.65287881,6.45,0.593
90238,276.17553477,-7.07593618,6.28,1.161
90253,276.23836955,-1.57941314,6.15,0.381
90256,276.24358943,27.39478346,6.27,0.053
90260,276.25594139,-30.75657007,5.58,1.138
90289,276.33766953,-20.54167899,4.81,1.310
90290,276.34030441,-35.99202540,6.14,1.006
90304,276.38179177,-63.02153413,6.13,0.202
90313,276.41166181,8.03200644,5.64,0.884
90336,276.47752185,-33.94571807,6.30,-0.075
90337,276.48012407,14.96623192,6.37,-0.037
90342,276.49494677,29.82893016,5.81,0.068
90344,276.49640884,65.56348048,4.82,1.179
90398,276.67053452,26.44921618,6.50,-0.107
90414,276.72505131,-48.11724265,5.44,0.855
90422,276.74340114,-45.96845881,3.49,-0.179
90437,276.78693856,-8.04040647,6.50,1.054
90441,276.80211842,0.19610846,5.20,0.487
90476,276.92560569,59.54911205,6.43,0.979
90478,276.93231127,-26.63484494,6.31,0.263
90485,276.95618242,-29.81686531,5.90,0.517
90487,276.95966971,3.74857003,6.07,1.610
90494,276.98533224,-17.80035682,6.19,0.003
90496,276.99266896,-25.42170011,2.82,1.025
90497,276.99488760,6.19410386,5.71,-0.034
90509,277.02676982,-84.38725572,6.49,-0.035
90510,277.02569254,-26.75724542,6.28,0.157
90541,277.11297411,-38.99567078,5.63,0.140
90568,277.20774480,-49.07058791,4.10,0.995
90595,277.29939072,-14.56581345,4.67,0.076
90597,277.30363685,-43.84593881,6.36,0.904
90606,277.33308605,-80.23270815,5.95,1.173
90637,277.39879341,23.86620171,5.87,-0.096
90642,277.42074924,-1.98530781,5.38,0.961
90647,277.43736664,77.54706794,5.65,1.192
90651,277.44483355,-14.58198661,6.02,0.006
90662,277.48309536,-47.22054578,5.69,1.258
90664,277.48640952,-57.52314333,5.74,0.987
90687,277.54943281,-18.72879424,5.63,1.057
90692,277.55956762,-5.72416925,6.27,0.953
90729,277.67354767,20.81504607,6.49,0.795
90759,277.76228739,-41.91383371,6.02,0.138
90762,277.76853518,16.92855586,5.76,0.053
90763,277.77018410,-32.98911449,5.37,0.182
90797,277.84343892,-62.27830197,4.63,-0.116
90804,277.85705763,-10.79583621,5.77,0.379
90806,277.85956845,-18.40269750,5.12,0.016
90830,277.93930374,-45.91481360,4.92,-0.101
90842,277.98426257,-43.50738268,5.71,1.322
90844,277.98747679,-1.00297739,5.93,0.170
90853,278.00810572,-45.75738197,5.07,-0.127
90858,278.02870170,3.65960296,6.41,-0.025
90884,278.08606458,-14.64426821,6.36,0.217
90887,278.08887918,-39.70400085,5.16,0.079
90905,278.14384430,57.04559904,4.77,0.611
90913,278.18050965,-14.86566249,5.47,1.998
90915,278.19231394,23.61680115,5.88,1.490
90923,278.20815801,30.55420884,5.47,-0.077
90930,278.23060016,-73.96559585,5.88,0.992
90936,278.25381809,-39.89202173,6.22,0.429
90967,278.34461615,-5.91171780,6.36,0.034
90968,278.34638679,-38.72598555,5.67,-0.060
90969,278.34619792,-38.72003311,6.31,0.020
90971,278.34709376,8.26825117,6.42,-0.044
90981,278.37279752,-58.70878458,6.40,0.688
90982,278.37577390,-42.31250982,4.62,0.994
90991,278.41258553,-14.85361449,5.74,0.043
91004,278.47285769,-24.03228260,5.49,1.795
91013,278.48623142,52.35351687,5.38,1.091
91014,278.49069341,-33.01655982,5.28,-0.115
91062,278.62965965,-52.89152059,6.21,1.254
91090,278.69789178,10.89200993,6.48,0.032
91105,278.75996960,-10.97720631,5.12,0.926
91117,278.80177781,-8.24407292,3.85,1.317
91118,278.80251074,18.20341015,5.79,0.006
91119,278.80626978,34.45802150,6.10,-0.115
91132,278.83887585,-20.84044206,6.49,0.280
91139,278.87665389,23.60553047,5.62,1.015
91142,278.90205692,4.93598855,6.47,0.075
91159,278.97176029,16.97569691,6.21,0.542
91172,278.99851909,-29.69910366,6.36,1.272
91196,279.05530854,65.48871702,6.07,0.279
91217,279.11596832,9.12249123,5.38,0.387
91235,279.15559814,33.46903643,5.41,-0.101
91237,279.16281139,6.67180528,5.43,0.386
91250,279.18978915,43.22181479,6.21,0.251
91262,279.23473511,38.78369180,0.03,-0.001
91279,279.28774758,16.19829486,6.31,0.896
91315,279.38958583,62.52659062,5.74,-0.045
91322,279.39983893,-0.30947231,5.76,0.067
91347,279.47677530,-21.39772463,5.93,0.189
91369,279.51866821,-14.00478101,6.49,0.189
91373,279.52698684,39.66832639,6.02,1.444
91394,279.59916298,-3.19363991,6.49,0.553
91405,279.62797972,-23.50489324,5.78,-0.018
91438,279.72250204,-21.05187112,5.85,0.673
91461,279.80955817,-47.90976745,5.84,0.233
91491,279.88765386,40.93505932,6.25,-0.052
91494,279.89649849,-43.18587823,5.42,1.654
91499,279.90365345,5.26428677,6.36,0.800
91523,279.96498839,7.35859830,6.26,0.962
91525,279.97006026,52.19607551,6.00,-0.067
91532,280.00161599,-7.79079854,5.82,1.536
91533,280.00802013,30.84947078,6.43,0.900
91552,280.05083276,38.36719511,6.45,0.220
91606,280.23504010,62.74946607,6.10,0.978
91662,280.37783672,-48.09468570,6.47,1.220
91675,280.42213124,31.61761211,6.41,-0.047
91677,280.42692102,-14.56424368,6.40,0.757
91689,280.46512462,-23.83342275,6.22,0.231
91707,280.53369591,34.74630688,6.49,-0.116
91723,280.56008818,-81.80811365,6.27,-0.104
91726,280.56844490,-9.05254866,4.70,0.358
91733,280.59427096,-64.64304459,6.35,0.153
91751,280.65048946,-7.07365419,6.13,1.006
91755,280.65813956,55.53945722,5.03,-0.070
91781,280.72958027,-19.28420932,6.32,1.591
91792,280.75890049,-71.42811340,4.01,1.134
91811,280.79313898,70.79284868,6.28,1.234
91820,280.81904390,39.30006652,6.45,1.590
91843,280.87088954,53.87176702,6.18,0.094
91845,280.88021980,-8.27521484,4.88,1.112
91852,280.90045733,36.55660485,6.04,1.040
91854,280.90557710,-64.55142496,5.76,0.967
91875,280.94559142,-38.32344141,5.11,0.075
91880,280.96347591,-6.81811875,6.30,0.479
91883,280.96496500,31.92661292,5.68,0.360
91901,281.03312012,-36.71833556,6.31,0.980
91915,281.07610606,61.04814351,6.02,0.967
91918,281.08066825,-35.64198667,4.86,-0.168
91919,281.08477214,39.67012325,4.67,0.170
91926,281.09491775,39.61272155,4.59,0.180
91958,281.16790068,23.58988330,6.30,0.437
91971,281.19315590,37.60511483,4.34,0.192
91973,281.20084994,37.59461485,5.73,0.285
91974,281.20667656,-25.01091405,5.82,0.033
91975,281.20807543,2.06003827,5.02,-0.055
91985,281.23083372,54.89718409,6.26,0.839
91989,281.23815163,-39.68618821,5.40,0.850
92008,281.29803202,-61.09519603,6.04,1.484
92016,281.32774229,-21.00161534,6.35,0.458
92021,281.34950755,-56.88197011,6.22,1.385
92024,281.36208778,-64.87125918,4.78,0.199
92027,281.36818747,5.50012777,5.82,0.041
92040,281.40876034,79.94267297,6.40,0.296
92041,281.41411035,-26.99077831,3.17,-0.107
92043,281.41552259,20.54630774,4.19,0.483
92056,281.44486480,74.08555278,5.25,0.953
92072,281.48331550,-50.87271485,6.24,-0.080
92079,281.50477894,-19.60635680,6.34,1.578
92088,281.51866789,26.66212983,4.83,1.199
92098,281.55420622,41.44181038,6.06,-0.120
92111,281.58586941,-22.39217610,5.37,1.591
92112,281.59264830,75.43396413,5.37,0.049
92117,281.61914325,-0.96169252,5.89,0.131
92131,281.67234106,18.70590702,6.18,1.594
92133,281.67953324,52.98796032,5.91,-0.096
92136,281.68051807,-10.12504804,5.69,0.584
92161,281.75530740,18.18151894,4.34,0.148
92175,281.79363678,-4.74786733,4.22,1.087
92202,281.87062597,-5.70514696,5.38,1.280
92226,281.93591010,-40.40616681,5.20,0.781
92233,281.95471191,-77.86824922,6.39,0.593
92243,281.98905422,31.75683527,6.06,-0.139
92254,282.01110591,4.24142206,6.20,1.509
92269,282.06697799,48.76755638,6.12,0.225
92270,282.06834467,23.51474861,6.19,0.492
92294,282.15793838,-65.07767952,5.71,0.268
92296,282.16455179,-6.00431147,6.49,0.242
92301,282.18921735,-18.60114984,6.46,0.902
92308,282.21037591,-43.68004746,5.46,0.133
92312,282.22244260,19.32872041,5.89,0.022
92367,282.36393445,-45.81010018,5.80,0.891
92382,282.39581578,-43.43410181,5.60,-0.077
92386,282.40496919,0.83619735,6.24,0.041
92390,282.41710936,-20.32465604,5.22,1.404
92391,282.42064683,-5.91286256,5.99,1.568
92394,282.43200184,-72.99572253,6.04,0.033
92398,282.44130836,32.81282037,5.93,-0.154
92405,282.47048652,32.55105772,5.22,0.100
92420,282.51997782,33.36266704,3.52,0.003
92456,282.62987458,-13.57226220,6.48,1.662
92475,282.68979802,10.97639233,6.37,1.443
92480,282.71037823,-22.16219033,6.29,0.390
92487,282.74437907,-41.06268705,6.50,-0.075
92488,282.74378665,-9.77409554,5.82,0.594
92512,282.80039775,59.38835076,4.63,1.185
92524,282.84232321,-3.31785655,6.08,0.299
92549,282.89557639,52.97511698,5.51,0.843
92550,282.89954712,28.78367076,6.22,1.183
92551,282.90215490,36.53909179,6.10,-0.100
92593,283.00801506,13.96564709,6.19,-0.008
92599,283.03020703,41.38324365,6.28,-0.083
92608,283.04974405,-41.70919513,6.47,1.426
92609,283.05431199,-62.18759351,4.22,-0.150
92614,283.06845050,21.42514188,5.43,-0.068
92630,283.11346085,-46.59511911,5.51,1.641
92635,283.11797845,-26.65077000,6.28,0.941
92643,283.15435514,-29.37967618,6.12,1.344
92646,283.16517776,-52.10737024,5.18,0.962
92669,283.24958756,-46.58632894,6.17,0.051
92674,283.25753693,-9.57552064,6.27,0.200
92676,283.25977914,-48.36091274,6.17,0.124
92687,283.30000611,-51.93143756,6.30,-0.092
92689,283.30643961,50.70822149,4.92,0.903
92717,283.38840447,75.78737176,6.33,0.021
92728,283.43149845,36.97172123,5.58,-0.138
92731,283.44295777,57.48655746,6.24,1.243
92747,283.50038190,-21.35984509,5.68,1.206
92761,283.54240472,-22.74483405,4.86,1.412
92768,283.55519662,27.90952818,5.64,1.361
92782,283.59939447,71.29719191,4.82,1.151
92791,283.62618249,36.89861310,4.22,1.575
92814,283.67964103,-15.60303588,5.08,0.141
92818,283.68702168,22.64507607,4.57,0.782
92822,283.69635593,48.85940109,5.84,0.452
92824,283.69640025,-87.60584353,5.29,1.304
92831,283.71740476,41.60272255,5.46,1.034
92833,283.71882028,33.96857615,5.99,0.922
92845,283.77975746,-22.67132807,5.00,1.348
92855,283.81635716,-26.29672225,2.05,-0.134
92862,283.83375551,43.94608850,4.08,1.397
92866,283.84815936,-37.38660305,6.48,1.122
92872,283.86435786,6.61528985,5.58,1.041
92882,283.87919129,-16.37663466,5.56,0.445
92931,284.00279892,-23.17375120,5.91,-0.021
92937,284.02550531,18.10540994,5.69,1.092
92946,284.05492660,4.20359514,4.62,0.161
92951,284.06101471,4.20213248,4.98,0.204
92953,284.07062977,-42.71067569,5.35,0.998
92963,284.09441595,-1.79986329,6.20,-0.046
92968,284.10668575,2.47119003,6.14,0.961
92969,284.10716122,65.25808363,5.62,0.938
92972,284.11348673,-31.68902495,6.45,1.223
92989,284.16873801,-37.34324095,5.36,-0.147
92997,284.18771059,57.81485096,5.67,1.155
93012,284.22793345,-62.80190449,6.47,1.535
93015,284.23762024,-67.23349464,4.40,0.530
93017,284.25671025,32.90127358,5.20,0.594
93026,284.26529065,-5.84631367,4.83,1.057
93049,284.30962988,-43.91701238,6.27,-0.073
93051,284.31912766,2.53534635,5.56,0.004
93053,284.32226323,62.39677326,6.50,0.927
93057,284.33531954,-20.65634594,5.02,0.137
93068,284.36866456,58.22502594,6.47,0.072
93074,284.39331104,-39.82319527,6.29,0.210
93085,284.43250651,-21.10665430,3.52,1.151
93104,284.50790813,38.26618795,5.89,-0.090
93117,284.54214715,-83.42219838,6.35,-0.033
93124,284.56144737,17.36091207,5.33,0.731
93134,284.58866599,-31.03597464,6.09,1.347
93138,284.59877093,6.23992879,6.22,0.478
93140,284.60345941,-22.52949297,6.14,0.087
93148,284.61569332,-52.93862889,4.85,-0.051
93163,284.65186652,-60.20054967,5.14,1.355
93174,284.68073845,-37.10735700,4.83,0.396
93177,284.69411666,40.67919422,6.20,-0.146
93179,284.69551707,13.90664775,5.91,0.251
93194,284.73592771,32.68955742,3.25,-0.049
93197,284.74748960,50.80914319,6.32,0.979
93203,284.77391889,13.62224491,5.27,0.573
93209,284.79568105,-39.53471237,6.49,-0.040
93210,284.80121666,39.21732126,6.43,-0.168
93225,284.84917453,-12.84051696,5.51,-0.038
93234,284.86157936,-18.56643292,6.37,0.962
93238,284.87195023,-70.46865345,6.49,0.305
93244,284.90565584,15.06829817,4.02,1.082
93256,284.93951837,26.23040450,5.26,1.228
93270,284.99212183,22.81451508,6.28,1.672
93279,285.00344017,32.14551421,4.94,1.465
93287,285.01485245,-66.65361762,5.98,0.977
93299,285.05698909,50.53346650,5.39,-0.182
93315,285.10339362,-24.94217106,6.35,1.253
93340,285.18106248,55.65830155,5.51,0.862
93354,285.23000642,33.80215797,6.04,0.983
93371,285.26790826,-37.06155521,6.44,0.020
93374,285.27264540,19.30960486,6.47,1.114
93393,285.32231951,26.29141121,5.69,-0.086
93408,285.35988044,46.93481248,5.00,0.186
93418,285.38964911,-15.28261742,6.31,0.963
93423,285.40725264,-22.69536448,6.25,1.647
93429,285.42011337,-5.73911489,4.02,1.079
93437,285.45153868,33.62125740,6.39,-0.117
93443,285.45596261,22.26441245,6.44,0.130
93466,285.52930638,52.26105785,6.35,0.983
93470,285.53550273,-41.91050460,6.21,0.001
93488,285.58986191,8.37353876,6.25,1.648
93498,285.61531735,-24.84682615,5.63,1.232
93506,285.65297476,-29.88010539,2.60,0.062
93523,285.71925407,19.66101056,6.11,1.317
93526,285.72707720,-3.69898666,5.40,-0.005
93537,285.76585450,-19.24568605,5.96,1.158
93542,285.77865180,-42.09510461,4.74,-0.027
93543,285.77915544,-19.10302449,6.37,0.480
93552,285.82373455,-38.25314700,5.73,0.328
93574,285.87353914,-68.75554374,5.89,0.553
93580,285.88438672,1.81876786,5.82,0.182
93624,285.98982982,-51.01860365,5.93,1.236
93629,286.00424137,-57.95996228,6.30,0.857
93666,286.10064735,-5.68484291,6.48,2.300
93667,286.10440461,-31.04707914,5.49,0.026
93683,286.17075720,-21.74149568,3.76,1.012
93713,286.22985643,53.39665426,5.40,-0.014
93717,286.24029862,-4.03142002,5.40,1.120
93718,286.24114646,31.74407174,5.63,1.548
93720,286.24286178,30.73339564,6.07,1.575
93733,286.29099608,49.92316641,6.45,1.348
93747,286.35253418,13.86347817,2.99,0.014
93763,286.42158277,-15.66041861,5.93,-0.015
93770,286.44636731,29.92167409,6.32,1.668
93805,286.56224338,-4.88255421,3.43,-0.096
93815,286.58314114,-52.34091012,5.17,0.532
93825,286.60462682,-37.06343689,4.23,0.523
93843,286.65722711,28.62859481,5.53,0.296
93845,286.65999241,24.25079305,5.78,0.104
93855,286.71715464,-16.22927621,6.00,-0.025
93858,286.71860301,-37.81065842,6.15,0.705
93860,286.72838425,-50.32314427,6.29,-0.057
93862,286.73169353,-48.29914452,5.95,-0.017
93864,286.73503690,-27.67042304,3.32,1.169
93867,286.74417987,11.07122852,5.07,-0.055
93887,286.78469105,-18.73817082,6.28,-0.044
93903,286.82553765,36.10015714,5.25,-0.109
93917,286.85658637,32.50173824,5.20,0.367
93925,286.87850533,-28.63680026,6.05,1.579
93966,286.98884126,16.85338506,6.08,0.705
93975,287.01467897,21.69892749,6.22,0.434
93993,287.06067811,-24.65736915,6.30,0.011
93996,287.06959389,-19.29028892,5.56,-0.087
94005,287.08737435,-40.49670284,4.57,1.070
94013,287.10745233,52.42573068,5.88,1.086
94054,287.21802872,-55.72042538,6.44,1.101
94068,287.24963402,6.07320675,5.23,0.346
94083,287.29115861,76.56050217,5.11,0.308
94114,287.36809043,-37.90447444,4.11,0.042
94130,287.41564863,-39.82723779,6.44,1.064
94140,287.44086275,65.97851322,6.26,0.008
94141,287.44097099,-21.02361486,2.88,0.377
94144,287.45061293,-19.80365715,6.11,1.156
94149,287.46497690,-0.42811360,6.34,-0.042
94150,287.47028378,-68.42444775,5.31,0.901
94157,287.49022434,-41.89225602,5.86,-0.080
94160,287.50732036,-39.34079617,4.10,1.163
94243,287.75794270,-39.00470516,6.34,0.006
94272,287.82839419,-29.50229283,6.28,-0.031
94280,287.84650803,40.42909535,6.20,0.093
94290,287.87909667,26.73587128,6.35,0.444
94302,287.91905142,56.85921261,5.13,1.008
94311,287.94170374,31.28345592,5.93,-0.062
94336,288.02095855,49.85575554,5.85,0.666
94372,288.11682994,-21.65838194,6.39,1.129
94376,288.13875006,67.66154129,3.07,0.990
94382,288.15305625,21.55457205,6.02,0.069
94385,288.16962975,-7.93951793,5.35,0.094
94398,288.19224316,-50.48641972,6.12,0.954
94434,288.30695130,-25.90678623,5.79,1.387
94437,288.31468051,-12.28258372,5.51,1.442
94477,288.42792870,2.29370743,5.14,-0.071
94478,288.43344324,5.51560520,6.47,0.100
94481,288.43953147,39.14596820,4.43,-0.150
94490,288.47977509,57.70510165,5.00,1.156
94556,288.66483987,-45.19352706,5.91,0.902
94598,288.76121283,20.20312303,6.03,0.895
94604,288.78321910,83.46274647,6.50,0.108
94620,288.82234138,21.23211845,5.65,0.121
94623,288.82990232,50.07112747,6.27,0.930
94624,288.83370972,15.08365149,5.58,1.067
94630,288.85358237,30.52638144,5.88,1.665
94643,288.88511604,-25.25668251,4.86,0.569
94645,288.88844912,-24.17935216,6.25,0.548
94646,288.88901424,18.51635254,6.46,1.743
94648,288.88773438,73.35546795,4.45,1.257
94685,288.99787489,27.92630191,6.18,0.634
94703,289.05433347,21.39042789,4.76,-0.058
94712,289.09059277,-45.46603326,5.38,1.349
94713,289.09206275,38.13373077,4.35,1.258
94720,289.11161726,14.54461562,5.65,-0.020
94724,289.11921672,-69.19082473,6.25,0.193
94727,289.12929845,4.83479546,5.59,0.101
94755,289.21410874,46.99910245,6.02,0.479
94770,289.25216826,-65.22770243,6.42,-0.046
94779,289.27570325,53.36845943,3.80,0.950
94789,289.30097111,-66.66104808,5.52,0.170
94820,289.40866411,-18.95290801,4.88,1.013
94827,289.43181758,23.02554007,5.46,0.020
94833,289.45077379,2.03172727,6.19,0.019
94834,289.45416076,11.59542193,5.28,0.196
94858,289.54075407,-53.38708624,6.36,0.505
94885,289.63539751,1.08512891,5.10,1.143
94890,289.65779752,49.56945616,6.32,1.123
94910,289.70170030,19.61047673,6.50,-0.006
94913,289.71226605,0.33902377,6.40,1.050
94916,289.71980525,9.61807056,6.31,1.065
94929,289.75040207,-15.53656959,6.09,1.420
94932,289.75480228,37.44534620,6.25,0.012
94974,289.90182551,54.37598755,6.23,0.030
94981,289.91249053,37.33053955,6.29,0.676
94982,289.91395036,12.37467975,5.53,0.265
94986,289.91664181,-35.42145195,5.59,-0.122
95002,289.97110710,11.53496455,6.03,0.087
95038,290.06681226,57.64512944,5.91,1.626
95066,290.13710279,-5.41576593,4.98,0.937
95067,290.13773093,35.18595746,6.30,-0.092
95073,290.14869363,-0.89216101,5.46,-0.041
95077,290.15895532,-22.40253523,5.59,0.276
95081,290.16704983,65.71453144,4.60,0.033
95149,290.37398269,-34.98348752,6.48,0.628
95154,290.39798513,76.55959573,6.22,2.673
95159,290.40463467,-19.23444570,6.25,-0.091
95167,290.41797710,79.60282962,6.06,0.072
95168,290.41816155,-17.84719749,3.92,0.228
95176,290.43176295,-15.95501757,4.52,0.079
95188,290.46206487,-18.30838831,5.84,1.062
95211,290.53969737,-42.01602651,6.33,1.129
95222,290.58977124,-0.25234460,5.81,1.093
95235,290.63897109,33.51816281,6.09,1.052
95239,290.65732097,-51.23127592,6.42,0.328
95241,290.65955207,-44.45896465,3.96,-0.085
95253,290.70146216,9.91315017,6.34,0.458
95260,290.71201613,26.26240313,5.22,-0.119
95261,290.71335928,-54.42393063,5.03,0.020
95281,290.76853837,-7.40061532,6.31,1.455
95294,290.80473701,-44.79977847,4.27,0.350
95319,290.89171911,33.22196610,6.37,0.804
95340,290.94554027,20.26435589,6.40,0.013
95347,290.97156872,-40.61593993,3.96,-0.105
95352,290.98542386,43.38817060,5.85,0.924
95369,291.02283651,-68.37108171,6.33,1.238
95370,291.02522798,36.45209370,6.44,1.074
95372,291.03157856,29.62133757,4.99,-0.120
95396,291.08948349,-43.72206339,6.13,1.603
95398,291.09197141,16.93772171,6.27,0.075
95408,291.12574999,-27.86594526,6.03,-0.117
95447,291.24250148,11.94441552,5.17,0.761
95453,291.25638652,-4.88453588,6.50,0.340
95456,291.26684251,-29.30935898,5.91,1.278
95477,291.31871418,-24.50857507,5.02,0.235
95485,291.33997436,-13.89713000,5.72,1.372
95487,291.34329965,20.27172680,6.31,-0.014
95492,291.35732331,24.91277444,6.19,0.528
95498,291.36918107,19.79836536,5.14,0.999
95501,291.37458540,3.11477530,3.36,0.319
95503,291.37358265,-23.96245662,5.45,1.442
95556,291.53802894,36.31789626,5.17,-0.120
95557,291.54600857,-15.05325139,5.71,0.007
95560,291.55519226,20.09773254,5.60,-0.006
95564,291.57981827,-21.77669291,5.57,1.228
95572,291.60056239,13.02380156,5.76,0.456
95576,291.61040394,62.55714473,6.38,1.413
95582,291.61952947,19.89149302,5.84,1.558
95585,291.62953820,0.33857007,4.64,0.576
95619,291.73534181,-29.74322525,5.66,-0.014
95656,291.85815829,52.32043560,5.73,-0.002
95664,291.89128456,14.28248088,6.31,-0.068
95673,291.90164873,37.94119690,6.30,-0.120
95690,291.95048755,-54.32527229,5.70,1.406
95732,292.08665952,2.93003016,5.84,-0.003
95771,292.17637441,24.66490477,4.44,1.502
95785,292.23784620,24.76872270,5.82,1.023
95793,292.25411763,1.95044755,5.79,0.088
95812,292.32511097,0.24607983,6.25,1.317
95818,292.33707540,20.27973657,6.34,-0.097
95820,292.33900329,-7.04408652,6.37,0.870
95822,292.34231135,14.59601906,5.57,1.050
95823,292.34935701,-43.44519498,5.70,0.214
95853,292.42649598,51.72977887,3.76,0.148
95865,292.46744547,-26.98561504,5.46,1.120
95866,292.46921100,-55.44175419,6.14,0.974
95898,292.54389571,2.90407276,6.08,1.820
95929,292.63801035,3.44440344,6.09,-0.019
95932,292.64421619,-55.11005320,6.29,0.450
95937,292.66598928,-2.78888694,5.03,1.770
95947,292.68033578,27.95968112,3.05,1.088
95951,292.68914756,27.96527652,5.12,-0.095
95953,292.69513024,36.22850352,6.26,-0.015
95965,292.72519711,-21.31223743,6.11,0.121
95978,292.75112917,70.98933890,6.06,1.416
95999,292.79570948,-68.43391975,5.98,1.638
96003,292.80647860,55.73183590,6.37,1.123
96014,292.83054813,50.30670588,5.55,1.274
96016,292.84009004,26.61717129,5.89,0.915
96052,292.94300748,34.45296837,4.74,-0.150
96095,293.05832436,-44.54638682,6.48,0.526
96100,293.08996173,69.66117540,4.67,0.786
96141,293.22425881,-53.18561773,5.76,0.300
96164,293.29195674,60.15869068,6.30,1.580
96178,293.34008670,-45.27174848,5.59,-0.020
96198,293.42336159,49.26231871,6.00,1.545
96204,293.44179705,5.46570760,6.35,1.471
96229,293.52230372,7.37894150,4.45,1.176
96234,293.53535663,-40.03463823,5.89,0.105
96258,293.58245908,51.23661978,5.71,0.475
96275,293.64540118,19.77340282,5.00,-0.093
96288,293.67191370,42.41250862,5.34,0.060
96297,293.69312356,63.43417157,6.47,1.326
96302,293.71220307,29.46295440,5.39,0.581
96316,293.75514483,52.50201845,6.39,1.122
96327,293.78023887,-10.56044383,5.12,1.122
96341,293.80411512,-48.09920159,4.88,1.096
96351,293.85471756,2.91360538,6.37,0.414
96356,293.87418865,-7.46028271,6.32,1.124
96365,293.88941383,-12.25311452,6.27,1.089
96387,293.95126783,36.94453909,6.03,-0.080
96396,293.98311029,50.23861799,6.47,1.034
96406,294.00688893,-24.71908146,5.64,0.185
96417,294.03480004,22.58576334,6.33,-0.059
96428,294.06535898,14.39107016,6.37,1.045
96440,294.10864523,-18.85292144,6.13,0.273
96441,294.11056248,50.22110266,4.49,0.395
96459,294.15823770,44.69493598,5.17,0.928
96465,294.17680514,-24.88362300,4.59,-0.075
96468,294.18032351,-1.28660090,4.36,-0.079
96481,294.21855197,11.27320595,5.98,0.881
96483,294.22270556,-7.02747723,4.93,-0.046
96496,294.26392119,-18.23105210,5.66,1.237
96503,294.29007706,29.33369995,6.43,-0.087
96516,294.32247373,16.46280251,5.67,1.007
96536,294.39339105,-14.30180083,5.46,0.501
96546,294.42006631,35.02253634,6.44,1.559
96556,294.44715718,-4.64763991,5.45,0.429
96572,294.48630655,49.28441612,6.47,0.990
96601,294.57412494,20.78339098,6.50,1.037
96607,294.60814221,-57.98334080,6.19,0.973
96620,294.67159857,54.97379334,5.89,0.482
96630,294.70413169,3.38152240,6.36,0.001
96665,294.79850601,5.39777322,5.18,-0.001
96683,294.84419004,30.15332117,4.68,0.971
96688,294.85556750,16.57112068,6.37,1.918
96693,294.86035556,42.81827784,5.41,-0.063
96706,294.89390296,45.95743919,6.25,0.931
96721,294.92407152,-45.27855036,6.24,0.293
96724,294.93717331,33.97893809,6.10,0.094
96729,294.95608571,-23.42770034,6.33,0.034
96734,294.96742646,-66.68550546,6.37,0.037
96757,295.02413251,18.01389046,4.39,0.777
96760,295.02985753,-23.42908567,5.97,1.038
96771,295.05498337,60.50711413,6.49,0.212
96781,295.07799922,-54.41779042,6.24,1.001
96805,295.17145843,43.07782424,6.17,1.561
96807,295.18050094,-0.62123323,5.64,0.123
96808,295.18076475,-16.29326756,5.30,1.109
96825,295.20909781,45.52494199,5.06,0.426
96837,295.26224687,17.47604116,4.39,1.041
96840,295.27303453,13.81568165,5.98,-0.078
96856,295.31103837,22.45277294,6.43,1.481
96882,295.40526854,-65.85441376,6.08,1.556
96895,295.45397281,50.52506025,5.99,0.643
96901,295.46654989,50.51752315,6.25,0.661
96907,295.49006714,40.25414411,6.22,0.182
96917,295.51218096,-9.19365434,6.31,1.341
96919,295.51728364,55.46322165,6.42,1.453
96931,295.55338690,12.19326116,6.33,-0.077
96950,295.62972399,-16.12399635,5.06,0.319
96957,295.64170549,11.82658290,5.28,0.575
96977,295.68585840,32.42674142,5.93,0.118
97028,295.78998861,30.67789084,6.08,0.003
97029,295.79486090,38.67171358,6.37,1.220
97033,295.81007878,58.01661701,6.29,0.590
97063,295.88970937,-15.47010548,5.49,0.460
97067,295.90674094,-37.53876491,6.14,0.019
97070,295.91456809,57.04271345,6.28,0.887
97077,295.92885488,25.77192859,5.50,0.939
97081,295.93790338,41.77310845,5.86,1.598
97087,295.96438137,34.16272423,6.04,-0.071
97091,295.98322558,27.13539795,6.27,1.015
97118,296.06918701,37.35435508,4.89,0.948
97122,296.07673388,69.33706468,5.90,0.072
97139,296.14246519,13.30278286,6.25,-0.041
97142,296.15905443,34.41416402,6.39,1.521
97144,296.17207041,8.72653779,6.43,0.940
97151,296.20433516,40.71680336,6.36,1.561
97165,296.24365768,45.13080969,2.86,-0.002
97228,296.41522421,36.09102257,6.38,-0.049
97229,296.41644774,7.61315808,5.89,0.180
97242,296.46398344,35.01275146,6.14,1.070
97244,296.46763366,-2.88345291,6.47,0.016
97260,296.50507059,-31.90857140,5.51,0.024
97278,296.56491454,10.61326120,2.72,1.507
97290,296.59058063,-19.76111311,4.87,1.061
97295,296.60666696,33.72759764,5.00,0.476
97307,296.64587460,32.88859061,6.18,1.172
97326,296.68612148,68.43799797,6.34,0.309
97365,296.84692668,18.53428610,3.68,1.313
97372,296.86178117,47.90756363,6.14,1.640
97376,296.86574821,38.40761389,5.83,-0.087
97402,296.95225356,25.38405839,6.00,0.993
97421,297.00499561,-56.36261151,5.33,0.196
97423,297.01260101,-13.70361559,6.11,0.193
97433,297.04313380,70.26793017,3.84,0.888
97454,297.12713978,10.69409983,6.44,0.932
97473,297.17523982,11.81589634,5.75,0.546
97484,297.20905135,-12.31942086,6.47,1.676
97485,297.21082453,33.43728331,6.42,0.129
97491,297.22953644,-52.88810861,6.27,1.131
97496,297.24441613,19.14204240,5.01,0.095
97499,297.25918329,-10.87076339,6.00,1.233
97515,297.29837213,-28.78897239,6.04,0.403
97534,297.35544280,-72.50337842,5.39,0.234
97538,297.36460135,38.71014945,6.12,0.906
97569,297.47257631,-66.81306908,6.44,1.482
97572,297.47800207,28.43967456,6.45,-0.104
97573,297.48254917,27.08518216,6.46,0.937
97598,297.55858176,-47.55739190,5.91,1.678
97607,297.57283046,7.90241863,6.49,-0.086
97611,297.59065153,-61.06111976,6.21,-0.135
97630,297.64164960,38.72241938,5.18,1.665
97634,297.65553123,40.59975936,5.68,-0.058
97635,297.65718237,52.98800132,5.03,1.286
97646,297.68667960,-59.19366683,5.41,0.082
97649,297.69582916,8.86832198,0.76,0.221
97650,297.69493251,-10.76351163,5.38,0.402
97651,297.69530426,37.82632451,6.13,1.626
97674,297.75514720,-65.60508713,6.04,0.317
97675,297.75684431,10.41572697,5.12,0.563
97679,297.76711829,22.61004629,4.90,-0.153
97687,297.79624039,-2.46098974,6.12,1.573
97697,297.82388182,9.62988731,6.25,0.102
97700,297.83074699,47.37723639,6.22,0.398
97709,297.86182934,4.08863179,6.47,1.345
97749,297.96085286,-39.87436734,5.32,-0.045
97757,297.99612216,47.02733897,5.60,-0.078
97765,298.00664168,24.99216201,5.54,0.680
97767,298.01432400,11.62832861,6.16,0.642
97774,298.02985867,47.93179472,5.91,-0.174
97783,298.05001477,-19.04499128,5.88,0.979
97789,298.06839215,36.43229510,6.13,1.434
97796,298.09068734,18.67187484,6.24,-0.031
97804,298.11819944,1.00566053,3.87,0.630
97816,298.15717895,-54.97102580,5.76,0.915
97819,298.16299785,-54.97644385,6.50,0.100
97845,298.25519243,47.80771985,6.30,-0.126
97849,298.27660580,-14.60320288,6.47,0.149
97870,298.32240570,57.52348186,5.14,-0.125
97871,298.32806575,-3.11446372,5.63,0.231
97886,298.36539742,24.07961388,4.57,-0.047
97892,298.39761548,59.70866003,6.06,0.033
97928,298.53448838,-8.57421100,5.76,1.664
97938,298.56200660,8.46145271,4.71,1.023
97944,298.57393992,-23.94107069,6.22,1.017
97961,298.62948485,24.31938849,5.56,-0.018
97966,298.65688499,-8.22728863,5.70,-0.079
97967,298.65859499,-8.23704770,6.49,-0.040
97970,298.66750161,7.14035302,6.14,0.043
97971,298.66850503,-61.17079225,6.21,0.163
97980,298.68665422,0.27362751,5.60,0.098
97985,298.70104514,36.99567607,5.79,0.773
98012,298.77126314,-33.04625192,6.47,1.487
98032,298.81540582,-41.86828808,4.12,1.063
98036,298.82830569,6.40676347,3.71,0.855
98038,298.83124976,-6.73478046,6.49,0.391
98044,298.84194198,58.25019340,6.10,1.021
98055,298.90744681,52.43894787,4.91,0.124
98066,298.95982398,-26.29950635,4.70,0.748
98068,298.96567625,38.48670538,4.95,-0.086
98073,298.98074231,58.84596912,4.98,1.584
98085,299.00526654,16.63479915,5.71,0.903
98086,299.00707619,-81.34984034,6.39,1.402
98103,299.05938319,11.42372089,5.28,0.014
98110,299.07654970,35.08342371,3.89,1.019
98111,299.07938293,56.68701679,6.16,0.090
98143,299.18393249,36.25059884,6.03,-0.140
98146,299.18821957,50.90252275,6.46,0.003
98162,299.23679661,-27.16989884,4.54,1.462
98174,299.27629174,-58.90135155,5.24,0.014
98194,299.30778315,40.36782391,5.46,-0.090
98234,299.43935674,16.78916315,5.54,-0.048
98253,299.48380892,42.26077061,6.44,0.095
98258,299.48762968,-15.49149020,5.01,0.055
98308,299.61974476,63.53413486,6.15,0.035
98320,299.64315376,38.10569305,6.33,-0.090
98325,299.65825586,30.98366542,5.51,-0.060
98332,299.67204736,-69.16395702,5.74,0.224
98333,299.67438836,70.36694868,6.32,0.868
98337,299.68928113,19.49214775,3.51,1.571
98346,299.72077107,-68.76258359,6.38,0.164
98351,299.73511050,-30.53838367,6.27,1.051
98353,299.73832815,-26.19576726,4.84,0.882
98375,299.79390784,23.10128127,5.68,0.345
98379,299.81394433,52.05569154,6.14,-0.183
98383,299.83510276,45.77254100,5.92,0.185
98385,299.84434873,1.37769620,6.17,1.129
98401,299.90261210,76.48139243,6.20,1.610
98412,299.93407757,-35.27630546,4.37,-0.150
98416,299.94726369,-9.95823773,5.87,0.598
98421,299.96398797,-34.69779905,5.30,0.170
98425,299.97998104,37.04288544,5.15,-0.133
98438,300.01378502,17.51651107,5.33,1.576
98458,300.06399712,26.18788734,6.49,1.132
98461,300.06638742,-37.70171949,5.95,0.989
98470,300.08437729,-33.70345186,5.65,0.498
98478,300.09625434,-66.94935994,5.75,1.033
98482,300.10553624,-49.35094647,6.18,1.056
98485,300.11035607,-43.04330157,6.11,1.634
98495,300.14813841,-72.91050366,3.97,-0.032
98512,300.20136014,-45.11291835,5.80,0.295
98526,300.24574019,8.55773487,5.90,1.529
98543,300.27520144,27.75357306,4.66,0.184
98563,300.31378295,37.09899659,6.23,1.314
98571,300.33984712,50.10469490,5.06,1.122
98575,300.34936428,-22.73730718,6.01,0.981
98579,300.36158298,-40.81433634,6.31,0.113
98583,300.36893940,64.82097431,5.22,1.598
98608,300.43643688,-59.37589340,4.95,1.356
98609,300.43629598,24.80042345,5.88,-0.134
98624,300.46858915,-66.94396609,5.32,1.218
98633,300.49416893,-13.63721711,5.69,0.079
98636,300.50596562,24.93804313,5.23,0.374
98658,300.58423712,64.63441896,6.27,0.927
98661,300.59209484,22.15145853,6.50,0.127
98688,300.66450229,-27.70984484,4.43,1.640
98701,300.70339103,31.95883164,6.39,1.205
98702,300.70446942,67.87356490,4.51,1.313
98738,300.81833240,18.50099282,5.99,1.420
98754,300.87506577,16.03125458,5.73,-0.095
98761,300.88941349,-37.94069870,4.77,1.417
98767,300.90585631,29.89680555,5.73,0.749
98772,300.91165830,22.94105806,6.45,1.028
98785,300.93462457,-22.59559514,6.44,0.503
98819,301.02593601,17.07017322,5.80,0.600
98823,301.03464661,7.27796579,5.51,1.063
98842,301.08163574,-32.05629561,4.99,1.208
98844,301.09646574,-0.70930860,5.67,1.301
98858,301.11998377,48.22966450,6.16,0.037
98863,301.15072827,32.21859764,5.62,0.760
98872,301.18549469,63.89020753,6.24,0.100
98890,301.22247382,68.02715906,6.32,1.649
98910,301.27256149,-11.59941345,6.38,0.543
98915,301.27815581,51.83939777,6.14,1.601
98920,301.28955674,19.99107063,5.09,1.058
98921,301.29076331,38.47845693,6.18,0.654
98946,301.33959451,56.34142167,6.19,0.437
98954,301.36061161,15.50041202,6.37,1.615
98959,301.38651908,-67.32089702,6.07,0.648
98962,301.38699570,61.99541982,5.40,1.191
99024,301.55093453,-4.07820969,6.47,1.156
99026,301.55769149,53.16568776,5.81,0.445
99031,301.59069831,35.97246811,5.38,0.850
99080,301.72253149,23.61442518,5.08,-0.162
99120,301.84648453,-52.88079300,4.93,1.591
99137,301.89621435,-55.01601227,6.26,0.530
99145,301.92267301,34.42290550,6.12,0.117
99158,301.95986536,9.39983270,6.43,0.463
99171,302.00759586,-0.67818539,5.97,1.023
99176,302.02709353,16.66439052,6.39,1.720
99188,302.03978941,-52.57779536,6.47,0.682
99200,302.08527880,-66.35469144,6.45,1.587
99221,302.13029874,-10.06259469,6.18,0.031
99234,302.15949784,10.72586680,6.34,-0.136
99240,302.18170154,-66.18206819,3.55,0.751
99255,302.22227861,77.71141943,4.38,-0.046
99270,302.26603347,-47.06792983,6.46,1.463
99294,302.34315875,56.02682832,6.49,0.938
99303,302.35674599,36.83962153,4.93,-0.139
99404,302.63973680,26.90416876,5.51,0.087
99445,302.76475697,21.13457857,6.24,0.894
99453,302.78094935,-57.52423925,6.36,0.057
99457,302.79198889,-8.84234435,6.39,-0.135
99461,302.79974205,-36.10121213,5.32,0.868
99473,302.82618952,-0.82146099,3.24,-0.066
99479,302.83757135,21.87493674,6.24,-0.048
99500,302.89548025,62.07854220,5.70,0.530
99518,302.94989392,26.80899041,5.51,1.397
99529,302.99124565,-12.39240300,6.34,1.209
99531,303.00292293,26.47880654,5.91,-0.107
99570,303.09934413,-42.78006310,6.20,1.228
99572,303.10779499,-12.61749756,5.84,0.476
99579,303.13215503,51.46356513,6.01,1.139
99585,303.14635176,0.86705415,6.25,0.042
99624,303.26840446,-0.33079593,6.47,1.532
99631,303.30784141,-1.00933927,5.44,1.430
99639,303.32522252,46.81567507,4.80,0.100
99655,303.34943986,56.56772217,4.28,0.114
99663,303.36506529,60.64056887,5.81,1.476
99666,303.38489937,-47.71323383,6.47,1.249
99675,303.40794272,46.74132872,3.80,1.270
99685,303.42838948,43.37901294,6.13,1.489
99719,303.52033185,36.60488078,6.47,-0.014
99738,303.56053824,28.69481733,5.19,0.191
99742,303.56924693,15.19760859,4.94,0.072
99747,303.57928141,-52.44576973,5.65,1.497
99762,303.61210958,-63.41578919,6.09,0.308
99770,303.63347045,36.80630231,4.93,0.151
99824,303.81623086,25.59195704,4.79,-0.181
99825,303.82246194,-27.03297677,5.73,0.878
99841,303.84903774,33.72908383,5.70,0.926
99848,303.86800672,47.71420822,3.96,1.451
99853,303.87599551,23.50890567,5.18,1.016
99870,303.93021208,50.23290294,6.36,0.096
99874,303.94222813,27.81424252,4.50,1.258
99878,303.96086927,-30.00527788,6.30,1.513
99889,304.00256183,45.57952514,5.87,0.447
99893,304.01428997,38.89801170,6.28,0.006
99894,304.02501766,4.58079530,6.44,0.867
99913,304.08244912,21.59870025,6.11,1.039
99918,304.09502295,-12.33711880,6.30,0.005
99920,304.09837862,-36.45357475,6.30,1.467
99929,304.11731099,37.05639513,6.47,-0.097
99951,304.19619100,24.67110166,5.30,0.951
99968,304.23035640,40.36507501,5.27,1.650
100016,304.37107133,42.72205998,6.32,1.632
100017,304.38053244,66.85368726,5.91,0.602
100018,304.38137656,29.14756313,6.24,1.010
100027,304.41195582,-12.50821221,4.30,0.928
100044,304.44667430,38.03293038,4.77,0.377
100062,304.50582282,-21.80996026,5.86,1.002
100064,304.51356413,-12.54485184,3.58,0.883
100069,304.52911700,40.73208230,5.83,0.073
100097,304.60312616,55.39709469,5.76,0.118
100108,304.61939765,36.99980266,5.58,0.056
100122,304.66279134,34.98277505,5.14,0.660
100142,304.70695188,46.32219427,6.46,-0.123
100151,304.73323712,-47.71077411,6.28,1.657
100155,304.73974008,39.00418378,6.35,1.871
100165,304.76249684,-63.23074386,6.27,1.045
100184,304.82437494,-47.58028898,6.13,0.469
100195,304.84835064,-19.11853329,5.28,1.394
100208,304.87206846,13.21676606,6.20,1.648
100221,304.90299439,62.25747223,5.71,-0.043
100232,304.93026978,-1.07851382,6.05,1.093
100250,304.98350942,46.83731943,6.49,-0.084
100256,305.00079007,13.54809129,5.96,0.299
100261,305.02505368,68.88031746,5.59,1.472
100268,305.06341019,39.40322633,6.22,0.060
100274,305.08551681,14.56925716,6.17,0.926
100276,305.08919406,17.79292755,5.82,1.500
100295,305.12766920,53.59568492,6.23,1.547
100300,305.13465073,-55.05088213,6.27,1.617
100310,305.16590060,-12.75907959,4.77,-0.047
100325,305.19395168,-14.78489237,6.09,-0.016
100332,305.21623681,-35.67367618,6.46,1.311
100345,305.25281519,-14.78136716,3.05,0.790
100357,305.29802056,63.98012256,5.69,1.561
100379,305.36772470,-66.74968976,6.49,0.505
100412,305.42097647,-49.99941597,6.26,0.549
100434,305.51273730,41.13213708,6.38,1.016
100435,305.51429481,24.44609928,5.50,-0.090
100437,305.52236511,45.79499386,5.58,1.077
100453,305.55709120,40.25667924,2.23,0.673
100469,305.61460531,-42.04954821,5.60,0.002
100486,305.65544696,31.26496561,6.09,1.363
100501,305.68873297,41.02601218,5.95,1.632
100511,305.71820593,14.55109782,6.16,0.498
100515,305.73138530,42.98354313,6.20,0.957
100524,305.75329642,-9.65471010,6.29,0.913
100541,305.79455687,5.34298725,5.30,0.983
100574,305.93487099,37.47644863,5.87,-0.173
100587,305.96508591,32.19017195,4.43,1.331
100591,305.97157577,-42.42286820,5.64,0.201
100651,306.13485158,53.55193365,6.49,-0.025
100664,306.15624251,1.06840580,6.14,-0.036
100672,306.17398884,1.36856327,6.41,1.605
100697,306.22883364,-83.31061622,6.15,0.203
100714,306.27085575,59.60009758,6.44,0.094
100738,306.36178410,-28.66326948,5.86,1.101
100751,306.41190763,-56.73509010,1.94,-0.118
100754,306.41887268,21.40964167,5.68,0.921
100758,306.42718720,-2.80037756,6.10,1.193
100762,306.43381313,10.05599922,6.32,1.571
100764,306.44969742,-40.79618389,6.08,1.364
100779,306.50486599,19.86549405,6.45,1.037
100781,306.50665726,13.91161251,6.35,1.453
100807,306.59647630,17.31555864,6.23,1.005
100808,306.59780920,56.63869815,6.38,0.018
100852,306.72062259,-37.40290469,6.24,0.961
100859,306.75944773,49.38336663,5.73,0.339
100866,306.78239239,34.32906957,6.39,0.480
100876,306.80912376,20.47648517,6.44,1.030
100881,306.83004095,-18.21172075,5.08,-0.049
100907,306.89274082,38.44033171,5.63,0.072
100953,307.03141542,8.43744785,6.23,1.074
100965,307.06077650,81.42270860,5.38,1.010
100969,307.06996457,2.93716101,6.20,0.899
100977,307.10377211,-3.35779389,6.12,-0.049
101011,307.18162377,-15.74149931,6.41,0.999
101017,307.19473941,-35.59586336,6.09,-0.094
101027,307.21505826,-17.81368690,4.77,0.386
101044,307.26225374,83.62541666,6.19,0.163
101067,307.33496018,36.45472900,5.90,0.407
101076,307.34889835,30.36855505,4.01,0.404
101082,307.36485961,81.09127721,5.96,0.942
101084,307.36296162,56.06819023,5.89,-0.052
101090,307.38058682,-22.39156679,6.13,1.543
101093,307.39535470,62.99410487,4.21,0.199
101101,307.41250268,-2.88553072,4.91,1.160
101123,307.47461485,-18.58317785,5.94,0.062
101133,307.49975977,45.92855630,6.43,1.137
101134,307.50299347,72.53170305,6.23,1.353
101138,307.51475272,48.95156896,4.94,-0.087
101160,307.57484396,10.89592430,6.03,-0.019
101211,307.73668155,-29.11266568,6.35,0.227
101213,307.74231340,20.60614771,6.21,0.138
101214,307.74678903,36.93583923,6.21,0.969
101221,307.76794676,-15.05616815,6.10,0.797
101243,307.82840129,49.22029727,5.44,1.566
101245,307.83812911,52.30952596,6.20,1.018
101260,307.87672152,74.95461939,5.18,0.100
101268,307.90110094,34.33037322,6.47,0.422
101285,307.94376529,56.77985854,6.14,1.431
101300,307.99255832,25.80497753,6.37,0.281
101339,308.08505487,2.13280762,6.47,1.514
101345,308.09873181,-9.85338362,5.66,0.689
101384,308.21815129,-24.94382953,6.35,0.001
101421,308.30321322,11.30326280,4.03,-0.123
101427,308.32351584,-80.96486250,5.76,1.122
101467,308.45230889,41.77265803,6.50,0.994
101474,308.47577758,35.25085182,4.61,1.593
101475,308.47851612,46.69386601,5.78,-0.140
101477,308.47946766,-44.51604811,5.12,0.999
101483,308.48767775,13.02725466,5.39,0.093
101489,308.49968518,4.89866411,6.42,1.016
101505,308.54159647,20.98518518,6.49,-0.138
101507,308.54873942,-13.72109093,6.11,0.543
101552,308.69746104,-30.47347180,6.42,-0.075
101556,308.71001286,51.85422142,6.19,0.318
101558,308.73114955,-38.08989001,6.45,0.264
101570,308.77612918,-71.18877867,6.41,1.305
101589,308.82723064,14.67421328,4.64,0.120
101608,308.88440537,-16.52587898,6.19,0.218
101612,308.89521457,-60.58174925,4.75,0.291
101623,308.94919717,-44.33760597,6.36,0.958
101626,308.96550120,-69.61058591,6.09,1.293
101641,309.03473993,25.88264768,6.40,0.158
101684,309.15974692,-63.12096277,6.34,0.413
101692,309.18180149,-2.54995715,4.91,1.606
101716,309.26947172,26.46194731,5.59,-0.050
101746,309.32658999,0.09697804,6.21,-0.076
101756,309.34826778,38.32866526,6.21,1.011
101765,309.38240908,31.57253981,6.32,-0.089
101769,309.38725441,14.59508707,3.64,0.425
101772,309.39179996,-47.29150180,3.11,0.998
101773,309.39713384,-61.52991842,4.86,0.447
101800,309.45466616,11.37767596,5.42,0.050
101808,309.46761598,-25.10922054,6.38,0.328
101810,309.47803603,18.26857987,6.22,1.162
101843,309.57753033,-81.28906305,5.89,1.692
101847,309.58451101,-1.10512085,4.31,0.949
101867,309.63057872,21.20117361,4.81,-0.030
101868,309.63297767,24.11595846,5.06,-0.133
101870,309.64579597,23.68049438,5.91,0.953
101882,309.68327632,13.31512472,5.69,1.509
101899,309.74798759,30.33426539,5.68,1.088
101900,309.75076037,56.00484997,6.45,0.403
101909,309.77069661,15.83819878,5.99,-0.145
101911,309.77442645,-4.92949397,6.46,1.016
101916,309.78243422,10.08620317,5.07,0.702
101919,309.79436871,21.81744438,6.08,-0.043
101921,309.80521175,-2.41297530,6.23,-0.090
101923,309.81799098,-14.95476011,5.24,-0.129
101936,309.85371476,0.48644465,5.15,1.060
101949,309.88881871,40.57965851,6.07,-0.134
101958,309.90953078,15.91207193,3.77,-0.057
101965,309.96566563,-62.90780205,6.22,1.099
101966,309.96614833,11.24964929,6.39,0.559
101983,310.01099015,-60.54889232,5.11,0.544
101984,310.01226894,-18.13865887,5.15,1.647
101986,310.01316638,43.45887839,5.97,1.186
101997,310.04898235,-23.77386745,6.36,0.719
102011,310.07455756,60.50526451,6.02,0.443
102014,310.08261887,-33.43184305,5.47,1.118
102026,310.13549209,-16.12417969,5.79,0.997
102033,310.15115895,29.80555214,6.02,0.163
102040,310.18808768,19.93553633,6.43,0.611
102057,310.23177083,-42.39668957,6.25,0.934
102066,310.26059195,32.30728720,5.53,0.871
102080,310.31753530,14.58287981,6.01,1.235
102092,310.34857637,-31.59828927,5.75,1.551
102094,310.35109202,-25.99991147,6.29,1.224
102096,310.35277413,-42.13378034,6.28,1.584
102098,310.35797809,45.28033800,1.25,0.092
102155,310.48542073,41.71687469,5.68,-0.107
102157,310.48781757,-66.76068188,5.14,-0.061
102158,310.49235585,17.52148896,6.24,0.942
102162,310.51244652,-76.18059183,5.99,0.450
102177,310.55261583,50.34002969,5.41,-0.107
102208,310.64682456,82.53115853,5.75,0.000
102216,310.66536378,60.60131602,6.17,0.034
102230,310.72066919,-39.55882969,6.30,1.073
102253,310.79591900,66.65744729,5.59,0.218
102258,310.80701292,57.11399646,6.34,0.282
102276,310.85080286,35.58780133,6.48,1.251
102281,310.86472445,15.07458079,4.43,0.302
102333,311.00972399,-51.92097088,4.51,0.278
102358,311.09188031,56.48840467,5.91,1.643
102370,311.13763543,69.75181283,6.50,0.973
102388,311.21877223,25.27061656,4.92,1.183
102395,311.23955989,-66.20321257,3.42,0.163
102414,311.30467084,-27.24728009,6.50,0.946
102422,311.32239594,61.83878197,3.41,0.912
102431,311.33803389,57.57972545,4.52,0.535
102453,311.41564037,30.71971523,4.22,1.051
102485,311.52388737,-25.27089759,4.13,0.426
102487,311.54161838,-21.51403245,5.91,0.066
102488,311.55284473,33.97025610,2.48,1.021
102496,311.57752948,-36.12015184,6.49,0.433
102497,311.58359901,-39.19926251,5.48,-0.078
102499,311.58835329,52.99529733,6.34,1.131
102530,311.66079842,46.53169187,6.30,0.064
102531,311.66193342,16.12413360,5.15,0.495
102532,311.66459285,16.12429621,4.27,1.042
102561,311.76484087,-2.48691184,6.28,1.558
102571,311.79480064,34.37412332,4.93,1.294
102585,311.83653712,45.57993429,6.41,1.606
102589,311.85224078,36.49071665,4.53,-0.083
102599,311.88940388,80.55226181,5.36,1.144
102618,311.91896433,-9.49577573,3.78,0.000
102624,311.93431657,-5.02770084,4.43,1.639
102631,311.94949029,3.30646676,6.38,-0.013
102633,311.95138864,6.00820942,5.57,-0.010
102635,311.95536075,47.83186951,5.60,1.466
102642,311.97067484,52.40716702,6.29,0.883
102670,312.07681120,-44.19683177,6.47,1.161
102693,312.12142535,-43.98854390,5.11,0.361
102712,312.17809651,51.91033100,6.26,-0.071
102724,312.23454559,46.11413444,4.81,0.571
102770,312.32182426,-0.56333670,6.24,1.401
102771,312.32245702,64.04225710,6.45,0.025
102772,312.32339071,-25.78123995,5.86,-0.069
102773,312.32571274,-68.77652131,5.41,1.122
102780,312.33559243,-18.03585479,6.20,1.402
102790,312.37067138,-46.22682618,4.90,1.494
102804,312.40699858,50.12708233,6.50,1.624
102805,312.40736734,12.54512819,6.01,0.420
102819,312.45108331,7.86418501,6.32,0.019
102827,312.47768999,46.66133719,6.33,-0.066
102831,312.49200878,-33.77972227,4.89,1.004
102833,312.49623747,5.54455966,6.20,0.986
102843,312.52054647,44.05930376,5.06,0.198
102891,312.67407316,-12.54490572,5.87,1.075
102901,312.69644888,-32.05460401,6.42,1.513
102916,312.75315928,-37.91333176,5.52,1.380
102945,312.85728466,-5.62663276,5.99,0.464
102949,312.86765821,28.25050536,5.66,0.616
102950,312.87520711,-51.60817895,5.06,1.125
102962,312.91044918,-62.42933515,5.67,0.203
102978,312.95537911,-26.91913259,4.12,1.633
102989,312.99483886,-33.17797395,6.06,0.029
102993,313.00162384,32.84889449,6.42,-0.138
103004,313.03199232,27.09697957,4.56,0.835
103005,313.03622452,-5.50705928,5.55,-0.076
103045,313.16347329,-8.98331781,4.73,0.325
103071,313.25481445,-23.78320285,6.32,0.876
103077,313.27331947,-11.57365896,6.38,0.661
103079,313.28069979,29.64909682,6.36,1.085
103089,313.31147699,44.38726059,4.80,-0.134
103094,313.32735741,45.18167264,5.48,1.088
103103,313.35400218,-30.71895385,6.35,1.100
103127,313.41744070,-39.80986460,5.34,1.318
103145,313.47455043,33.43789124,5.47,1.522
103154,313.49328101,-6.88946139,6.44,0.361
103168,313.52736996,-27.92523936,6.41,1.634
103200,313.64015535,28.05762140,5.03,1.481
103206,313.64628053,-50.72734102,6.23,-0.098
103219,313.68479032,75.92556985,5.99,0.946
103226,313.69923442,-17.92289424,5.78,1.122
103227,313.70251293,-58.45415486,3.67,1.250
103294,313.90287497,13.72153588,5.19,1.119
103298,313.91071599,12.56855815,5.54,0.131
103301,313.91949214,4.53272305,6.04,0.824
103312,313.95751470,47.41765633,5.68,0.408
103346,314.07087563,56.88751879,6.23,-0.172
103359,314.10615482,50.72859808,5.83,0.337
103360,314.10790746,49.19584717,5.92,1.054
103371,314.14490781,44.92472189,5.96,0.020
103389,314.19721695,-26.29637764,5.70,0.507
103401,314.22511578,-9.69754471,5.49,1.474
103413,314.29340932,41.16713558,3.94,0.027
103414,314.29407188,0.46377934,6.06,1.217
103460,314.41935307,-16.03153935,5.89,0.180
103511,314.56812984,22.32590762,5.30,1.419
103519,314.58110293,44.47171065,5.55,0.973
103527,314.60806038,10.83928601,5.51,0.934
103530,314.62514404,50.46179144,5.59,-0.144
103532,314.62897253,41.93992470,6.17,-0.079
103545,314.67433358,-14.48312774,5.95,0.244
103569,314.76865248,4.29348146,5.30,0.464
103571,314.77129385,4.29461035,5.24,0.457
103596,314.85258109,42.32446600,6.47,-0.077
103598,314.85576570,59.43859409,5.54,1.411
103616,314.90057506,-19.03528335,6.26,-0.110
103632,314.95648555,47.52095107,4.74,-0.084
103646,314.99872287,-36.12964091,6.10,0.400
103652,315.01659249,7.51619683,5.98,0.283
103673,315.08950699,-51.26531189,5.76,0.480
103675,315.11536399,19.32958082,5.69,1.588
103682,315.14100039,-4.73026128,6.21,0.635
103693,315.18093121,-53.73907018,6.26,1.563
103703,315.21568896,-17.53089771,6.07,1.267
103732,315.29553186,46.15577322,5.38,-0.206
103734,315.30360148,36.02600968,6.01,0.994
103738,315.32275094,-32.25776727,4.67,0.890
103752,315.36669333,-68.20959307,6.36,0.101
103777,315.43866525,-26.88099350,6.04,0.073
103810,315.53752825,56.66961414,5.83,-0.058
103822,315.58732670,39.50903483,6.50,1.510
103828,315.60083069,44.79098002,6.18,1.687
103836,315.61319927,-38.53097047,5.93,1.106
103871,315.70257767,45.84888991,6.50,-0.124
103882,315.74147434,-38.63144716,5.32,0.424
103889,315.74844423,-0.92474450,6.50,-0.094
103891,315.75747845,14.73002606,6.33,1.680
103892,315.76260018,1.53206149,6.24,0.479
103894,315.77016565,38.65741465,6.10,1.011
103902,315.79245442,-27.73159413,6.25,0.945
103929,315.85870906,50.35191389,6.37,0.986
103949,315.93111103,46.86315005,6.32,0.259
103956,315.94844149,53.28590052,5.93,1.001
103963,315.96723225,41.62817469,6.34,0.390
103981,316.01968615,-5.82306612,5.53,0.683
104019,316.10125178,-19.85499065,4.82,0.169
104031,316.14438334,5.50286154,5.63,1.650
104041,316.17349980,2.94227423,6.41,1.051
104043,316.17943562,-77.02376718,5.13,0.490
104048,316.18906345,2.26977120,6.34,0.965
104060,316.23276153,43.92785207,3.72,1.609
104085,316.30937462,-54.72704162,5.17,1.201
104101,316.36133347,5.95819919,5.94,0.538
104105,316.37193614,78.12639200,5.91,-0.065
104139,316.48678349,-17.23286077,4.08,-0.010
104148,316.50477267,-30.12512049,5.69,1.047
104171,316.59710199,71.43179711,5.88,0.386
104172,316.59783100,26.92436169,6.13,1.026
104174,316.60282392,-32.34161766,5.20,1.104
104177,316.60633400,-41.38596515,5.55,1.350
104185,316.62601840,31.18465680,5.77,0.554
104194,316.65039071,47.64840356,4.56,1.569
104202,316.66600947,3.80311864,6.48,0.880
104214,316.72476209,38.74941468,5.20,1.069
104217,316.73026796,38.74205421,6.05,1.309
104234,316.78194974,-25.00585337,4.49,1.604
104281,316.89017847,15.65865716,6.27,1.008
104296,316.93553225,-45.37946910,6.45,0.245
104297,316.93622872,-17.45590175,6.18,-0.035
104357,317.11724739,6.98935807,6.14,1.669
104364,317.13623583,-63.92826018,5.75,1.180
104365,317.14010247,-21.19366933,5.30,0.000
104371,317.16204126,30.20563746,5.60,-0.048
104382,317.19519016,-88.95649900,5.45,0.283
104440,317.34352743,-73.17296806,5.67,0.590
104441,317.34306361,-36.70593751,6.47,0.520
104452,317.38749532,-20.55666096,6.25,0.385
104459,317.39853222,-11.37169305,4.50,0.926
104481,317.49278233,2.94368130,6.44,0.375
104516,317.56489488,53.56310053,5.75,-0.111
104521,317.58541733,10.13157953,4.70,0.262
104537,317.62898835,47.69222394,6.46,0.007
104538,317.63047600,10.04892167,6.07,0.022
104557,317.69558168,-9.35407378,6.27,1.161
104597,317.83722016,-72.54435275,6.18,1.087
104634,317.92224098,-14.47237764,6.47,0.316
104642,317.95098786,59.98661053,5.64,0.110
104680,318.05713338,-40.26936174,5.83,0.450
104732,318.23410910,30.22691571,3.21,0.990
104738,318.26278733,-39.42492195,5.25,0.460
104750,318.32221811,-27.61933263,5.41,1.425
104752,318.32900845,-36.42352722,5.97,0.967
104755,318.33545629,-70.12626669,5.06,1.578
104756,318.33992986,81.23097162,6.12,0.092
104765,318.36010613,36.63326319,6.07,0.223
104771,318.36994554,15.98239546,6.27,0.238
104788,318.42701209,64.40395199,6.38,0.625
104822,318.54285358,29.90095943,6.18,1.105
104858,318.62006328,10.00698105,4.47,0.529
104872,318.65437474,0.09225651,6.38,1.574
104887,318.69788169,38.04531700,3.74,0.393
104914,318.77758067,-17.34513833,6.05,0.978
104925,318.80995061,-40.50606508,6.20,1.138
104962,318.90490424,47.97399526,6.45,-0.129
104963,318.90791711,-20.65169596,5.17,1.161
104968,318.92688017,77.01229623,5.92,1.531
104974,318.93684412,-15.17150021,5.31,1.639
104978,318.94112702,-53.26308430,5.73,0.191
104980,318.94493820,-36.21070920,6.13,1.380
104987,318.95596530,5.24784463,3.92,0.549
105017,319.07136936,44.23822255,6.36,0.979
105019,319.07406469,-9.21465564,6.45,1.612
105034,319.12341430,42.25178749,6.23,1.251
105046,319.16446272,-1.60775933,6.48,0.981
105064,319.25855312,53.99769339,6.12,0.049
105079,319.30640461,-13.27898904,6.41,0.035
105080,319.30936259,55.79800103,6.00,1.447
105091,319.32829558,58.61148460,6.42,0.194
105101,319.34659734,42.68357256,6.17,-0.094
105102,319.35397027,39.39468139,4.22,0.098
105138,319.47948499,34.89689785,4.41,-0.103
105140,319.48451988,-32.17253927,4.71,0.070
105143,319.48869215,-17.98513800,5.40,-0.118
105148,319.50203643,-64.68158007,6.32,-0.064
105164,319.54613710,-4.51947831,5.83,-0.130
105186,319.61327221,43.94594485,5.04,-0.061
105193,319.63510517,61.18439342,6.43,1.543
105199,319.64488119,62.58557261,2.45,0.257
105224,319.71677406,11.20337297,5.97,1.612
105228,319.72574652,-28.76582054,6.40,0.966
105229,319.73053822,41.04051799,6.15,0.257
105259,319.81536654,58.62350197,5.51,1.114
105268,319.84258352,64.87185522,5.19,-0.045
105269,319.84241762,38.23747347,5.89,0.505
105282,319.86979387,49.51029401,5.75,-0.119
105319,319.96662074,-53.44942748,4.39,0.191
105334,320.03951500,-45.02189265,6.15,2.387
105344,320.05863832,22.02618589,6.29,-0.106
105370,320.13936487,60.75640550,6.11,1.005
105382,320.19017616,-40.80946560,4.80,0.029
105390,320.20855392,32.45222085,6.45,0.802
105406,320.25593329,40.34506651,6.39,0.533
105411,320.26830960,23.85596652,5.58,1.057
105412,320.26799285,-4.56012531,5.87,0.912
105413,320.27010339,7.35450264,5.81,1.663
105425,320.31916929,-49.93824824,6.40,1.327
105432,320.34140964,32.61273332,6.05,0.062
105497,320.50174318,49.38884810,5.68,1.100
105502,320.52166486,19.80450799,4.08,1.108
105515,320.56165090,-16.83454243,4.28,0.888
105558,320.67524201,30.30988234,6.07,1.079
105570,320.72338629,6.81114048,5.16,0.064
105574,320.73439675,-9.31932985,5.99,1.516
105576,320.75206151,-22.66904797,5.63,1.641
105637,320.95161826,37.35148115,6.46,1.472
105646,320.98289979,-25.20248430,6.47,1.123
105652,320.99511423,24.27413557,5.70,0.314
105660,321.03103947,25.31242346,6.20,0.026
105662,321.03302412,-22.74710087,6.38,1.026
105665,321.03997238,-20.85186872,5.38,1.176
105668,321.04788909,-12.87810842,5.48,0.297
105678,321.06979245,-69.73388190,6.28,2.607
105685,321.08684902,-46.61470654,6.30,0.235
105689,321.09639380,24.52839303,6.35,1.057
105695,321.10235050,10.17425159,6.33,0.474
105696,321.10341334,-41.00669545,5.76,-0.036
105703,321.14168922,26.17456032,5.67,0.323
105727,321.20646634,80.52482631,5.97,0.950
105729,321.21531236,-3.39835724,6.38,0.334
105761,321.30427981,-9.74855197,5.71,0.208
105767,321.32065703,-3.55674744,5.48,1.451
105768,321.32518854,-71.79906071,6.09,1.265
105769,321.33145317,46.71434148,5.59,0.335
105811,321.44593834,36.66738607,5.93,0.033
105819,321.46493394,0.53433969,6.45,0.162
105841,321.56433112,-54.66045955,6.10,0.366
105854,321.59530626,-37.82942941,5.64,1.185
105858,321.61085665,-65.36619828,4.21,0.494
105860,321.61109335,19.37563988,6.08,0.235
105864,321.61688764,1.10335886,6.12,0.481
105881,321.66677526,-22.41133249,3.77,1.002
105891,321.68737477,52.89853709,6.01,-0.109
105898,321.71508879,48.83516845,5.29,0.108
105913,321.75676123,-42.54793048,5.50,0.392
105928,321.81174690,-21.19621026,5.78,1.440
105942,321.83902525,37.11679843,5.30,-0.140
105949,321.85532151,59.75007488,6.11,1.720
105966,321.91690615,27.60859324,5.39,0.049
105972,321.94225926,66.80909577,5.42,-0.099
106003,322.03438025,32.22532973,5.75,0.333
106021,322.10349088,8.19564509,6.39,1.640
106032,322.16498797,70.56071603,3.23,-0.201
106039,322.18083418,-21.80717988,4.50,0.889
106044,322.18718518,-69.50538600,5.47,1.553
106052,322.21974192,55.41870219,6.14,0.100
106062,322.24907528,22.17943574,5.84,1.370
106064,322.24965481,17.90590950,6.42,1.393
106065,322.25060698,-53.70591224,6.39,1.140
106093,322.36229106,46.54058469,5.22,0.965
106103,322.39373579,6.58137853,6.41,1.179
106140,322.48706330,23.63883778,4.52,1.618
106171,322.58470547,52.95799849,6.02,0.080
106227,322.74704869,60.45943210,5.53,0.102
106243,322.79011873,12.13747483,6.10,-0.047
106267,322.86443294,52.61985566,6.17,0.900
106278,322.88972517,-5.57117221,2.90,0.828
106306,322.95896538,23.84517913,6.43,1.064
106320,323.01276940,-84.81006913,6.42,1.405
106327,323.02448364,-41.17931042,5.29,1.109
106340,323.06071250,-33.94462275,5.97,0.051
106363,323.13859429,-24.59041778,6.43,0.200
106393,323.23580021,49.97762947,5.77,-0.042
106419,323.32338330,-52.73777310,6.43,1.481
106420,323.32451891,45.85401404,6.27,1.805
106424,323.33810231,-80.03936157,6.47,0.044
106429,323.34798914,-44.84870017,5.57,1.044
106474,323.47739699,-82.68308442,6.35,0.089
106481,323.49521858,45.59183746,3.98,0.885
106500,323.57148483,-42.92467913,6.32,1.093
106518,323.61443097,51.69846513,6.17,-0.015
106527,323.64156128,22.75452151,6.45,0.513
106544,323.67820366,1.82916134,6.41,1.398
106550,323.69129907,18.32892932,6.47,1.254
106551,323.69401881,38.53405361,4.87,1.085
106559,323.71271277,-20.08427387,5.70,0.423
106564,323.72084127,-29.69611745,6.42,-0.097
106590,323.81648649,-23.45431293,6.39,1.098
106592,323.82341967,-3.98330458,5.79,1.110
106595,323.82965143,28.19760670,6.25,0.357
106604,323.85807410,68.21928969,6.47,-0.083
106605,323.86265166,24.45216063,6.22,0.141
106642,324.01039856,45.37459133,5.96,1.341
106643,324.02099025,15.08199348,6.50,0.940
106654,324.04572526,-26.17151618,5.73,0.234
106661,324.05825860,30.05542160,6.36,1.240
106703,324.20333647,-33.04789644,6.10,0.226
106711,324.23739955,40.41352083,5.04,0.198
106723,324.27012962,-19.46601155,4.51,-0.180
106752,324.36614281,44.69654966,6.19,0.218
106758,324.39066535,-0.39056153,6.22,0.056
106771,324.41170355,54.04219219,6.16,0.991
106783,324.43185560,6.61839107,6.19,0.046
106786,324.43795564,-7.85420152,4.68,0.175
106787,324.43929110,19.31860745,5.46,0.321
106801,324.48010181,62.08193977,4.76,0.246
106818,324.51186775,-64.82416732,6.22,0.021
106856,324.63308249,5.77174242,5.66,0.265
106872,324.68817598,25.49882951,6.18,1.026
106881,324.73490930,-79.44258339,6.17,0.460
106886,324.74007661,57.48903743,5.74,0.200
106897,324.75495361,20.26545080,5.77,0.314
106907,324.77548421,-33.67885564,6.28,0.949
106938,324.86712405,-10.57689625,6.07,1.034
106944,324.88860753,2.24355840,5.10,1.034
106978,324.99882447,-52.35900995,6.20,0.584
106985,325.02273477,-16.66230770,3.69,0.320
106999,325.04628944,43.27383952,5.09,1.601
107030,325.14046294,-55.73797735,6.33,1.060
107041,325.18044761,54.87214956,6.16,1.116
107089,325.36935979,-77.39004641,3.73,1.008
107095,325.38691422,-14.04761057,5.16,0.672
107097,325.39273007,40.80522163,6.07,0.068
107119,325.48039004,71.31141661,4.55,1.108
107128,325.50290314,-23.26285769,5.24,0.991
107129,325.50451659,35.51020044,5.98,2.500
107136,325.52360237,51.18962197,4.69,-0.119
107140,325.53480960,45.76569713,6.11,1.415
107144,325.54213274,1.28525324,5.66,1.446
107151,325.56438144,5.68013739,5.30,1.653
107162,325.59566145,41.07701915,5.73,0.055
107173,325.63732411,10.82431396,6.06,-0.115
107186,325.66171192,49.60025682,6.10,0.993
107188,325.66461320,-18.86632305,4.72,0.868
107197,325.68902946,59.27084435,6.10,1.349
107230,325.76684410,72.32008392,5.18,1.063
107232,325.76832505,-14.39970939,5.88,0.255
107235,325.77696032,41.15497004,5.51,1.615
107238,325.80639163,-19.62096127,6.23,0.269
107253,325.85688615,38.28358862,5.69,-0.010
107259,325.87692018,58.78004608,4.23,2.242
107271,325.91570375,7.52865680,6.47,1.114
107297,325.99211499,22.81528877,6.43,1.295
107299,325.99595993,-57.32524669,6.49,0.484
107302,326.00402165,-14.74937044,5.96,0.219
107310,326.03574040,28.74263231,4.49,0.512
107315,326.04649214,9.87501126,2.38,1.520
107344,326.12279920,-38.55252982,6.28,1.129
107348,326.12789728,17.35001739,4.34,1.161
107350,326.13054104,14.77193916,5.96,0.587
107354,326.16139335,25.64503558,4.14,0.425
107374,326.22199841,62.46056748,5.94,0.312
107380,326.23670806,-33.02578153,4.35,-0.053
107382,326.25106066,-9.08242844,5.10,1.108
107398,326.30166099,52.26757690,6.40,1.901
107409,326.32806118,-49.49876074,6.46,1.148
107418,326.36218984,61.12080591,4.25,0.474
107423,326.37011949,-71.00884950,6.02,-0.099
107445,326.43547104,35.85731079,6.44,0.997
107472,326.51818465,22.94887978,5.29,1.381
107487,326.56778755,-9.27593512,6.00,1.629
107502,326.59978730,25.56350382,6.28,1.212
107517,326.63374272,-11.36595449,5.57,-0.002
107533,326.69837140,49.30957028,4.23,-0.120
107555,326.75354096,70.15088235,6.45,-0.007
107556,326.76018807,-16.12728595,2.85,0.180
107558,326.76983187,17.19404095,6.18,0.350
107575,326.80817524,2.68612404,5.63,0.012
107586,326.85539952,60.69268916,5.53,1.575
107596,326.90932786,-5.91680167,6.17,0.230
107608,326.93395765,-30.89830426,5.02,0.042
107637,327.03497575,36.58038835,6.25,1.545
107649,327.06563094,-47.30361491,5.57,0.601
107664,327.12233029,38.64857487,6.10,-0.072
107710,327.28372076,66.79203228,6.49,0.391
107723,327.32921446,61.27275985,6.18,1.685
107734,327.36194525,20.46244584,6.27,-0.097
107749,327.41705813,41.14878737,6.48,0.381
107750,327.42090956,-12.72286491,6.31,0.223
107763,327.46122788,30.17421499,5.07,0.010
107773,327.50052280,-64.71253671,5.62,1.018
107788,327.53624892,17.28585144,5.34,0.394
107797,327.55408750,-16.84491360,6.38,1.420
107835,327.69660058,-69.62941608,5.52,1.378
107843,327.72734258,-82.71890420,5.27,0.756
107856,327.77075198,39.53665799,6.20,-0.068
107887,327.89270108,19.82668178,5.78,-0.100
107893,327.90518579,65.75271000,6.37,0.281
107901,327.92394976,-18.62294022,6.19,0.374
107930,328.00434221,55.79674323,5.70,-0.081
107956,328.07576427,21.27316244,6.27,1.601
107975,328.12465440,28.79353840,5.52,0.426
108022,328.26570223,25.92513961,5.09,-0.155
108036,328.32404854,-13.55176811,5.08,0.378
108060,328.40575303,19.66843722,5.69,0.011
108085,328.48218523,-37.36485231,3.00,-0.084
108090,328.49069466,6.86480440,6.14,0.786
108102,328.54321926,-4.27617967,5.71,1.185
108119,328.57257326,19.71812079,6.36,0.938
108133,328.61062868,80.30855916,6.43,1.453
108144,328.64964477,-3.30127216,6.24,0.466
108165,328.72147577,56.61122725,5.74,0.655
108195,328.79747084,-61.88660835,5.92,0.393
108209,328.83581480,61.54180973,6.17,1.599
108226,328.87916270,65.32080861,5.84,-0.037
108259,328.98183285,-30.60592014,6.41,0.927
108268,329.01435360,-52.46375976,6.50,0.925
108281,329.05856406,-57.89959079,6.17,0.215
108294,329.09487430,-37.25365481,5.45,0.084
108296,329.09993527,21.23985839,6.39,1.698
108317,329.16309874,63.62555723,5.11,1.547
108339,329.23488271,12.07649181,5.54,0.054
108347,329.25895493,-37.74684379,6.18,0.321
108364,329.29625258,66.15615341,6.41,-0.056
108420,329.46274343,74.99671409,6.32,1.560
108431,329.47947795,-54.99257552,4.40,0.297
108453,329.55545061,-5.42492176,6.33,0.378
108478,329.62533487,-59.01214043,6.13,0.469
108494,329.68247443,-21.18294469,6.06,1.621
108505,329.72301352,62.69798588,5.96,1.640
108506,329.72910597,-4.37310895,6.24,0.971
108513,329.74871382,19.02030200,6.50,1.013
108535,329.81235875,73.17989570,5.04,0.439
108543,329.82463254,-38.39509568,5.50,0.996
108612,330.03303161,6.71743740,6.00,-0.112
108626,330.10103284,-55.88348660,6.02,-0.061
108632,330.11125016,33.00592788,6.46,0.463
108661,330.20927032,-28.45373653,5.43,-0.095
108691,330.27089665,0.60471529,5.60,1.279
108693,330.27228975,13.11982345,5.61,0.336
108699,330.28847931,8.25716451,5.65,1.440
108758,330.46078218,52.88225277,5.79,-0.106
108759,330.46923067,-77.66254412,6.39,0.231
108766,330.50572728,10.97380607,6.36,-0.104
108772,330.51905044,58.00036655,5.55,0.017
108784,330.54939450,-17.90347423,6.28,1.002
108797,330.60937019,-16.96483607,6.39,0.447
108845,330.73608443,44.64986302,5.57,-0.029
108849,330.76587415,-76.11842744,5.94,0.399
108868,330.81858052,-6.52240596,5.55,0.959
108870,330.84023615,-56.78597558,4.69,1.056
108874,330.82851720,-2.15536296,4.74,-0.100
108875,330.82930031,11.38655209,5.83,-0.050
108917,330.94772431,64.62797127,4.26,0.379
108924,330.97073901,63.11992053,5.26,1.557
108952,331.09931735,-29.91652967,6.45,1.603
108969,331.14382475,32.94174432,6.36,1.121
108975,331.15319610,-26.82235879,5.97,-0.167
108991,331.19759232,-0.90634341,5.29,0.231
109005,331.25207425,62.78567143,5.27,1.413
109009,331.26443174,14.81591837,6.38,1.523
109017,331.28662119,62.27981369,5.07,0.240
109023,331.29722504,26.67368931,5.75,1.249
109033,331.31875191,46.74483562,6.16,1.611
109056,331.39447779,28.96398081,5.69,-0.048
109068,331.41979781,5.05853048,4.86,1.443
109074,331.44598220,-0.31985070,2.95,0.969
109079,331.46020228,45.11250393,6.50,-0.025
109081,331.46256902,-59.63607191,5.62,1.468
109082,331.46341031,48.23149405,6.26,-0.088
109102,331.50813416,45.01434833,5.09,1.568
109111,331.52868903,-39.54335326,4.47,1.349
109121,331.55110516,45.24868969,6.19,0.078
109124,331.55652665,56.34339609,6.38,-0.091
109139,331.60929021,-13.86967906,4.29,-0.075
109176,331.75277532,25.34511155,3.77,0.435
109190,331.79014258,58.84071819,6.34,0.877
109205,331.85660775,53.30743760,6.17,0.389
109209,331.86913669,19.47552571,5.74,0.331
109212,331.87486074,18.00070910,6.31,1.605
109240,331.95960134,21.70292564,5.79,-0.077
109268,332.05827280,-46.96097543,1.73,-0.070
109272,332.06785606,49.79699022,6.41,1.579
109276,332.07182946,25.54352207,6.08,0.311
109285,332.09587026,-32.98846846,4.50,0.054
109289,332.10805122,-34.04384111,4.99,1.499
109303,332.17007514,45.74225438,6.11,0.763
109306,332.17768408,-33.12569074,6.37,0.205
109332,332.24579476,-18.51959165,5.80,-0.154
109352,332.30680750,33.17233752,5.58,0.985
109375,332.37066553,-23.65910869,6.36,0.921
109400,332.45179660,72.34120687,4.79,0.919
109404,332.48209025,-34.01496677,5.37,0.241
109408,332.49116860,-48.10766097,6.43,1.380
109410,332.49685019,33.17822387,4.28,0.471
109412,332.50063615,-28.29243476,6.44,0.147
109422,332.53658393,-32.54840680,4.94,0.489
109427,332.54993837,6.19786491,3.52,0.086
109434,332.56374828,72.11126508,6.36,-0.053
109439,332.57925620,19.61633908,6.18,0.688
109442,332.58795028,-3.89408564,6.28,-0.006
109445,332.59181773,14.62985763,6.36,1.080
109458,332.62576244,20.97798440,6.45,0.099
109466,332.64060971,-4.26685544,5.98,0.981
109471,332.65596853,11.62453953,5.78,1.617
109472,332.65617610,-11.56493952,5.43,-0.117
109474,332.66162940,70.13257265,5.52,0.391
109492,332.71365289,58.20126083,3.39,1.558
109493,332.71544901,30.55300123,6.30,0.227
109509,332.75992368,-21.23279005,6.10,0.503
109521,332.79122113,50.82339282,5.38,0.152
109556,332.87740018,59.41448763,5.05,0.192
109572,332.95319831,56.83935728,5.24,0.534
109577,332.96387934,16.04055086,5.93,0.951
109584,332.97910405,-76.11602340,6.13,1.001
109585,332.98704278,59.08457916,6.29,1.123
109592,333.00839859,60.75909505,5.37,1.184
109602,333.03372554,24.95064120,5.97,1.500
109620,333.09354262,63.29103525,5.76,1.645
109624,333.10732259,-14.19395687,6.04,0.386
109647,333.18278916,-4.72067921,6.39,0.498
109654,333.19926981,34.60459203,5.34,1.134
109659,333.21986129,73.30719319,6.11,1.006
109667,333.23951733,-26.32779341,6.19,0.169
109691,333.29173390,18.27981240,6.50,1.374
109693,333.29423117,86.10795472,5.27,-0.030
109730,333.41124738,28.60801711,5.87,1.169
109737,333.43513855,-25.18090505,5.58,0.497
109745,333.45516707,45.44061303,5.53,0.021
109746,333.45709844,63.16233747,6.13,-0.089
109754,333.46970840,39.71492708,4.50,1.385
109786,333.57513369,-21.07456625,5.33,0.812
109788,333.57667049,17.18934403,6.50,1.288
109789,333.57813081,-27.76690756,5.45,-0.121
109821,333.66105306,-41.38166606,6.23,0.648
109831,333.68487880,42.95391034,5.72,0.014
109857,333.75912456,57.04358673,4.18,0.278
109902,333.89599184,-44.45149941,6.10,0.988
109908,333.90383575,-41.34670059,4.79,0.790
109937,333.99240257,37.74873668,4.14,1.447
109939,333.99928421,8.54957393,6.21,0.019
109972,334.11068187,57.22023845,5.88,0.950
109973,334.11065824,-41.62722507,5.11,0.930
109977,334.12352800,27.80402984,6.38,0.982
109984,334.14022882,-1.59638949,6.16,0.194
109990,334.15609871,-25.89816248,6.14,1.110
110000,334.20018595,-12.83143618,5.34,1.132
110003,334.20848509,-7.78329031,4.17,0.979
110009,334.21902457,-9.04006677,5.80,1.158
110018,334.24932028,-23.14024704,6.17,1.051
110023,334.27708210,-5.38716410,5.75,0.878
110055,334.36801475,49.12695728,6.46,1.046
110078,334.46081338,-77.51155332,5.49,0.312
110091,334.51780229,-0.23765570,6.39,0.441
110103,334.55270577,62.80438774,5.75,1.256
110109,334.56506336,-53.62707350,5.36,0.614
110130,334.62539235,-60.25958759,2.87,1.390
110171,334.73419808,37.76928632,6.19,0.270
110179,334.75308343,-13.30499496,5.96,1.075
110256,335.00699236,-80.43974699,5.09,1.276
110273,335.04965231,-7.82110201,5.35,-0.048
110298,335.11490360,5.78949798,5.37,-0.037
110311,335.15114050,-57.50978334,6.41,1.404
110314,335.16154044,58.40990447,6.46,0.990
110316,335.16466901,50.98081444,6.40,1.195
110341,335.23249389,8.18674192,6.18,0.451
110346,335.25023824,26.93516248,6.46,1.526
110351,335.25644466,46.53656951,4.55,-0.100
110371,335.33057976,28.33052953,4.78,-0.010
110386,335.37947921,12.20518609,4.82,-0.132
110391,335.39820144,-21.59822990,5.12,1.057
110395,335.41406405,-1.38733152,3.86,-0.057
110408,335.46196452,42.07815599,6.38,-0.086
110478,335.68418885,-45.94794381,6.42,2.231
110487,335.70950785,36.65904665,6.45,1.052
110497,335.75078252,57.28461231,6.18,-0.112
110498,335.75217544,62.41935732,6.04,0.035
110504,335.77923470,55.96322996,6.44,2.215
110506,335.78327857,-45.92848794,5.62,0.372
110529,335.87853554,-24.76266115,5.53,0.979
110532,335.88396380,-7.19442118,5.92,0.998
110538,335.89009791,52.22904653,4.42,1.015
110548,335.91485311,20.84822961,6.20,0.518
110566,335.97604980,38.57361186,6.18,0.485
110578,336.02868366,-4.83701991,5.79,-0.033
110602,336.11275166,-13.52936898,5.76,0.970
110609,336.12912965,49.47639255,4.55,0.092
110618,336.15368188,-72.25541209,5.28,0.660
110649,336.23496035,-57.79741534,5.31,0.665
110668,336.29418278,-70.43162205,5.78,0.396
110672,336.31926326,1.37740059,4.80,-0.171
110696,336.41958070,18.44431582,6.26,1.201
110712,336.46315746,-75.01568892,6.12,0.599
110725,336.50340751,70.77089840,5.47,1.216
110746,336.54459888,-23.68244725,6.29,-0.021
110778,336.64281397,-16.74213796,5.55,0.618
110785,336.65577291,4.39376620,5.76,0.519
110787,336.67668342,78.78585295,5.83,0.171
110790,336.68982453,37.44370612,6.46,-0.132
110817,336.77212619,65.13226983,5.52,0.302
110838,336.83319902,-64.96635445,4.51,-0.029
110849,336.86041179,39.81002573,6.16,-0.136
110873,336.94273000,31.84004456,6.00,1.442
110882,336.96467618,4.69566364,4.78,1.039
110907,337.04635466,27.01880571,6.48,0.986
110919,337.08120618,64.08515527,6.30,1.113
110935,337.15696604,-67.48905907,5.56,0.208
110936,337.16337454,-39.13179163,5.47,0.959
110960,337.20796732,-0.01997197,3.65,0.406
110986,337.28326255,9.12903410,5.60,1.578
110988,337.28853555,58.40410007,6.31,-0.033
110991,337.29277618,58.41519853,4.07,0.778
110992,337.29261484,26.76319850,5.79,1.252
110997,337.31739450,-43.49556461,3.97,1.022
111022,337.38259256,47.70688669,4.34,1.679
111043,337.43930587,-43.74922369,4.12,1.570
111045,337.44174625,-27.10728417,5.95,0.362
111056,337.47074424,78.82428466,5.45,0.093
111062,337.49140602,4.43169004,5.51,0.385
111066,337.50618103,-12.91511650,6.41,0.356
111068,337.50755880,32.57263835,5.64,-0.031
111072,337.52709917,49.35641201,6.41,1.166
111086,337.57229435,-14.58573452,6.36,-0.047
111104,337.62191650,43.12337585,4.52,-0.086
111123,337.66173361,-10.67795002,4.82,-0.053
111138,337.72405224,-26.07375241,6.43,1.083
111169,337.82292092,50.28249144,3.76,0.031
111170,337.82630090,-6.55515137,6.15,0.565
111171,337.82674772,-2.91127595,6.15,1.083
111188,337.87637809,-32.34607343,4.29,0.011
111191,337.89312961,29.54275828,6.33,0.209
111196,337.90631532,-85.96725319,5.76,1.020
111200,337.92216838,-10.90556123,6.39,0.290
111242,338.06760858,76.22644130,5.70,0.020
111247,338.07798865,54.03703240,6.41,1.043
111259,338.10990871,39.77973355,5.88,0.166
111278,338.14783853,20.23001898,6.43,0.350
111296,338.19545129,15.86326352,6.35,1.190
111310,338.25026381,-61.98212195,4.91,1.612
111314,338.26214376,69.91354534,6.01,0.334
111325,338.32012170,70.37371392,6.26,0.018
111362,338.41937473,56.62473707,5.72,0.966
111394,338.51213358,-1.57426985,5.88,0.977
111449,338.67348716,-20.70821576,5.21,0.446
111497,338.83908579,-0.11749758,4.04,-0.083
111504,338.86051990,-78.77158500,6.15,1.368
111515,338.90156579,-23.99109409,5.97,0.984
111532,338.94223205,73.64318817,5.08,0.395
111539,338.95334889,-17.46042383,6.39,1.420
111543,338.96664084,56.07057427,6.37,0.107
111546,338.96785542,39.63433069,5.73,-0.160
111548,338.97054817,-57.88375251,6.22,0.212
111550,338.97242674,50.07078789,6.29,-0.071
111567,339.03292412,35.57750362,6.11,0.997
111594,339.12211550,-40.58268877,6.28,0.119
111600,339.14767144,-31.66378886,5.82,1.074
111601,339.15137569,11.69663632,6.42,0.027
111627,339.20284187,35.65241861,6.28,1.392
111643,339.24522754,-40.59103440,5.85,0.060
111649,339.27020135,12.57681558,6.30,1.431
111660,339.30402597,75.37181088,5.80,1.594
111674,339.34340696,51.54512282,4.64,0.254
111710,339.43908758,-4.22805572,5.04,1.140
111753,339.57250672,45.18293527,6.38,0.771
111761,339.59226465,-7.89756288,6.23,0.783
111795,339.65801295,56.79563166,5.11,1.537
111797,339.66272116,63.58447203,5.19,0.083
111801,339.68612956,-28.74821394,6.46,1.034
111809,339.71444358,-33.08134754,5.66,0.037
111810,339.71912555,19.52226280,5.84,0.922
111841,339.81532792,39.05026916,4.89,-0.207
111869,339.89305256,37.59281679,6.03,0.854
111879,339.93409858,-28.32566059,6.30,1.006
111884,339.94588160,19.68112502,6.33,0.035
111925,340.07669670,53.84592759,5.94,0.946
111934,340.09294428,-30.65887086,5.88,1.297
111944,340.12857952,44.27630499,4.50,1.318
111954,340.16391659,-27.04361694,4.18,-0.105
111965,340.19980793,-3.55423908,6.32,0.520
111967,340.20382572,-57.42232207,5.98,1.450
111974,340.21950989,14.54916061,5.72,0.723
112029,340.36550330,10.83136442,3.41,-0.086
112031,340.36937888,40.22544880,5.25,-0.137
112032,340.38045085,30.96586152,6.36,1.579
112041,340.40021569,41.54912344,5.93,0.998
112051,340.43920158,29.30764069,4.80,-0.013
112067,340.48939852,14.51639289,5.92,1.114
112078,340.52510876,-5.10196839,6.28,1.569
112098,340.58670365,53.90874803,6.14,1.634
112102,340.59202947,-29.36104588,6.12,1.522
112117,340.65367718,-47.21081334,5.99,0.584
112122,340.66687781,-46.88457690,2.07,1.610
112127,340.67950596,-44.24803605,6.06,0.956
112144,340.73102807,37.80273460,6.43,-0.119
112158,340.75057261,30.22124520,2.93,0.852
112168,340.76422684,-8.31144068,6.45,0.166
112170,340.76799633,47.16875483,6.39,0.450
112179,340.80942891,-6.96293696,6.40,-0.039
112203,340.87490273,-41.41434678,4.84,1.027
112211,340.89680500,-18.83037526,4.68,1.358
112241,341.02174163,39.46534838,5.93,1.490
112242,341.02282912,41.81923470,5.11,0.960
112259,341.06866187,-60.49961811,6.29,0.568
112300,341.20466216,52.51720824,6.43,1.541
112305,341.22075100,39.20102699,6.47,1.498
112324,341.26512922,58.14704973,6.45,0.430
112358,341.36740255,19.36656127,6.27,1.057
112368,341.39361945,30.44255721,6.37,0.933
112374,341.40784202,-53.50012101,4.84,1.180
112381,341.41992749,-46.54732760,5.52,1.302
112405,341.51461617,-81.38161517,4.13,0.208
112417,341.54259215,44.54605449,5.84,0.358
112432,341.61788951,-49.68578992,6.49,1.162
112440,341.63282775,23.56565397,3.97,1.070
112447,341.67325244,12.17288788,4.20,0.502
112501,341.82984054,-34.16172167,6.28,1.145
112508,341.84682788,58.48303104,6.33,0.017
112519,341.87109651,83.15383033,4.77,1.257
112529,341.88801764,-19.61337502,5.24,0.941
112533,341.89859357,-65.56025217,6.49,1.208
112542,341.92820178,-14.05642835,5.68,-0.016
112567,341.98417501,-25.91202804,6.31,0.913
112590,342.04598204,37.41668797,5.82,1.024
112603,342.08910406,-61.68436401,6.36,1.059
112615,342.12587374,-10.55547823,6.19,0.274
112623,342.13874318,-51.31686379,3.49,0.083
112635,342.18440608,62.93841060,6.07,1.194
112641,342.19957185,54.41489198,6.14,-0.083
112670,342.25361510,68.57022771,6.19,0.440
112694,342.32279515,-70.34798192,6.35,0.071
112716,342.39792615,-13.59263187,4.05,1.570
112724,342.42006922,66.20040770,3.50,1.053
112731,342.44298077,55.90277673,5.43,1.167
112746,342.49675647,-32.80545715,6.34,0.317
112748,342.50080334,24.60157928,3.51,0.933
112761,342.54205935,50.67691716,6.23,1.129
112778,342.59072879,41.95339370,5.91,0.062
112781,342.59506056,-80.12384547,5.32,-0.126
112832,342.75899760,-39.15683359,5.43,1.444
112833,342.76263737,85.37373901,5.89,1.340
112862,342.83724717,-29.53630903,5.99,0.907
112864,342.84428260,61.69674047,5.61,0.775
112895,342.93729792,-59.88135857,6.47,1.132
112917,343.00847896,43.31241729,4.95,1.559
112924,343.04172418,-63.18866712,6.14,1.025
112935,343.10031448,9.83566452,5.16,0.487
112948,343.13139485,-32.87550403,4.46,-0.037
112961,343.15364976,-7.57959928,3.73,1.626
112986,343.21770379,50.41228499,6.46,-0.047
112997,343.25944136,16.84119400,5.86,1.132
112998,343.26576937,60.10102871,6.01,1.748
113009,343.29740462,40.16736150,6.33,-0.074
113031,343.36960354,-11.61651418,5.80,-0.082
113044,343.40804766,-48.59828565,6.03,0.621
113048,343.41731794,44.74916327,5.79,0.282
113080,343.52353765,-19.17514904,6.37,1.515
113084,343.52910470,40.37690660,5.82,1.136
113116,343.60403032,84.34617662,4.70,1.418
113127,343.64217325,-7.20462576,6.20,1.284
113131,343.64844668,16.94183368,6.39,1.729
113136,343.66255214,-15.82082024,3.27,0.066
113137,343.66451350,-70.07370875,6.04,0.660
113148,343.68945382,-16.27195737,5.53,1.111
113167,343.74785823,1.06490449,6.11,0.192
113174,343.76103611,37.07682727,5.91,0.397
113184,343.79567219,-4.98789888,5.72,0.881
113186,343.80696948,8.81616592,4.91,-0.003
113189,343.81209991,-36.38857905,6.40,1.313
113204,343.87748139,-20.13940360,6.36,1.429
113222,343.93544836,36.35138990,5.73,-0.051
113234,343.96472076,-31.63323133,6.09,1.358
113246,343.98708130,-32.53962827,4.20,0.952
113281,344.09845920,41.60387594,5.60,-0.149
113283,344.10022048,-31.56556726,6.48,1.094
113288,344.10832803,49.73354396,4.99,1.778
113307,344.19916346,-47.96922144,5.72,0.226
113327,344.26875958,48.68406797,5.34,-0.102
113345,344.32164841,-4.81009477,6.31,0.948
113357,344.36658526,20.76883227,5.45,0.666
113360,344.38668438,3.81024148,6.28,1.122
113368,344.41269372,-29.62223615,1.17,0.145
113371,344.41974400,39.30877675,6.17,-0.148
113421,344.56475554,-2.39538507,6.17,0.744
113433,344.59858942,-1.41020888,6.38,0.366
113445,344.64617352,9.35685867,6.43,0.640
113447,344.64586141,-35.52323126,6.15,0.582
113465,344.67760859,7.34007440,6.35,0.052
113498,344.78752384,59.81465465,6.46,0.012
113501,344.79308785,52.65452968,6.31,1.414
113503,344.79922339,11.72884358,5.76,0.293
113521,344.86439619,0.96292709,5.43,0.982
113531,344.89863884,-13.07089513,6.12,1.459
113532,344.89899254,-29.46231100,5.51,0.271
113561,345.02125312,56.94537380,5.10,1.011
113562,345.02411980,-25.16418002,5.66,1.253
113593,345.10266524,-25.62684656,6.30,1.124
113610,345.15794795,0.18586574,6.22,0.892
113622,345.17875200,3.01180506,5.85,1.343
113638,345.22004840,-52.75413700,4.11,0.960
113657,345.28157612,-50.95002843,5.68,1.411
113669,345.33077674,-28.85396037,5.55,1.349
113673,345.34601946,-22.79089133,6.27,0.126
113674,345.34850661,-7.06115263,6.23,1.418
113684,345.37797731,57.10545766,6.24,1.499
113686,345.38212585,-4.71146131,5.94,0.992
113705,345.43158804,3.53091001,6.44,0.970
113726,345.48026764,42.32597924,3.62,-0.099
113750,345.54718803,44.57285832,6.43,0.959
113781,345.63565244,-6.57400853,6.18,1.590
113784,345.64208268,-36.42088042,6.46,0.938
113788,345.65158819,42.75779461,5.09,0.094
113801,345.68438225,-20.87071170,5.97,0.946
113802,345.68812236,44.05875048,6.37,-0.020
113852,345.83910427,58.56385420,6.43,0.898
113860,345.87423393,-34.74941192,5.12,0.305
113864,345.88701295,67.20920976,5.25,1.248
113881,345.94357301,28.08278909,2.44,1.655
113889,345.96922513,3.82004536,4.48,-0.115
113902,345.99849674,-41.47889600,5.79,1.069
113904,346.00324334,6.61633825,6.42,0.417
113919,346.04576333,50.05209060,4.64,1.058
113957,346.16511402,-53.96490515,5.37,1.453
113963,346.19022409,15.20526442,2.49,-0.002
113969,346.21758641,-68.82022566,5.53,0.395
113994,346.27618296,16.56283690,6.43,0.886
113996,346.29078154,-7.69380135,5.44,0.312
113998,346.30355417,-17.07925022,6.15,1.370
114005,346.32346971,1.30712743,6.39,0.928
114081,346.57558426,18.51776541,6.16,0.482
114096,346.63285586,19.91085285,6.44,0.544
114104,346.65340667,59.41975995,4.84,-0.060
114119,346.67018938,-23.74311551,4.48,0.892
114131,346.71970652,-43.52035834,4.28,0.423
114132,346.72343754,-38.89229267,5.62,0.006
114144,346.75108260,9.40949158,4.54,1.559
114152,346.77096746,35.63649124,6.38,1.158
114155,346.77808067,25.46825863,4.76,1.285
114159,346.78933563,-49.60613491,6.33,1.452
114162,346.79189486,52.81660071,6.12,1.060
114163,346.79355275,59.72739405,6.41,-0.030
114167,346.81155017,-50.68668135,5.81,0.486
114187,346.86551793,32.82534506,6.13,0.137
114189,346.86964590,21.13425059,5.97,0.259
114200,346.91361488,46.38723089,5.30,1.409
114210,346.93910045,49.29577594,5.68,0.449
114212,346.94894189,63.63346584,6.25,-0.025
114222,346.97438076,75.38749619,4.41,0.802
114227,346.98836274,64.22253251,6.21,1.084
114254,347.08778156,-28.82369660,5.60,0.882
114258,347.09933160,-79.48068866,6.11,0.145
114268,347.14831828,-73.58611636,6.18,1.419
114273,347.17050600,2.12788289,5.42,0.908
114341,347.36165473,-21.17240960,3.68,1.202
114347,347.38107089,8.67716066,5.05,1.484
114365,347.43391109,59.33269206,5.68,0.315
114366,347.43596045,-28.08857186,5.88,1.311
114367,347.43638636,-67.87628435,6.47,0.394
114371,347.45645832,-14.51055161,6.43,0.010
114375,347.47874826,-22.45761141,4.71,0.674
114382,347.48901320,-42.86129195,5.83,0.475
114389,347.50608572,9.82208227,5.39,-0.068
114407,347.54056645,-40.59154707,5.90,1.565
114408,347.55140169,-66.85764435,6.47,0.956
114421,347.58974022,-45.24671132,3.88,0.998
114430,347.61333692,43.54423191,5.91,0.450
114449,347.67765316,17.59437171,5.68,1.330
114520,347.93412317,8.72011558,5.15,0.139
114526,347.95496014,26.84730825,6.19,0.937
114550,348.05220993,-80.91269977,6.43,1.498
114570,348.13751419,49.40620718,4.53,0.302
114607,348.26660781,29.44152471,6.34,0.924
114622,348.32073073,57.16835504,5.57,1.000
114641,348.36042925,11.06500132,5.85,1.004
114686,348.49733580,19.63389850,6.47,1.151
114699,348.52744398,-62.70000367,6.12,0.787
114714,348.55993879,50.61789110,6.32,-0.005
114724,348.58066516,-6.04900282,4.22,1.545
114725,348.59048688,29.77183150,6.41,0.448
114742,348.65204965,24.10289805,6.36,1.167
114745,348.65460566,74.23126835,5.89,-0.010
114750,348.66738718,-10.68871499,6.13,1.504
114775,348.74425044,-41.10539698,5.77,1.160
114822,348.89274024,-3.49638036,5.56,0.062
114831,348.90724193,70.88807986,5.55,0.263
114855,348.97289447,-9.08773691,4.24,1.107
114921,349.16579571,-44.48916572,5.92,1.053
114924,349.17626317,53.21347563,5.58,0.556
114937,349.20762455,-41.19439528,6.49,1.070
114939,349.21224791,-7.72650369,4.93,1.613
114948,349.24036261,-62.00119795,5.64,0.521
114969,349.28648893,-28.43827339,6.24,1.556
114971,349.29140788,3.28228889,3.70,0.916
114981,349.31947281,45.16416699,6.44,1.077
114984,349.32873798,75.29902523,6.35,0.049
114996,349.35738890,-58.23573417,3.99,0.410
115015,349.41701297,-11.71294241,6.33,0.058
115022,349.43602907,49.01529974,4.82,1.668
115033,349.47589677,-9.18251333,4.41,-0.144
115036,349.48338028,45.48892393,6.48,-0.037
115054,349.54118494,-40.82436098,5.54,0.445
115062,349.58343942,-67.47117711,6.15,1.356
115065,349.59718419,41.77367574,5.98,0.215
115088,349.65621990,68.11144459,4.75,0.836
115102,349.70600166,-32.53202671,4.41,1.109
115115,349.74031934,-9.61074996,4.99,-0.022
115121,349.76372957,-28.38784627,6.49,1.535
115126,349.77778501,-13.45855162,5.20,0.787
115129,349.78598222,-79.47240955,6.34,0.913
115142,349.84990507,-5.12435206,5.56,0.386
115144,349.85044980,-18.07537644,5.96,1.534
115148,349.86422434,34.79318346,6.32,-0.053
115152,349.87420094,48.62532218,5.44,1.014
115171,349.92314857,48.38093537,6.29,1.123
115178,349.92978002,-33.70805181,6.35,1.308
115191,349.96841131,42.07804427,5.81,1.512
115218,350.05991175,61.97012887,6.39,1.678
115227,350.08576289,5.38130731,5.05,1.204
115245,350.14390028,62.21326403,6.41,1.605
115250,350.15934413,23.74033698,4.58,0.180
115257,350.17036405,-5.90797515,6.17,1.089
115261,350.18374343,44.11616721,6.25,0.152
115271,350.20648672,30.41492110,5.58,1.501
115272,350.20907979,-50.30655888,6.04,0.423
115280,350.22193691,38.18232620,5.77,0.468
115312,350.31457565,-26.98676884,5.65,0.817
115355,350.47888787,31.81246462,5.35,-0.101
115389,350.61907963,25.91848334,6.38,1.540
115395,350.63555299,60.13348533,5.56,1.679
115404,350.66322094,-15.03933761,5.19,0.203
115407,350.66880092,20.82871627,6.28,-0.033
115433,350.73656423,-60.05584286,6.08,1.603
115438,350.74261152,-20.10058008,3.96,1.082
115444,350.76903540,12.31391022,5.09,1.315
115476,350.88311152,0.29132502,6.33,1.583
115496,350.93926462,-43.12442945,6.12,1.464
115510,350.97717135,-53.80874001,6.13,0.258
115522,351.01658532,-21.77441137,6.46,0.433
115528,351.03274970,-18.68800642,6.18,1.020
115530,351.03695066,41.61287361,6.37,1.702
115537,351.05525267,-51.89117428,5.75,1.611
115590,351.20942663,62.28280657,4.96,1.676
115591,351.21180130,32.38488166,5.56,-0.075
115620,351.33110675,-56.84898545,5.60,1.063
115623,351.34493397,23.40410107,4.42,0.617
115669,351.51160877,-20.64201427,4.38,1.460
115709,351.64781054,-21.74083609,6.43,1.036
115713,351.65240096,-52.72160286,5.53,0.409
115738,351.73314692,1.25560806,4.95,0.036
115746,351.75364161,87.30750398,5.56,0.250
115755,351.78083509,42.91201008,5.75,-0.007
115756,351.78095552,-66.58088591,6.47,1.455
115759,351.78795045,-50.15724408,6.22,-0.080
115768,351.81163501,1.12260947,6.26,1.013
115769,351.81246876,-58.47611022,5.63,0.983
115770,351.81928389,70.35978246,5.60,0.163
115806,351.91827729,25.16728105,5.99,-0.066
115830,351.99206304,6.37899212,4.27,1.062
115833,352.00287522,-35.54448482,6.34,1.201
115836,352.01576252,-87.48221392,5.50,1.278
115839,352.02164776,-11.44975239,6.37,0.902
115906,352.25276610,-9.26610405,6.20,1.438
115907,352.25344182,-44.49806825,6.43,1.177
115908,352.25408607,-63.11065587,5.66,-0.142
115915,352.27365677,23.04808355,6.45,1.088
115919,352.28873314,12.76055363,4.54,0.939
115945,352.36244596,-1.79121290,6.35,1.125
115953,352.38367205,-4.53274709,6.26,1.123
115990,352.50808479,58.54892004,4.89,-0.122
115996,352.53089266,49.13314479,6.19,1.464
116030,352.66483906,38.66225356,6.07,0.992
116060,352.75475551,-6.28808158,6.39,1.259
116076,352.82255801,39.23619816,5.22,1.029
116097,352.86232903,-44.84357901,6.02,1.014
116106,352.88126241,-4.08740554,6.50,0.531
116118,352.92517184,-21.36945756,6.24,0.319
116119,352.92929024,28.40348878,6.41,0.035
116146,352.98986000,-1.08588504,6.39,1.177
116187,353.12095837,23.84360940,6.41,1.492
116231,353.24274717,-37.81826761,4.38,-0.095
116247,353.31926464,-20.91450406,4.70,0.020
116250,353.33161416,-77.38532738,5.82,0.681
116264,353.36705724,22.49877472,5.33,1.481
116292,353.42912982,45.05810003,6.25,0.986
116307,353.48121373,20.84093363,6.10,1.654
116310,353.48828170,31.32527712,4.97,1.383
116323,353.53757180,-1.24756716,5.91,0.299
116354,353.65640507,40.23644119,5.55,0.096
116355,353.65918103,33.49732855,5.63,1.042
116365,353.69475995,38.02399984,6.18,1.586
116368,353.70566996,-15.24600541,5.95,1.350
116380,353.74600097,71.64204313,5.86,1.681
116389,353.76901673,-42.61507485,4.69,0.078
116422,353.86907564,1.31314174,6.47,1.151
116428,353.88363404,-7.46443108,6.40,0.874
116465,353.98309229,24.56101213,6.44,1.703
116495,354.09702465,2.10222234,5.68,0.449
116505,354.12713500,32.90421461,6.35,0.459
116582,354.38351483,44.42899400,5.81,-0.064
116584,354.39101047,46.45815183,3.81,0.984
116591,354.41483272,-13.06024332,5.66,1.025
116592,354.41559445,16.82549524,6.26,0.025
116602,354.46247793,-45.49235133,4.74,0.082
116611,354.48667770,18.40066705,5.49,0.010
116624,354.51262759,-15.09510807,6.38,1.078
116631,354.53417222,43.26807316,4.29,-0.083
116653,354.59954467,-76.86955231,5.99,0.907
116709,354.78471691,50.47173289,5.35,-0.061
116714,354.79240042,75.29288242,5.95,0.124
116727,354.83687081,77.63227593,3.21,1.031
116728,354.83812151,74.00262850,5.98,0.889
116737,354.86643327,-46.63779876,6.07,0.240
116758,354.94611664,-14.22217790,4.97,0.257
116768,354.97933479,9.67729366,5.99,0.212
116771,354.98767042,5.62629159,4.13,0.507
116781,355.01174061,37.65264371,6.49,0.355
116805,355.10211725,44.33393168,4.15,-0.071
116820,355.15895489,-32.07312485,5.30,0.965
116824,355.16931945,36.72076780,6.24,0.424
116853,355.28713295,-11.68065460,5.89,0.984
116876,355.36160552,49.51241315,6.26,0.182
116889,355.39370320,-18.02707702,5.36,1.580
116901,355.44085819,-17.81653300,4.82,0.822
116912,355.47734334,57.25995365,6.24,1.025
116918,355.48620772,7.25054640,5.89,0.101
116928,355.51169238,1.78004078,4.49,0.200
116941,355.56111296,44.99171506,6.43,1.500
116957,355.61592955,-15.44803278,5.27,1.344
116962,355.63106411,61.67936337,6.40,1.250
116971,355.68060053,-14.54490474,4.49,-0.032
116972,355.68276089,16.33571898,6.30,0.970
116991,355.77106779,51.93933463,6.44,1.034
117020,355.84316420,10.33153622,5.09,1.692
117073,355.99785769,29.36145366,4.93,0.935
117075,356.00550378,-45.08312316,6.08,0.978
117088,356.05018990,-64.40445105,5.73,1.393
117089,356.05032979,-18.27693776,5.24,-0.084
117105,356.10596416,-70.49022653,6.06,0.910
117107,356.12109676,-26.24663156,6.23,0.495
117125,356.17019587,-78.79144185,5.74,1.108
117133,356.20165429,55.79968666,6.46,0.992
117218,356.50384755,-18.67834004,5.28,0.299
117219,356.50523721,-40.18256515,6.32,0.210
117221,356.50852746,46.42027576,4.97,1.086
117245,356.59798525,3.48681088,4.95,2.508
117265,356.65306792,66.78224457,5.95,-0.049
117299,356.75799600,57.45135891,5.55,1.630
117301,356.76439475,58.65198943,4.88,1.122
117314,356.81630223,-11.91112638,5.74,1.068
117315,356.81664902,-50.22646074,5.18,-0.164
117340,356.88770682,46.83256436,6.08,-0.135
117371,356.97820895,67.80680804,5.05,0.007
117375,356.98559580,-2.76159766,5.49,0.941
117420,357.13533431,-6.38042609,6.09,1.452
117430,357.16272585,64.87645015,6.41,0.062
117445,357.20569039,2.21441322,6.47,0.461
117447,357.20904741,62.21451644,5.43,0.670
117450,357.22486239,59.97897018,6.33,-0.007
117452,357.23144200,-28.13026767,4.59,0.001
117472,357.29968676,58.96320203,6.36,0.408
117491,357.36448143,1.07613150,5.77,0.167
117494,357.38170486,-15.86127739,6.21,1.212
117500,357.41414295,28.84238892,5.95,0.187
117503,357.42066759,36.42528092,5.86,0.806
117510,357.45664005,-25.33133564,6.44,0.097
117541,357.56137939,-9.97413654,5.93,1.133
117551,357.59264023,51.62166264,6.47,0.403
117567,357.63869172,-14.40149013,5.70,1.488
117571,357.64849345,-47.37694247,6.49,1.025
117628,357.83853618,9.31335071,5.77,1.661
117629,357.83890925,-18.90916324,5.17,-0.122
117683,357.99099510,2.93038438,5.59,1.527
117689,358.02703204,-82.01881847,5.10,0.934
117710,358.09746015,21.67109938,6.13,1.616
117712,358.10549902,75.54458823,6.36,0.977
117718,358.12203413,19.12028685,5.06,1.587
117722,358.12496038,-14.25121716,5.85,1.252
117730,358.15460249,10.94731984,5.30,0.186
117756,358.21053649,-8.99675595,5.76,1.171
117761,358.23152256,-3.15548162,5.93,1.069
117774,358.26982140,2.09062504,6.29,-0.003
117797,358.33685337,-24.22925697,6.23,0.188
117860,358.58920001,-27.04290743,6.34,0.197
117863,358.59596834,57.49938213,4.51,1.190
117880,358.66092286,-40.30006238,6.03,0.572
117887,358.69426402,0.10930873,5.78,1.466
117927,358.78246667,7.07097206,6.22,-0.066
117931,358.81911154,-31.92146718,6.09,-0.093
117956,358.88948130,47.35580364,6.01,1.170
117957,358.89099897,57.41216767,6.03,0.155
117986,358.97783649,15.23029084,6.45,1.560
118029,359.12478034,-24.73721798,6.31,0.921
118048,359.17292154,22.64809126,6.18,1.635
118071,359.26513357,42.65823195,6.01,0.712
118076,359.28399346,-26.62344636,6.26,1.452
118077,359.28530288,55.70570548,5.57,0.478
118081,359.29213855,-20.83364273,6.45,0.979
118092,359.33287791,-62.95658371,5.95,0.101
118114,359.38697921,-82.16980448,5.72,1.055
118116,359.38971997,60.02359975,6.47,0.029
118121,359.39615753,-64.29823110,5.00,0.060
118131,359.43969320,25.14140097,4.63,1.584
118178,359.58843542,-15.84748414,6.28,1.079
118209,359.66823972,-3.55598321,4.88,0.930
118234,359.73241378,-52.74580691,5.13,1.121
118243,359.75224729,55.75492832,4.88,-0.071
118268,359.82787346,6.86332112,4.03,0.419
118277,359.86623505,-29.48516767,5.59,1.599
118281,359.87205182,33.72387779,5.81,0.539
118322,359.97907782,-65.57713201,4.49,-0.075
